494,0.222
494,0.2260000000008149
494,0.23000000000162982
494,0.23400000000244472
494,0.23800000000325963
494,0.24200000000407454
494,0.24600000000488945
494,0.2500000000057043
494,0.25400000000651923
495,0.25800000000733414
495,0.26200000000814905
495,0.26600000000896395
495,0.27000000000977886
495,0.27400000001059377
496,0.2780000000114087
496,0.2820000000122236
496,0.2860000000130385
496,0.2900000000138534
496,0.2940000000146683
497,0.2980000000154832
497,0.3020000000162981
498,0.306000000017113
499,0.31000000001792793
499,0.31400000001874284
499,0.31800000001955775
500,0.32200000002037266
500,0.32600000002118756
501,0.33000000002200247
502,0.3340000000228174
502,0.3380000000236323
503,0.3420000000244472
503,0.3460000000252621
504,0.350000000026077
505,0.3540000000268919
506,0.3580000000277068
506,0.36200000002852173
507,0.36600000002933664
508,0.37000000003015154
508,0.37400000003096645
508,0.37800000003178136
509,0.38200000003259627
509,0.3860000000334112
509,0.3900000000342261
509,0.394000000035041
508,0.3980000000358559
508,0.4020000000366708
507,0.4060000000374857
505,0.4100000000383006
504,0.4140000000391155
502,0.41800000003993043
500,0.42200000004074534
498,0.42600000004156025
497,0.43000000004237515
496,0.43400000004319006
495,0.43800000004400497
494,0.4420000000448199
493,0.4460000000456348
493,0.4500000000464497
492,0.4540000000472646
492,0.4580000000480795
491,0.4620000000488944
491,0.4660000000497093
491,0.4700000000505242
491,0.47400000000040743
491,0.47800000000122234
491,0.48200000000203724
491,0.48600000000285215
491,0.49000000000366706
491,0.49400000000448197
491,0.4980000000052969
491,0.5020000000061118
491,0.5060000000069267
491,0.5100000000077416
491,0.5140000000085565
491,0.5180000000093714
492,0.5220000000101863
492,0.5260000000110012
492,0.5300000000118161
492,0.534000000012631
492,0.538000000013446
491,0.5420000000142609
491,0.5460000000150758
491,0.5500000000158907
491,0.5540000000167056
492,0.5580000000175205
492,0.5620000000183354
492,0.5660000000191503
492,0.5700000000199652
492,0.5740000000207801
492,0.578000000021595
492,0.5820000000224099
492,0.5860000000232248
492,0.5900000000240397
492,0.5940000000248546
492,0.5980000000256696
492,0.6020000000264845
492,0.6060000000272994
492,0.6100000000281143
492,0.6140000000289292
492,0.6180000000297441
492,0.622000000030559
492,0.6260000000313739
492,0.6300000000321888
492,0.6340000000330037
492,0.6380000000338186
492,0.6420000000346335
492,0.6460000000354484
492,0.6500000000362633
492,0.6540000000370783
492,0.6580000000378932
492,0.6620000000387081
492,0.666000000039523
491,0.6700000000403379
491,0.6740000000411528
491,0.6780000000419677
492,0.6820000000427826
492,0.6860000000435975
492,0.6900000000444124
492,0.6940000000452273
492,0.6980000000460422
492,0.7020000000468571
492,0.706000000047672
491,0.710000000048487
491,0.7140000000493019
491,0.7180000000501168
492,0.7220000000509317
492,0.7260000000008149
492,0.7300000000016298
492,0.7340000000024447
492,0.7380000000032596
492,0.7420000000040745
492,0.7460000000048894
492,0.7500000000057043
493,0.7540000000065192
493,0.7580000000073341
494,0.762000000008149
494,0.766000000008964
494,0.7700000000097789
494,0.7740000000105938
493,0.7780000000114087
493,0.7820000000122236
492,0.7860000000130385
492,0.7900000000138534
491,0.7940000000146683
491,0.7980000000154832
492,0.8020000000162981
492,0.806000000017113
492,0.8100000000179279
492,0.8140000000187428
492,0.8180000000195577
492,0.8220000000203727
492,0.8260000000211876
492,0.8300000000220025
492,0.8340000000228174
492,0.8380000000236323
491,0.8420000000244472
490,0.8460000000252621
491,0.850000000026077
494,0.8540000000268919
500,0.8580000000277068
512,0.8620000000285217
525,0.8660000000293366
536,0.8700000000301515
540,0.8740000000309665
534,0.8780000000317814
518,0.8820000000325963
500,0.8860000000334112
485,0.8900000000342261
478,0.894000000035041
478,0.8980000000358559
483,0.9020000000366708
489,0.9060000000374857
492,0.9100000000383006
493,0.9140000000391155
493,0.9180000000399304
493,0.9220000000407453
493,0.9260000000415602
493,0.9300000000423752
493,0.9340000000431901
493,0.938000000044005
493,0.9420000000448199
493,0.9460000000456348
493,0.9500000000464497
493,0.9540000000472646
493,0.9580000000480795
493,0.9620000000488944
494,0.9660000000497093
494,0.9700000000505242
494,0.9740000000513391
494,0.9740000000004074
494,0.9780000000012223
494,0.9820000000020372
494,0.9860000000028522
494,0.9900000000036671
495,0.994000000004482
495,0.9980000000052969
495,1.0020000000061118
496,1.0060000000069267
496,1.0100000000077416
496,1.0140000000085565
496,1.0180000000093714
497,1.0220000000101863
497,1.0260000000110012
498,1.0300000000118161
498,1.034000000012631
499,1.038000000013446
500,1.0420000000142609
500,1.0460000000150758
501,1.0500000000158907
501,1.0540000000167056
502,1.0580000000175205
502,1.0620000000183354
503,1.0660000000191503
504,1.0700000000199652
505,1.07400000002078
506,1.078000000021595
506,1.08200000002241
507,1.0860000000232248
507,1.0900000000240397
507,1.0940000000248546
508,1.0980000000256696
508,1.1020000000264845
508,1.1060000000272994
509,1.1100000000281143
508,1.1140000000289292
508,1.118000000029744
507,1.122000000030559
506,1.126000000031374
504,1.1300000000321888
503,1.1340000000330037
501,1.1380000000338186
499,1.1420000000346335
498,1.1460000000354484
496,1.1500000000362633
495,1.1540000000370783
494,1.1580000000378932
493,1.162000000038708
493,1.166000000039523
492,1.1700000000403379
491,1.1740000000411528
491,1.1780000000419677
491,1.1820000000427826
490,1.1860000000435975
490,1.1900000000444124
491,1.1940000000452273
491,1.1980000000460422
491,1.2020000000468571
491,1.206000000047672
491,1.210000000048487
491,1.2140000000493019
491,1.2180000000501168
491,1.2220000000509317
491,1.2260000000008149
491,1.2300000000016298
491,1.2340000000024447
491,1.2380000000032596
491,1.2420000000040745
491,1.2460000000048894
491,1.2500000000057043
491,1.2540000000065192
491,1.2580000000073341
491,1.262000000008149
491,1.266000000008964
491,1.2700000000097789
492,1.2740000000105938
492,1.2780000000114087
492,1.2820000000122236
492,1.2860000000130385
492,1.2900000000138534
492,1.2940000000146683
491,1.2980000000154832
491,1.3020000000162981
491,1.306000000017113
491,1.310000000017928
492,1.3140000000187428
492,1.3180000000195577
492,1.3220000000203727
492,1.3260000000211876
492,1.3300000000220025
492,1.3340000000228174
491,1.3380000000236323
491,1.3420000000244472
491,1.346000000025262
491,1.350000000026077
492,1.354000000026892
492,1.3580000000277068
492,1.3620000000285217
492,1.3660000000293366
492,1.3700000000301515
491,1.3740000000309665
491,1.3780000000317814
491,1.3820000000325963
491,1.3860000000334112
491,1.390000000034226
492,1.394000000035041
492,1.398000000035856
492,1.4020000000366708
492,1.4060000000374857
491,1.4100000000383006
491,1.4140000000391155
491,1.4180000000399304
491,1.4220000000407453
491,1.4260000000415602
491,1.4300000000423752
492,1.43400000004319
492,1.438000000044005
493,1.4420000000448199
493,1.4460000000456348
493,1.4500000000464497
492,1.4540000000472646
492,1.4580000000480795
492,1.4620000000488944
493,1.4660000000497093
493,1.4700000000505242
493,1.4740000000513391
494,1.4780000000012223
494,1.4820000000020372
494,1.4860000000028522
494,1.490000000003667
493,1.494000000004482
493,1.4980000000052969
492,1.5020000000061118
492,1.5060000000069267
492,1.5100000000077416
492,1.5140000000085565
492,1.5180000000093714
492,1.5220000000101863
492,1.5260000000110012
492,1.5300000000118161
492,1.534000000012631
492,1.538000000013446
492,1.5420000000142609
492,1.5460000000150758
492,1.5500000000158907
492,1.5540000000167056
491,1.5580000000175205
490,1.5620000000183354
492,1.5660000000191503
498,1.5700000000199652
508,1.57400000002078
521,1.578000000021595
534,1.58200000002241
541,1.5860000000232248
539,1.5900000000240397
526,1.5940000000248546
507,1.5980000000256696
490,1.6020000000264845
479,1.6060000000272994
478,1.6100000000281143
482,1.6140000000289292
487,1.618000000029744
492,1.622000000030559
493,1.626000000031374
493,1.6300000000321888
493,1.6340000000330037
493,1.6380000000338186
493,1.6420000000346335
493,1.6460000000354484
493,1.6500000000362633
493,1.6540000000370783
493,1.6580000000378932
493,1.662000000038708
493,1.666000000039523
493,1.6700000000403379
493,1.6740000000411528
494,1.6780000000419677
494,1.6820000000427826
494,1.6860000000435975
494,1.6900000000444124
494,1.6940000000452273
494,1.6980000000460422
494,1.7020000000468571
495,1.706000000047672
495,1.710000000048487
495,1.7140000000493019
495,1.7180000000501168
496,1.7220000000509317
496,1.7260000000517466
496,1.7300000000016298
497,1.7340000000024447
497,1.7380000000032596
497,1.7420000000040745
498,1.7460000000048894
498,1.7500000000057043
499,1.7540000000065192
499,1.7580000000073341
500,1.762000000008149
501,1.766000000008964
502,1.7700000000097789
502,1.7740000000105938
503,1.7780000000114087
503,1.7820000000122236
504,1.7860000000130385
505,1.7900000000138534
505,1.7940000000146683
506,1.7980000000154832
506,1.8020000000162981
507,1.806000000017113
507,1.810000000017928
507,1.8140000000187428
508,1.8180000000195577
508,1.8220000000203727
508,1.8260000000211876
508,1.8300000000220025
508,1.8340000000228174
508,1.8380000000236323
507,1.8420000000244472
505,1.846000000025262
504,1.850000000026077
502,1.854000000026892
500,1.8580000000277068
498,1.8620000000285217
497,1.8660000000293366
495,1.8700000000301515
494,1.8740000000309665
494,1.8780000000317814
493,1.8820000000325963
493,1.8860000000334112
492,1.890000000034226
492,1.894000000035041
491,1.898000000035856
491,1.9020000000366708
491,1.9060000000374857
491,1.9100000000383006
491,1.9140000000391155
491,1.9180000000399304
491,1.9220000000407453
491,1.9260000000415602
491,1.9300000000423752
491,1.93400000004319
491,1.938000000044005
491,1.9420000000448199
491,1.9460000000456348
491,1.9500000000464497
491,1.9540000000472646
491,1.9580000000480795
492,1.9620000000488944
492,1.9660000000497093
492,1.9700000000505242
492,1.9740000000513391
492,1.978000000052154
492,1.9809999999981955
492,1.9849999999990104
492,1.9889999999998254
492,1.9930000000006403
493,1.9970000000014552
493,2.00100000000227
493,2.005000000003085
493,2.0090000000039
492,2.013000000004715
492,2.0170000000055297
492,2.0210000000063446
492,2.0250000000071595
492,2.0290000000079744
492,2.0330000000087893
492,2.0370000000096042
493,2.041000000010419
493,2.045000000011234
493,2.049000000012049
492,2.053000000012864
492,2.0570000000136788
492,2.0610000000144937
492,2.0650000000153086
492,2.0690000000161235
492,2.0730000000169384
492,2.0770000000177533
492,2.081000000018568
493,2.085000000019383
493,2.089000000020198
493,2.093000000021013
492,2.097000000021828
492,2.1010000000226428
492,2.1050000000234577
492,2.1090000000242726
492,2.1130000000250875
492,2.1170000000259024
492,2.1210000000267173
493,2.125000000027532
493,2.129000000028347
492,2.133000000029162
492,2.137000000029977
492,2.141000000030792
492,2.1450000000316067
492,2.1490000000324216
493,2.1530000000332365
493,2.1570000000340515
493,2.1610000000348664
493,2.1650000000356813
493,2.169000000036496
493,2.173000000037311
493,2.177000000038126
493,2.181000000038941
493,2.185000000039756
494,2.1890000000405707
494,2.1930000000413856
495,2.1970000000422005
495,2.2010000000430154
495,2.2050000000438303
495,2.2090000000446453
495,2.21300000004546
494,2.217000000046275
494,2.22100000004709
494,2.225000000047905
493,2.22900000004872
493,2.232999999998603
493,2.236999999999418
493,2.241000000000233
493,2.2450000000010477
493,2.2490000000018626
493,2.2530000000026775
493,2.2570000000034924
493,2.2610000000043073
493,2.2650000000051222
493,2.269000000005937
493,2.273000000006752
493,2.277000000007567
492,2.281000000008382
492,2.285000000009197
492,2.2890000000100117
495,2.2930000000108266
502,2.2970000000116415
514,2.3010000000124564
528,2.3050000000132713
539,2.3090000000140862
543,2.313000000014901
536,2.317000000015716
520,2.321000000016531
501,2.325000000017346
486,2.3290000000181608
479,2.3330000000189757
479,2.3370000000197906
485,2.3410000000206055
490,2.3450000000214204
493,2.3490000000222353
494,2.35300000002305
494,2.357000000023865
494,2.36100000002468
494,2.365000000025495
494,2.36900000002631
494,2.3730000000271247
493,2.3770000000279397
493,2.3810000000287546
494,2.3850000000295695
494,2.3890000000303844
494,2.3930000000311993
495,2.397000000032014
495,2.401000000032829
495,2.405000000033644
495,2.409000000034459
495,2.413000000035274
495,2.4170000000360887
495,2.4210000000369036
495,2.4250000000377185
495,2.4290000000385334
496,2.4330000000393484
496,2.4370000000401633
496,2.441000000040978
497,2.445000000041793
497,2.449000000042608
497,2.453000000043423
497,2.457000000044238
497,2.4610000000450527
497,2.4650000000458676
498,2.4690000000466825
498,2.4730000000474974
499,2.4770000000483123
500,2.4810000000491272
500,2.4849999999990104
501,2.4889999999998254
502,2.4930000000006403
502,2.497000000001455
503,2.50100000000227
503,2.505000000003085
504,2.5090000000039
505,2.513000000004715
506,2.5170000000055297
506,2.5210000000063446
507,2.5250000000071595
507,2.5290000000079744
507,2.5330000000087893
508,2.5370000000096042
508,2.541000000010419
508,2.545000000011234
509,2.549000000012049
509,2.553000000012864
509,2.5570000000136788
508,2.5610000000144937
507,2.5650000000153086
506,2.5690000000161235
505,2.5730000000169384
503,2.5770000000177533
501,2.581000000018568
499,2.585000000019383
498,2.589000000020198
496,2.593000000021013
495,2.597000000021828
494,2.6010000000226428
493,2.6050000000234577
493,2.6090000000242726
492,2.6130000000250875
492,2.6170000000259024
492,2.6210000000267173
491,2.625000000027532
491,2.629000000028347
491,2.633000000029162
491,2.637000000029977
491,2.641000000030792
491,2.6450000000316067
491,2.6490000000324216
491,2.6530000000332365
491,2.6570000000340515
491,2.6610000000348664
491,2.6650000000356813
491,2.669000000036496
491,2.673000000037311
491,2.677000000038126
491,2.681000000038941
491,2.685000000039756
491,2.6890000000405707
491,2.6930000000413856
491,2.6970000000422005
491,2.7010000000430154
491,2.7050000000438303
492,2.7090000000446453
492,2.71300000004546
492,2.717000000046275
492,2.72100000004709
492,2.725000000047905
491,2.72900000004872
491,2.7330000000495347
491,2.736999999999418
491,2.741000000000233
491,2.7450000000010477
492,2.7490000000018626
492,2.7530000000026775
492,2.7570000000034924
492,2.7610000000043073
492,2.7650000000051222
492,2.769000000005937
491,2.773000000006752
491,2.777000000007567
491,2.781000000008382
491,2.785000000009197
491,2.7890000000100117
491,2.7930000000108266
491,2.7970000000116415
492,2.8010000000124564
492,2.8050000000132713
491,2.8090000000140862
491,2.813000000014901
491,2.817000000015716
491,2.821000000016531
491,2.825000000017346
491,2.8290000000181608
491,2.8330000000189757
491,2.8370000000197906
491,2.8410000000206055
491,2.8450000000214204
491,2.8490000000222353
491,2.85300000002305
491,2.857000000023865
491,2.86100000002468
491,2.865000000025495
491,2.86900000002631
491,2.8730000000271247
491,2.8770000000279397
491,2.8810000000287546
491,2.8850000000295695
492,2.8890000000303844
492,2.8930000000311993
491,2.897000000032014
491,2.901000000032829
491,2.905000000033644
491,2.909000000034459
491,2.913000000035274
492,2.9170000000360887
492,2.9210000000369036
493,2.9250000000377185
493,2.9290000000385334
493,2.9330000000393484
493,2.9370000000401633
493,2.941000000040978
492,2.945000000041793
492,2.949000000042608
491,2.953000000043423
491,2.957000000044238
491,2.9610000000450527
491,2.9650000000458676
491,2.9690000000466825
491,2.9730000000474974
491,2.9770000000483123
491,2.9810000000491272
491,2.985000000049942
491,2.993999999997206
491,2.997999999998021
491,3.001999999998836
491,3.0059999999996507
491,3.0100000000004656
490,3.0140000000012805
489,3.0180000000020955
491,3.0220000000029104
495,3.0260000000037253
504,3.03000000000454
517,3.034000000005355
530,3.03800000000617
540,3.042000000006985
539,3.0460000000078
529,3.0500000000086147
511,3.0540000000094296
492,3.0580000000102445
480,3.0620000000110594
475,3.0660000000118743
478,3.0700000000126892
484,3.074000000013504
490,3.078000000014319
492,3.082000000015134
492,3.086000000015949
492,3.090000000016764
491,3.0940000000175787
491,3.0980000000183936
491,3.1020000000192085
491,3.1060000000200234
492,3.1100000000208383
492,3.1140000000216532
492,3.118000000022468
492,3.122000000023283
492,3.126000000024098
492,3.130000000024913
492,3.1340000000257278
492,3.1380000000265427
492,3.1420000000273576
493,3.1460000000281725
493,3.1500000000289874
493,3.1540000000298023
493,3.158000000030617
493,3.162000000031432
494,3.166000000032247
494,3.170000000033062
494,3.174000000033877
494,3.1780000000346917
494,3.1820000000355066
495,3.1860000000363216
495,3.1900000000371365
496,3.1940000000379514
496,3.1980000000387663
497,3.202000000039581
497,3.206000000040396
497,3.210000000041211
498,3.214000000042026
498,3.218000000042841
499,3.2220000000436557
499,3.2260000000444706
500,3.2300000000452855
500,3.2340000000461004
501,3.2380000000469153
502,3.2420000000477303
503,3.2459999999976135
504,3.2499999999984284
504,3.2539999999992433
505,3.258000000000058
505,3.262000000000873
506,3.266000000001688
506,3.270000000002503
507,3.274000000003318
507,3.2780000000041327
507,3.2820000000049476
507,3.2860000000057625
507,3.2900000000065774
506,3.2940000000073923
505,3.2980000000082073
503,3.302000000009022
502,3.306000000009837
500,3.310000000010652
498,3.314000000011467
497,3.318000000012282
495,3.3220000000130967
494,3.3260000000139116
493,3.3300000000147265
492,3.3340000000155414
491,3.3380000000163563
490,3.3420000000171712
490,3.346000000017986
489,3.350000000018801
489,3.354000000019616
489,3.358000000020431
489,3.3620000000212458
489,3.3660000000220607
489,3.3700000000228756
489,3.3740000000236905
489,3.3780000000245054
489,3.3820000000253203
489,3.386000000026135
489,3.39000000002695
489,3.394000000027765
489,3.39800000002858
489,3.402000000029395
489,3.4060000000302098
489,3.4100000000310247
489,3.4140000000318396
489,3.4180000000326545
489,3.4220000000334694
489,3.4260000000342843
489,3.430000000035099
489,3.434000000035914
490,3.438000000036729
490,3.442000000037544
490,3.446000000038359
490,3.4500000000391737
490,3.4540000000399886
490,3.4580000000408035
489,3.4620000000416185
489,3.4660000000424334
489,3.4700000000432483
489,3.474000000044063
490,3.478000000044878
490,3.482000000045693
490,3.486000000046508
490,3.490000000047323
490,3.4940000000481377
490,3.497999999998021
489,3.501999999998836
489,3.5059999999996507
489,3.5100000000004656
489,3.5140000000012805
489,3.5180000000020955
490,3.5220000000029104
490,3.5260000000037253
489,3.53000000000454
489,3.534000000005355
489,3.53800000000617
489,3.542000000006985
489,3.5460000000078
489,3.5500000000086147
489,3.5540000000094296
489,3.5580000000102445
489,3.5620000000110594
489,3.5660000000118743
489,3.5700000000126892
489,3.574000000013504
489,3.578000000014319
489,3.582000000015134
489,3.586000000015949
489,3.590000000016764
489,3.5940000000175787
489,3.5980000000183936
489,3.6020000000192085
489,3.6060000000200234
489,3.6100000000208383
489,3.6140000000216532
489,3.618000000022468
489,3.622000000023283
489,3.626000000024098
489,3.630000000024913
490,3.6340000000257278
490,3.6380000000265427
490,3.6420000000273576
490,3.6460000000281725
490,3.6500000000289874
490,3.6540000000298023
490,3.658000000030617
490,3.662000000031432
490,3.666000000032247
491,3.670000000033062
491,3.674000000033877
491,3.6780000000346917
491,3.6820000000355066
491,3.6860000000363216
491,3.6900000000371365
491,3.6940000000379514
490,3.6980000000387663
490,3.702000000039581
490,3.706000000040396
489,3.710000000041211
489,3.714000000042026
489,3.718000000042841
489,3.7220000000436557
490,3.7260000000444706
490,3.7300000000452855
490,3.7340000000461004
490,3.7380000000469153
489,3.7420000000477303
488,3.746000000048545
487,3.7499999999984284
487,3.7539999999992433
490,3.758000000000058
495,3.762000000000873
505,3.766000000001688
518,3.770000000002503
531,3.774000000003318
539,3.7780000000041327
536,3.7820000000049476
523,3.7860000000057625
505,3.7900000000065774
487,3.7940000000073923
476,3.7980000000082073
474,3.802000000009022
478,3.806000000009837
484,3.810000000010652
489,3.814000000011467
491,3.818000000012282
490,3.8220000000130967
490,3.8260000000139116
490,3.8300000000147265
489,3.8340000000155414
489,3.8380000000163563
490,3.8420000000171712
490,3.846000000017986
490,3.850000000018801
491,3.854000000019616
491,3.858000000020431
491,3.8620000000212458
490,3.8660000000220607
490,3.8700000000228756
490,3.8740000000236905
491,3.8780000000245054
491,3.8820000000253203
492,3.886000000026135
492,3.89000000002695
492,3.894000000027765
492,3.89800000002858
492,3.902000000029395
492,3.9060000000302098
492,3.9100000000310247
492,3.9140000000318396
493,3.9180000000326545
493,3.9220000000334694
494,3.9260000000342843
494,3.930000000035099
495,3.934000000035914
495,3.938000000036729
496,3.942000000037544
496,3.946000000038359
497,3.9500000000391737
497,3.9540000000399886
498,3.9580000000408035
498,3.9620000000416185
499,3.9660000000424334
500,3.9700000000432483
501,3.974000000044063
502,3.978000000044878
502,3.982000000045693
502,3.986000000046508
503,3.990000000047323
504,3.9940000000481377
505,3.9980000000489526
505,4.001999999998835
506,4.00599999999965
506,4.010000000000465
506,4.01400000000128
506,4.018000000002095
505,4.02200000000291
505,4.026000000003725
504,4.03000000000454
503,4.034000000005355
502,4.0380000000061695
501,4.0420000000069845
500,4.046000000007799
498,4.050000000008614
497,4.054000000009429
495,4.058000000010244
494,4.062000000011059
492,4.066000000011874
491,4.070000000012689
490,4.074000000013504
489,4.078000000014319
489,4.0820000000151335
490,4.086000000015948
489,4.090000000016763
489,4.094000000017578
489,4.098000000018393
489,4.102000000019208
488,4.106000000020023
488,4.110000000020838
488,4.114000000021653
488,4.118000000022468
488,4.122000000023283
489,4.1260000000240975
489,4.130000000024912
489,4.134000000025727
489,4.138000000026542
489,4.142000000027357
489,4.146000000028172
489,4.150000000028987
489,4.154000000029802
489,4.158000000030617
489,4.162000000031432
489,4.166000000032247
489,4.1700000000330615
489,4.174000000033876
489,4.178000000034691
489,4.182000000035506
490,4.186000000036321
490,4.190000000037136
490,4.194000000037951
490,4.198000000038766
490,4.202000000039581
490,4.206000000040396
489,4.2100000000412106
489,4.2140000000420255
489,4.21800000004284
490,4.222000000043655
490,4.22600000004447
490,4.230000000045285
490,4.2340000000461
489,4.238000000046915
489,4.24200000004773
489,4.246000000048545
489,4.25000000004936
490,4.253999999999243
490,4.258000000000058
490,4.262000000000873
490,4.2660000000016876
489,4.2700000000025025
489,4.274000000003317
489,4.278000000004132
490,4.282000000004947
490,4.286000000005762
490,4.290000000006577
490,4.294000000007392
490,4.298000000008207
490,4.302000000009022
490,4.306000000009837
490,4.3100000000106515
490,4.314000000011466
490,4.318000000012281
490,4.322000000013096
490,4.326000000013911
490,4.330000000014726
490,4.334000000015541
489,4.338000000016356
489,4.342000000017171
490,4.346000000017986
489,4.350000000018801
489,4.3540000000196155
489,4.35800000002043
490,4.362000000021245
490,4.36600000002206
491,4.370000000022875
491,4.37400000002369
492,4.378000000024505
492,4.38200000002532
491,4.386000000026135
491,4.39000000002695
492,4.394000000027765
492,4.3980000000285795
492,4.402000000029394
492,4.406000000030209
493,4.410000000031024
492,4.414000000031839
492,4.418000000032654
491,4.422000000033469
490,4.426000000034284
490,4.430000000035099
490,4.434000000035914
490,4.438000000036729
490,4.4420000000375435
491,4.446000000038358
491,4.450000000039173
491,4.454000000039988
491,4.458000000040803
491,4.462000000041618
491,4.466000000042433
491,4.470000000043248
491,4.474000000044063
490,4.478000000044878
489,4.4820000000456925
489,4.4860000000465075
490,4.490000000047322
495,4.494000000048137
504,4.498000000048952
517,4.502000000049767
531,4.50599999999965
540,4.510000000000465
539,4.51400000000128
528,4.518000000002095
510,4.52200000000291
491,4.526000000003725
479,4.53000000000454
475,4.534000000005355
479,4.5380000000061695
485,4.5420000000069845
489,4.546000000007799
492,4.550000000008614
492,4.554000000009429
492,4.558000000010244
492,4.562000000011059
492,4.566000000011874
491,4.570000000012689
491,4.574000000013504
490,4.578000000014319
491,4.5820000000151335
491,4.586000000015948
492,4.590000000016763
493,4.594000000017578
493,4.598000000018393
493,4.602000000019208
493,4.606000000020023
493,4.610000000020838
493,4.614000000021653
494,4.618000000022468
494,4.622000000023283
493,4.6260000000240975
493,4.630000000024912
493,4.634000000025727
493,4.638000000026542
494,4.642000000027357
495,4.646000000028172
495,4.650000000028987
495,4.654000000029802
496,4.658000000030617
496,4.662000000031432
496,4.666000000032247
497,4.6700000000330615
498,4.674000000033876
498,4.678000000034691
498,4.682000000035506
499,4.686000000036321
499,4.690000000037136
500,4.694000000037951
500,4.698000000038766
501,4.702000000039581
502,4.706000000040396
503,4.7100000000412106
504,4.7140000000420255
505,4.71800000004284
505,4.722000000043655
506,4.72600000004447
506,4.730000000045285
506,4.7340000000461
507,4.738000000046915
507,4.74200000004773
508,4.746000000048545
508,4.75000000004936
509,4.7540000000501745
508,4.758000000000058
508,4.762000000000873
506,4.7660000000016876
505,4.7700000000025025
503,4.774000000003317
501,4.778000000004132
500,4.782000000004947
498,4.786000000005762
496,4.790000000006577
495,4.794000000007392
494,4.798000000008207
493,4.802000000009022
493,4.806000000009837
492,4.8100000000106515
491,4.814000000011466
491,4.818000000012281
490,4.822000000013096
490,4.826000000013911
490,4.830000000014726
490,4.834000000015541
490,4.838000000016356
490,4.842000000017171
490,4.846000000017986
490,4.850000000018801
490,4.8540000000196155
490,4.85800000002043
490,4.862000000021245
490,4.86600000002206
490,4.870000000022875
490,4.87400000002369
490,4.878000000024505
490,4.88200000002532
491,4.886000000026135
491,4.89000000002695
491,4.894000000027765
491,4.8980000000285795
491,4.902000000029394
491,4.906000000030209
491,4.910000000031024
491,4.914000000031839
491,4.918000000032654
491,4.922000000033469
491,4.926000000034284
490,4.930000000035099
489,4.934000000035914
489,4.938000000036729
489,4.9420000000375435
490,4.946000000038358
491,4.950000000039173
492,4.954000000039988
492,4.958000000040803
491,4.962000000041618
490,4.966000000042433
490,4.970000000043248
490,4.974000000044063
491,4.978000000044878
491,4.9820000000456925
492,4.9860000000465075
492,4.990000000047322
491,4.994000000048137
491,4.998000000048952
491,5.002000000049767
491,5.006000000050582
491,5.0089999999966235
491,5.012999999997438
490,5.016999999998253
490,5.020999999999068
489,5.024999999999883
490,5.029000000000698
490,5.033000000001513
491,5.037000000002328
491,5.041000000003143
491,5.045000000003958
491,5.049000000004773
491,5.0530000000055875
491,5.057000000006402
491,5.061000000007217
491,5.065000000008032
492,5.069000000008847
492,5.073000000009662
492,5.077000000010477
492,5.081000000011292
492,5.085000000012107
492,5.089000000012922
493,5.0930000000137365
493,5.0970000000145514
493,5.101000000015366
493,5.105000000016181
492,5.109000000016996
492,5.113000000017811
492,5.117000000018626
492,5.121000000019441
492,5.125000000020256
492,5.129000000021071
491,5.133000000021886
490,5.1370000000227005
490,5.141000000023515
491,5.14500000002433
492,5.149000000025145
492,5.15300000002596
492,5.157000000026775
492,5.16100000002759
492,5.165000000028405
492,5.16900000002922
492,5.173000000030035
492,5.17700000003085
491,5.1810000000316645
489,5.185000000032479
489,5.189000000033294
491,5.193000000034109
497,5.197000000034924
508,5.201000000035739
523,5.205000000036554
536,5.209000000037369
543,5.213000000038184
538,5.217000000038999
523,5.221000000039814
503,5.2250000000406285
486,5.229000000041443
477,5.233000000042258
477,5.237000000043073
482,5.241000000043888
488,5.245000000044703
492,5.249000000045518
493,5.253000000046333
492,5.257000000047148
492,5.260999999997031
492,5.264999999997846
492,5.268999999998661
492,5.272999999999476
491,5.277000000000291
491,5.2810000000011055
491,5.28500000000192
492,5.289000000002735
492,5.29300000000355
493,5.297000000004365
493,5.30100000000518
493,5.305000000005995
493,5.30900000000681
493,5.313000000007625
494,5.31700000000844
494,5.3210000000092545
494,5.3250000000100695
493,5.329000000010884
493,5.333000000011699
493,5.337000000012514
494,5.341000000013329
495,5.345000000014144
496,5.349000000014959
496,5.353000000015774
497,5.357000000016589
496,5.361000000017404
497,5.3650000000182185
497,5.369000000019033
497,5.373000000019848
498,5.377000000020663
498,5.381000000021478
499,5.385000000022293
499,5.389000000023108
500,5.393000000023923
501,5.397000000024738
502,5.401000000025553
503,5.405000000026368
504,5.4090000000271825
504,5.413000000027997
504,5.417000000028812
504,5.421000000029627
505,5.425000000030442
505,5.429000000031257
505,5.433000000032072
506,5.437000000032887
507,5.441000000033702
508,5.445000000034517
508,5.449000000035332
508,5.4530000000361465
507,5.457000000036961
506,5.461000000037776
505,5.465000000038591
505,5.469000000039406
504,5.473000000040221
503,5.477000000041036
501,5.481000000041851
499,5.485000000042666
497,5.489000000043481
495,5.493000000044296
493,5.4970000000451105
492,5.501000000045925
491,5.50500000004674
490,5.509000000047555
490,5.512999999997438
490,5.516999999998253
490,5.520999999999068
491,5.524999999999883
491,5.529000000000698
491,5.533000000001513
491,5.537000000002328
490,5.541000000003143
489,5.545000000003958
489,5.549000000004773
488,5.5530000000055875
488,5.557000000006402
489,5.561000000007217
490,5.565000000008032
491,5.569000000008847
491,5.573000000009662
490,5.577000000010477
490,5.581000000011292
490,5.585000000012107
490,5.589000000012922
490,5.5930000000137365
491,5.5970000000145514
491,5.601000000015366
491,5.605000000016181
491,5.609000000016996
491,5.613000000017811
491,5.617000000018626
491,5.621000000019441
491,5.625000000020256
491,5.629000000021071
491,5.633000000021886
491,5.6370000000227005
491,5.641000000023515
491,5.64500000002433
492,5.649000000025145
492,5.65300000002596
492,5.657000000026775
492,5.66100000002759
491,5.665000000028405
491,5.66900000002922
491,5.673000000030035
491,5.67700000003085
491,5.6810000000316645
491,5.685000000032479
491,5.689000000033294
491,5.693000000034109
491,5.697000000034924
491,5.701000000035739
490,5.705000000036554
490,5.709000000037369
489,5.713000000038184
489,5.717000000038999
489,5.721000000039814
490,5.7250000000406285
490,5.729000000041443
491,5.733000000042258
491,5.737000000043073
491,5.741000000043888
491,5.745000000044703
491,5.749000000045518
491,5.753000000046333
492,5.757000000047148
492,5.761000000047963
492,5.764999999997846
492,5.768999999998661
492,5.772999999999476
492,5.777000000000291
492,5.7810000000011055
492,5.78500000000192
492,5.789000000002735
492,5.79300000000355
492,5.797000000004365
492,5.80100000000518
492,5.805000000005995
492,5.80900000000681
492,5.813000000007625
492,5.81700000000844
492,5.8210000000092545
491,5.8250000000100695
491,5.829000000010884
491,5.833000000011699
491,5.837000000012514
491,5.841000000013329
490,5.845000000014144
490,5.849000000014959
490,5.853000000015774
491,5.857000000016589
491,5.861000000017404
492,5.8650000000182185
491,5.869000000019033
490,5.873000000019848
489,5.877000000020663
489,5.881000000021478
492,5.885000000022293
499,5.889000000023108
509,5.893000000023923
523,5.897000000024738
535,5.901000000025553
541,5.905000000026368
536,5.9090000000271825
522,5.913000000027997
503,5.917000000028812
487,5.921000000029627
478,5.925000000030442
477,5.929000000031257
481,5.933000000032072
487,5.937000000032887
492,5.941000000033702
493,5.945000000034517
493,5.949000000035332
492,5.9530000000361465
492,5.957000000036961
492,5.961000000037776
492,5.965000000038591
492,5.969000000039406
493,5.973000000040221
493,5.977000000041036
493,5.981000000041851
493,5.985000000042666
493,5.989000000043481
493,5.993000000044296
493,5.9970000000451105
493,6.001000000045925
494,6.00500000004674
494,6.009000000047555
494,6.01300000004837
494,6.018000000002095
494,6.02200000000291
494,6.026000000003725
494,6.03000000000454
495,6.034000000005355
495,6.0380000000061695
496,6.0420000000069845
496,6.046000000007799
497,6.050000000008614
497,6.054000000009429
498,6.058000000010244
498,6.062000000011059
498,6.066000000011874
498,6.070000000012689
498,6.074000000013504
498,6.078000000014319
499,6.0820000000151335
500,6.086000000015948
501,6.090000000016763
502,6.094000000017578
503,6.098000000018393
503,6.102000000019208
504,6.106000000020023
504,6.110000000020838
505,6.114000000021653
505,6.118000000022468
506,6.122000000023283
507,6.1260000000240975
508,6.130000000024912
508,6.134000000025727
508,6.138000000026542
508,6.142000000027357
508,6.146000000028172
507,6.150000000028987
507,6.154000000029802
506,6.158000000030617
505,6.162000000031432
503,6.166000000032247
501,6.1700000000330615
500,6.174000000033876
498,6.178000000034691
496,6.182000000035506
496,6.186000000036321
495,6.190000000037136
495,6.194000000037951
494,6.198000000038766
494,6.202000000039581
493,6.206000000040396
492,6.2100000000412106
492,6.2140000000420255
491,6.21800000004284
490,6.222000000043655
490,6.22600000004447
489,6.230000000045285
489,6.2340000000461
490,6.238000000046915
491,6.24200000004773
492,6.246000000048545
493,6.25000000004936
492,6.2540000000501745
492,6.258000000050989
491,6.262000000051804
491,6.266000000052619
491,6.2700000000025025
492,6.274000000003317
492,6.278000000004132
492,6.282000000004947
491,6.286000000005762
491,6.290000000006577
491,6.294000000007392
491,6.298000000008207
491,6.302000000009022
492,6.306000000009837
492,6.3100000000106515
492,6.314000000011466
492,6.318000000012281
492,6.322000000013096
492,6.326000000013911
492,6.330000000014726
492,6.334000000015541
492,6.338000000016356
493,6.342000000017171
493,6.346000000017986
493,6.350000000018801
493,6.3540000000196155
492,6.35800000002043
492,6.362000000021245
492,6.36600000002206
492,6.370000000022875
491,6.37400000002369
491,6.378000000024505
491,6.38200000002532
491,6.386000000026135
491,6.39000000002695
492,6.394000000027765
492,6.3980000000285795
492,6.402000000029394
492,6.406000000030209
492,6.410000000031024
492,6.414000000031839
492,6.418000000032654
492,6.422000000033469
492,6.426000000034284
492,6.430000000035099
492,6.434000000035914
492,6.438000000036729
492,6.4420000000375435
492,6.446000000038358
493,6.450000000039173
493,6.454000000039988
493,6.458000000040803
493,6.462000000041618
492,6.466000000042433
492,6.470000000043248
492,6.474000000044063
493,6.478000000044878
493,6.4820000000456925
494,6.4860000000465075
494,6.490000000047322
495,6.494000000048137
495,6.498000000048952
494,6.502000000049767
494,6.506000000050582
493,6.510000000051397
493,6.514000000052212
493,6.518000000053027
492,6.52200000000291
492,6.526000000003725
492,6.53000000000454
492,6.534000000005355
492,6.5380000000061695
492,6.5420000000069845
492,6.546000000007799
492,6.550000000008614
492,6.554000000009429
493,6.558000000010244
493,6.562000000011059
492,6.566000000011874
491,6.570000000012689
491,6.574000000013504
492,6.578000000014319
498,6.5820000000151335
508,6.586000000015948
521,6.590000000016763
535,6.594000000017578
542,6.598000000018393
539,6.602000000019208
525,6.606000000020023
506,6.610000000020838
488,6.614000000021653
478,6.618000000022468
476,6.622000000023283
481,6.6260000000240975
487,6.630000000024912
491,6.634000000025727
493,6.638000000026542
493,6.642000000027357
493,6.646000000028172
493,6.650000000028987
492,6.654000000029802
492,6.658000000030617
492,6.662000000031432
492,6.666000000032247
493,6.6700000000330615
493,6.674000000033876
494,6.678000000034691
494,6.682000000035506
493,6.686000000036321
493,6.690000000037136
493,6.694000000037951
493,6.698000000038766
493,6.702000000039581
493,6.706000000040396
494,6.7100000000412106
495,6.7140000000420255
495,6.71800000004284
495,6.722000000043655
495,6.72600000004447
495,6.730000000045285
496,6.7340000000461
496,6.738000000046915
497,6.74200000004773
497,6.746000000048545
497,6.75000000004936
497,6.7540000000501745
497,6.758000000050989
498,6.762000000051804
498,6.766000000052619
499,6.770000000053434
500,6.774000000003317
500,6.778000000004132
501,6.782000000004947
501,6.786000000005762
502,6.790000000006577
503,6.794000000007392
504,6.798000000008207
504,6.802000000009022
505,6.806000000009837
506,6.8100000000106515
506,6.814000000011466
506,6.818000000012281
506,6.822000000013096
506,6.826000000013911
507,6.830000000014726
507,6.834000000015541
507,6.838000000016356
507,6.842000000017171
507,6.846000000017986
507,6.850000000018801
506,6.8540000000196155
505,6.85800000002043
503,6.862000000021245
501,6.86600000002206
499,6.870000000022875
497,6.87400000002369
496,6.878000000024505
495,6.88200000002532
494,6.886000000026135
493,6.89000000002695
492,6.894000000027765
492,6.8980000000285795
492,6.902000000029394
492,6.906000000030209
491,6.910000000031024
491,6.914000000031839
491,6.918000000032654
491,6.922000000033469
491,6.926000000034284
491,6.930000000035099
491,6.934000000035914
491,6.938000000036729
491,6.9420000000375435
491,6.946000000038358
491,6.950000000039173
491,6.954000000039988
491,6.958000000040803
491,6.962000000041618
491,6.966000000042433
492,6.970000000043248
492,6.974000000044063
492,6.978000000044878
492,6.9820000000456925
492,6.9860000000465075
492,6.990000000047322
492,6.994000000048137
492,6.998000000048952
492,7.002000000049767
492,7.006000000050582
492,7.010000000051397
492,7.014000000052212
492,7.018000000053027
492,7.022000000053842
492,7.025999999996449
492,7.029999999997264
492,7.033999999998079
492,7.037999999998894
492,7.0419999999997085
492,7.046000000000523
492,7.050000000001338
492,7.054000000002153
491,7.058000000002968
491,7.062000000003783
491,7.066000000004598
491,7.070000000005413
492,7.074000000006228
492,7.078000000007043
492,7.082000000007858
493,7.0860000000086725
492,7.090000000009487
492,7.094000000010302
492,7.098000000011117
492,7.102000000011932
492,7.106000000012747
491,7.110000000013562
491,7.114000000014377
491,7.118000000015192
492,7.122000000016007
492,7.1260000000168215
492,7.1300000000176365
492,7.134000000018451
492,7.138000000019266
492,7.142000000020081
492,7.146000000020896
492,7.150000000021711
492,7.154000000022526
492,7.158000000023341
493,7.162000000024156
493,7.166000000024971
493,7.1700000000257855
493,7.1740000000266
494,7.178000000027415
494,7.18200000002823
494,7.186000000029045
494,7.19000000002986
494,7.194000000030675
494,7.19800000003149
493,7.202000000032305
493,7.20600000003312
492,7.210000000033935
492,7.2140000000347495
492,7.218000000035564
491,7.222000000036379
491,7.226000000037194
491,7.230000000038009
492,7.234000000038824
492,7.238000000039639
492,7.242000000040454
492,7.246000000041269
492,7.250000000042084
492,7.254000000042899
492,7.2580000000437135
491,7.262000000044528
490,7.266000000045343
491,7.270000000046158
496,7.274000000046973
505,7.277999999996856
518,7.281999999997671
531,7.285999999998486
541,7.289999999999301
540,7.294000000000116
529,7.298000000000931
512,7.302000000001746
493,7.306000000002561
480,7.310000000003376
476,7.3140000000041905
479,7.318000000005005
486,7.32200000000582
491,7.326000000006635
493,7.33000000000745
493,7.334000000008265
493,7.33800000000908
492,7.342000000009895
492,7.34600000001071
492,7.350000000011525
492,7.3540000000123396
492,7.3580000000131545
492,7.362000000013969
492,7.366000000014784
492,7.370000000015599
492,7.374000000016414
492,7.378000000017229
493,7.382000000018044
493,7.386000000018859
493,7.390000000019674
494,7.394000000020489
494,7.3980000000213035
495,7.402000000022118
495,7.406000000022933
495,7.410000000023748
495,7.414000000024563
495,7.418000000025378
495,7.422000000026193
495,7.426000000027008
496,7.430000000027823
496,7.434000000028638
497,7.438000000029453
497,7.4420000000302675
498,7.446000000031082
498,7.450000000031897
498,7.454000000032712
499,7.458000000033527
499,7.462000000034342
499,7.466000000035157
500,7.470000000035972
501,7.474000000036787
501,7.478000000037602
502,7.482000000038417
502,7.4860000000392315
503,7.490000000040046
503,7.494000000040861
504,7.498000000041676
505,7.502000000042491
505,7.506000000043306
506,7.510000000044121
506,7.514000000044936
507,7.518000000045751
507,7.522000000046566
508,7.526000000047381
508,7.529999999997264
508,7.533999999998079
508,7.537999999998894
507,7.5419999999997085
506,7.546000000000523
504,7.550000000001338
503,7.554000000002153
501,7.558000000002968
500,7.562000000003783
498,7.566000000004598
496,7.570000000005413
495,7.574000000006228
494,7.578000000007043
493,7.582000000007858
492,7.5860000000086725
492,7.590000000009487
491,7.594000000010302
491,7.598000000011117
491,7.602000000011932
491,7.606000000012747
491,7.610000000013562
491,7.614000000014377
491,7.618000000015192
490,7.622000000016007
490,7.6260000000168215
490,7.6300000000176365
490,7.634000000018451
490,7.638000000019266
491,7.642000000020081
491,7.646000000020896
491,7.650000000021711
491,7.654000000022526
491,7.658000000023341
490,7.662000000024156
490,7.666000000024971
490,7.6700000000257855
491,7.6740000000266
491,7.678000000027415
491,7.68200000002823
492,7.686000000029045
492,7.69000000002986
492,7.694000000030675
491,7.69800000003149
491,7.702000000032305
491,7.70600000003312
491,7.710000000033935
491,7.7140000000347495
491,7.718000000035564
491,7.722000000036379
491,7.726000000037194
491,7.730000000038009
491,7.734000000038824
491,7.738000000039639
491,7.742000000040454
491,7.746000000041269
491,7.750000000042084
491,7.754000000042899
491,7.7580000000437135
491,7.762000000044528
491,7.766000000045343
491,7.770000000046158
491,7.774000000046973
491,7.778000000047788
490,7.781999999997671
490,7.785999999998486
490,7.789999999999301
490,7.794000000000116
490,7.798000000000931
491,7.802000000001746
491,7.806000000002561
491,7.810000000003376
492,7.8140000000041905
492,7.818000000005005
491,7.82200000000582
491,7.826000000006635
491,7.83000000000745
491,7.834000000008265
491,7.83800000000908
492,7.842000000009895
493,7.84600000001071
493,7.850000000011525
493,7.8540000000123396
492,7.8580000000131545
492,7.862000000013969
492,7.866000000014784
492,7.870000000015599
492,7.874000000016414
492,7.878000000017229
491,7.882000000018044
491,7.886000000018859
491,7.890000000019674
490,7.894000000020489
490,7.8980000000213035
490,7.902000000022118
490,7.906000000022933
490,7.910000000023748
491,7.914000000024563
491,7.918000000025378
491,7.922000000026193
491,7.926000000027008
491,7.930000000027823
490,7.934000000028638
489,7.938000000029453
488,7.9420000000302675
491,7.946000000031082
497,7.950000000031897
509,7.954000000032712
523,7.958000000033527
537,7.962000000034342
543,7.966000000035157
538,7.970000000035972
522,7.974000000036787
503,7.978000000037602
485,7.982000000038417
476,7.9860000000392315
475,7.990000000040046
480,7.994000000040861
486,7.998000000041676
490,8.002000000042491
491,8.006000000043306
491,8.010000000044121
491,8.014000000044936
491,8.01800000004575
491,8.022000000046566
491,8.02600000004738
491,8.030000000048195
491,8.033000000001513
491,8.037000000002328
491,8.041000000003143
491,8.045000000003958
491,8.049000000004773
491,8.053000000005587
491,8.057000000006402
492,8.061000000007217
492,8.065000000008032
492,8.069000000008847
492,8.073000000009662
493,8.077000000010477
493,8.081000000011292
493,8.085000000012107
493,8.089000000012922
494,8.093000000013737
494,8.097000000014551
494,8.101000000015366
494,8.105000000016181
494,8.109000000016996
495,8.113000000017811
495,8.117000000018626
496,8.121000000019441
496,8.125000000020256
496,8.12900000002107
497,8.133000000021886
497,8.1370000000227
498,8.141000000023515
498,8.14500000002433
499,8.149000000025145
500,8.15300000002596
501,8.157000000026775
502,8.16100000002759
503,8.165000000028405
503,8.16900000002922
503,8.173000000030035
503,8.17700000003085
504,8.181000000031664
504,8.18500000003248
505,8.189000000033294
505,8.19300000003411
506,8.197000000034924
506,8.201000000035739
506,8.205000000036554
506,8.209000000037369
505,8.213000000038184
504,8.217000000038999
503,8.221000000039814
501,8.225000000040628
500,8.229000000041443
498,8.233000000042258
497,8.237000000043073
496,8.241000000043888
494,8.245000000044703
493,8.249000000045518
492,8.253000000046333
491,8.257000000047148
491,8.261000000047963
490,8.265000000048778
490,8.269000000049592
490,8.273000000050407
489,8.277000000051222
489,8.281000000052037
489,8.28500000000192
489,8.289000000002735
489,8.29300000000355
489,8.297000000004365
489,8.30100000000518
489,8.305000000005995
489,8.30900000000681
489,8.313000000007625
489,8.31700000000844
489,8.321000000009255
489,8.32500000001007
489,8.329000000010884
489,8.3330000000117
489,8.337000000012514
489,8.341000000013329
489,8.345000000014144
490,8.349000000014959
490,8.353000000015774
490,8.357000000016589
490,8.361000000017404
490,8.365000000018219
490,8.369000000019033
490,8.373000000019848
490,8.377000000020663
490,8.381000000021478
490,8.385000000022293
490,8.389000000023108
490,8.393000000023923
490,8.397000000024738
490,8.401000000025553
490,8.405000000026368
490,8.409000000027183
490,8.413000000027997
490,8.417000000028812
490,8.421000000029627
490,8.425000000030442
489,8.429000000031257
489,8.433000000032072
490,8.437000000032887
490,8.441000000033702
490,8.445000000034517
490,8.449000000035332
490,8.453000000036146
490,8.457000000036961
490,8.461000000037776
489,8.465000000038591
489,8.469000000039406
490,8.473000000040221
490,8.477000000041036
490,8.48100000004185
490,8.485000000042666
490,8.48900000004348
490,8.493000000044296
490,8.49700000004511
490,8.501000000045925
490,8.50500000004674
490,8.509000000047555
490,8.51300000004837
490,8.517000000049185
490,8.52100000005
491,8.525000000050815
491,8.52900000005163
491,8.533000000052445
491,8.537000000002328
491,8.541000000003143
491,8.545000000003958
491,8.549000000004773
492,8.553000000005587
492,8.557000000006402
492,8.561000000007217
492,8.565000000008032
491,8.569000000008847
491,8.573000000009662
490,8.577000000010477
490,8.581000000011292
490,8.585000000012107
490,8.589000000012922
490,8.593000000013737
490,8.597000000014551
490,8.601000000015366
490,8.605000000016181
490,8.609000000016996
491,8.613000000017811
491,8.617000000018626
490,8.621000000019441
489,8.625000000020256
488,8.62900000002107
488,8.633000000021886
492,8.6370000000227
499,8.641000000023515
512,8.64500000002433
527,8.649000000025145
539,8.65300000002596
543,8.657000000026775
535,8.66100000002759
518,8.665000000028405
498,8.66900000002922
482,8.673000000030035
475,8.67700000003085
476,8.681000000031664
482,8.68500000003248
488,8.689000000033294
491,8.69300000003411
492,8.697000000034924
491,8.701000000035739
491,8.705000000036554
491,8.709000000037369
491,8.713000000038184
491,8.717000000038999
491,8.721000000039814
491,8.725000000040628
492,8.729000000041443
492,8.733000000042258
492,8.737000000043073
491,8.741000000043888
491,8.745000000044703
492,8.749000000045518
492,8.753000000046333
492,8.757000000047148
493,8.761000000047963
493,8.765000000048778
493,8.769000000049592
493,8.773000000050407
493,8.777000000051222
493,8.781000000052037
493,8.785000000052852
494,8.789000000002735
494,8.79300000000355
495,8.797000000004365
495,8.80100000000518
495,8.805000000005995
496,8.80900000000681
496,8.813000000007625
496,8.81700000000844
496,8.821000000009255
497,8.82500000001007
497,8.829000000010884
498,8.8330000000117
499,8.837000000012514
500,8.841000000013329
500,8.845000000014144
501,8.849000000014959
502,8.853000000015774
502,8.857000000016589
503,8.861000000017404
503,8.865000000018219
504,8.869000000019033
505,8.873000000019848
505,8.877000000020663
506,8.881000000021478
506,8.885000000022293
506,8.889000000023108
507,8.893000000023923
507,8.897000000024738
506,8.901000000025553
505,8.905000000026368
504,8.909000000027183
503,8.913000000027997
502,8.917000000028812
500,8.921000000029627
499,8.925000000030442
497,8.929000000031257
496,8.933000000032072
494,8.937000000032887
493,8.941000000033702
492,8.945000000034517
491,8.949000000035332
490,8.953000000036146
490,8.957000000036961
490,8.961000000037776
490,8.965000000038591
490,8.969000000039406
490,8.973000000040221
490,8.977000000041036
489,8.98100000004185
489,8.985000000042666
489,8.98900000004348
489,8.993000000044296
489,8.99700000004511
489,9.001000000045925
489,9.00500000004674
490,9.009000000047555
490,9.01300000004837
490,9.017000000049185
490,9.02100000005
490,9.025000000050815
490,9.02900000005163
490,9.033000000052445
490,9.03700000005326
490,9.041999999999708
490,9.046000000000523
490,9.050000000001338
490,9.054000000002153
490,9.058000000002968
490,9.062000000003783
490,9.066000000004598
490,9.070000000005413
490,9.074000000006228
491,9.078000000007043
491,9.082000000007858
491,9.086000000008672
491,9.090000000009487
491,9.094000000010302
491,9.098000000011117
490,9.102000000011932
490,9.106000000012747
490,9.110000000013562
490,9.114000000014377
490,9.118000000015192
491,9.122000000016007
491,9.126000000016822
491,9.130000000017636
490,9.134000000018451
490,9.138000000019266
490,9.142000000020081
490,9.146000000020896
490,9.150000000021711
490,9.154000000022526
491,9.15800000002334
491,9.162000000024156
491,9.16600000002497
491,9.170000000025786
491,9.1740000000266
490,9.178000000027415
490,9.18200000002823
490,9.186000000029045
490,9.19000000002986
490,9.194000000030675
491,9.19800000003149
491,9.202000000032305
491,9.20600000003312
491,9.210000000033935
491,9.21400000003475
491,9.218000000035564
491,9.22200000003638
491,9.226000000037194
491,9.23000000003801
492,9.234000000038824
492,9.238000000039639
492,9.242000000040454
492,9.246000000041269
493,9.250000000042084
493,9.254000000042899
492,9.258000000043713
492,9.262000000044528
491,9.266000000045343
491,9.270000000046158
491,9.274000000046973
491,9.278000000047788
491,9.282000000048603
491,9.286000000049418
491,9.290000000050233
491,9.294000000000116
491,9.29800000000093
490,9.302000000001746
490,9.30600000000256
490,9.310000000003376
490,9.31400000000419
490,9.318000000005005
489,9.32200000000582
489,9.326000000006635
491,9.33000000000745
495,9.334000000008265
505,9.33800000000908
518,9.342000000009895
532,9.34600000001071
541,9.350000000011525
540,9.35400000001234
529,9.358000000013154
511,9.36200000001397
492,9.366000000014784
479,9.3700000000156
476,9.374000000016414
479,9.378000000017229
485,9.382000000018044
489,9.386000000018859
492,9.390000000019674
492,9.394000000020489
492,9.398000000021304
492,9.402000000022118
491,9.406000000022933
491,9.410000000023748
491,9.414000000024563
491,9.418000000025378
491,9.422000000026193
491,9.426000000027008
491,9.430000000027823
491,9.434000000028638
492,9.438000000029453
492,9.442000000030268
492,9.446000000031082
493,9.450000000031897
493,9.454000000032712
493,9.458000000033527
493,9.462000000034342
493,9.466000000035157
493,9.470000000035972
493,9.474000000036787
494,9.478000000037602
494,9.482000000038417
494,9.486000000039231
494,9.490000000040046
495,9.494000000040861
495,9.498000000041676
495,9.502000000042491
495,9.506000000043306
496,9.510000000044121
497,9.514000000044936
497,9.51800000004575
498,9.522000000046566
498,9.52600000004738
499,9.530000000048195
500,9.53400000004901
500,9.538000000049825
501,9.54200000005064
502,9.546000000000523
502,9.550000000001338
503,9.554000000002153
503,9.558000000002968
504,9.562000000003783
505,9.566000000004598
506,9.570000000005413
506,9.574000000006228
506,9.578000000007043
507,9.582000000007858
507,9.586000000008672
507,9.590000000009487
507,9.594000000010302
507,9.598000000011117
506,9.602000000011932
505,9.606000000012747
504,9.610000000013562
502,9.614000000014377
500,9.618000000015192
499,9.622000000016007
497,9.626000000016822
495,9.630000000017636
494,9.634000000018451
493,9.638000000019266
492,9.642000000020081
492,9.646000000020896
491,9.650000000021711
491,9.654000000022526
490,9.65800000002334
490,9.662000000024156
490,9.66600000002497
490,9.670000000025786
490,9.6740000000266
490,9.678000000027415
490,9.68200000002823
490,9.686000000029045
490,9.69000000002986
490,9.694000000030675
490,9.69800000003149
490,9.702000000032305
490,9.70600000003312
490,9.710000000033935
490,9.71400000003475
490,9.718000000035564
490,9.72200000003638
490,9.726000000037194
490,9.73000000003801
490,9.734000000038824
490,9.738000000039639
490,9.742000000040454
490,9.746000000041269
491,9.750000000042084
491,9.754000000042899
491,9.758000000043713
491,9.762000000044528
491,9.766000000045343
491,9.770000000046158
490,9.774000000046973
490,9.778000000047788
491,9.782000000048603
491,9.786000000049418
491,9.790000000050233
491,9.794000000051048
491,9.79800000000093
491,9.802000000001746
491,9.80600000000256
491,9.810000000003376
491,9.81400000000419
490,9.818000000005005
490,9.82200000000582
490,9.826000000006635
490,9.83000000000745
490,9.834000000008265
491,9.83800000000908
491,9.842000000009895
491,9.84600000001071
491,9.850000000011525
491,9.85400000001234
491,9.858000000013154
490,9.86200000001397
490,9.866000000014784
491,9.8700000000156
491,9.874000000016414
491,9.878000000017229
491,9.882000000018044
492,9.886000000018859
492,9.890000000019674
492,9.894000000020489
492,9.898000000021304
492,9.902000000022118
492,9.906000000022933
492,9.910000000023748
492,9.914000000024563
492,9.918000000025378
492,9.922000000026193
492,9.926000000027008
491,9.930000000027823
490,9.934000000028638
490,9.938000000029453
490,9.942000000030268
489,9.946000000031082
490,9.950000000031897
490,9.954000000032712
490,9.958000000033527
490,9.962000000034342
490,9.966000000035157
490,9.970000000035972
490,9.974000000036787
490,9.978000000037602
489,9.982000000038417
489,9.986000000039231
488,9.990000000040046
488,9.994000000040861
489,9.998000000041676
493,10.002000000042491
500,10.006000000043306
512,10.010000000044121
526,10.014000000044936
538,10.01800000004575
541,10.022000000046566
533,10.02600000004738
517,10.030000000048195
498,10.03400000004901
483,10.038000000049825
476,10.04200000005064
477,10.046000000051455
482,10.048999999997497
487,10.052999999998312
490,10.056999999999126
491,10.060999999999941
491,10.065000000000756
491,10.069000000001571
491,10.073000000002386
491,10.077000000003201
491,10.081000000004016
491,10.08500000000483
491,10.089000000005646
491,10.09300000000646
491,10.097000000007275
492,10.10100000000809
492,10.105000000008905
492,10.10900000000972
492,10.113000000010535
492,10.11700000001135
492,10.121000000012165
492,10.12500000001298
493,10.129000000013795
493,10.13300000001461
493,10.137000000015425
493,10.14100000001624
494,10.145000000017054
494,10.14900000001787
494,10.153000000018684
495,10.157000000019499
495,10.161000000020314
496,10.165000000021129
496,10.169000000021944
496,10.173000000022759
496,10.177000000023574
496,10.181000000024389
496,10.185000000025203
497,10.189000000026018
498,10.193000000026833
499,10.197000000027648
500,10.201000000028463
500,10.205000000029278
501,10.209000000030093
502,10.213000000030908
502,10.217000000031723
503,10.221000000032538
503,10.225000000033353
503,10.229000000034167
504,10.233000000034982
505,10.237000000035797
505,10.241000000036612
505,10.245000000037427
506,10.249000000038242
506,10.253000000039057
506,10.257000000039872
506,10.261000000040687
505,10.265000000041502
505,10.269000000042317
504,10.273000000043131
503,10.277000000043946
502,10.281000000044761
501,10.285000000045576
499,10.289000000046391
498,10.293000000047206
496,10.29700000004802
495,10.300999999997904
493,10.304999999998719
492,10.308999999999534
492,10.313000000000349
491,10.317000000001164
491,10.321000000001979
491,10.325000000002793
491,10.329000000003608
491,10.333000000004423
490,10.337000000005238
490,10.341000000006053
490,10.345000000006868
489,10.349000000007683
489,10.353000000008498
489,10.357000000009313
490,10.361000000010128
490,10.365000000010943
490,10.369000000011757
490,10.373000000012572
490,10.377000000013387
490,10.381000000014202
490,10.385000000015017
490,10.389000000015832
490,10.393000000016647
491,10.397000000017462
491,10.401000000018277
491,10.405000000019092
491,10.409000000019907
491,10.413000000020721
491,10.417000000021536
491,10.421000000022351
490,10.425000000023166
491,10.429000000023981
491,10.433000000024796
491,10.437000000025611
491,10.441000000026426
491,10.44500000002724
491,10.449000000028056
491,10.45300000002887
491,10.457000000029685
491,10.4610000000305
491,10.465000000031315
491,10.46900000003213
491,10.473000000032945
491,10.47700000003376
491,10.481000000034575
491,10.48500000003539
491,10.489000000036205
491,10.49300000003702
491,10.497000000037835
490,10.50100000003865
490,10.505000000039464
490,10.50900000004028
490,10.513000000041094
491,10.517000000041909
491,10.521000000042724
491,10.525000000043539
491,10.529000000044354
492,10.533000000045169
491,10.537000000045984
491,10.541000000046798
491,10.545000000047613
491,10.549000000048428
491,10.552999999998312
491,10.556999999999126
492,10.560999999999941
492,10.565000000000756
493,10.569000000001571
492,10.573000000002386
492,10.577000000003201
491,10.581000000004016
491,10.58500000000483
490,10.589000000005646
490,10.59300000000646
490,10.597000000007275
490,10.60100000000809
490,10.605000000008905
490,10.60900000000972
490,10.613000000010535
490,10.61700000001135
490,10.621000000012165
489,10.62500000001298
489,10.629000000013795
490,10.63300000001461
490,10.637000000015425
490,10.64100000001624
489,10.645000000017054
489,10.64900000001787
490,10.653000000018684
493,10.657000000019499
499,10.661000000020314
510,10.665000000021129
523,10.669000000021944
534,10.673000000022759
537,10.677000000023574
531,10.681000000024389
516,10.685000000025203
498,10.689000000026018
483,10.693000000026833
475,10.697000000027648
475,10.701000000028463
480,10.705000000029278
486,10.709000000030093
490,10.713000000030908
491,10.717000000031723
491,10.721000000032538
491,10.725000000033353
491,10.729000000034167
491,10.733000000034982
491,10.737000000035797
491,10.741000000036612
490,10.745000000037427
490,10.749000000038242
491,10.753000000039057
491,10.757000000039872
492,10.761000000040687
492,10.765000000041502
492,10.769000000042317
492,10.773000000043131
492,10.777000000043946
492,10.781000000044761
492,10.785000000045576
492,10.789000000046391
493,10.793000000047206
493,10.79700000004802
494,10.801000000048836
494,10.804999999998719
495,10.808999999999534
494,10.813000000000349
494,10.817000000001164
494,10.821000000001979
495,10.825000000002793
495,10.829000000003608
496,10.833000000004423
497,10.837000000005238
497,10.841000000006053
498,10.845000000006868
498,10.849000000007683
498,10.853000000008498
499,10.857000000009313
499,10.861000000010128
500,10.865000000010943
500,10.869000000011757
501,10.873000000012572
501,10.877000000013387
502,10.881000000014202
503,10.885000000015017
503,10.889000000015832
504,10.893000000016647
504,10.897000000017462
504,10.901000000018277
505,10.905000000019092
505,10.909000000019907
505,10.913000000020721
505,10.917000000021536
505,10.921000000022351
504,10.925000000023166
503,10.929000000023981
502,10.933000000024796
501,10.937000000025611
499,10.941000000026426
498,10.94500000002724
496,10.949000000028056
495,10.95300000002887
494,10.957000000029685
493,10.9610000000305
492,10.965000000031315
491,10.96900000003213
491,10.973000000032945
491,10.97700000003376
490,10.981000000034575
490,10.98500000003539
489,10.989000000036205
489,10.99300000003702
489,10.997000000037835
489,11.00100000003865
489,11.005000000039464
490,11.00900000004028
490,11.013000000041094
490,11.017000000041909
490,11.021000000042724
489,11.025000000043539
489,11.029000000044354
489,11.033000000045169
489,11.037000000045984
489,11.041000000046798
489,11.045000000047613
490,11.049000000048428
490,11.053000000049243
490,11.056999999999126
490,11.060999999999941
490,11.065000000000756
490,11.069000000001571
490,11.073000000002386
490,11.077000000003201
490,11.081000000004016
491,11.08500000000483
491,11.089000000005646
491,11.09300000000646
491,11.097000000007275
490,11.10100000000809
490,11.105000000008905
490,11.10900000000972
490,11.113000000010535
490,11.11700000001135
490,11.121000000012165
490,11.12500000001298
490,11.129000000013795
490,11.13300000001461
490,11.137000000015425
490,11.14100000001624
490,11.145000000017054
491,11.14900000001787
491,11.153000000018684
491,11.157000000019499
491,11.161000000020314
491,11.165000000021129
491,11.169000000021944
491,11.173000000022759
491,11.177000000023574
491,11.181000000024389
491,11.185000000025203
492,11.189000000026018
492,11.193000000026833
492,11.197000000027648
492,11.201000000028463
492,11.205000000029278
491,11.209000000030093
490,11.213000000030908
490,11.217000000031723
489,11.221000000032538
489,11.225000000033353
489,11.229000000034167
489,11.233000000034982
490,11.237000000035797
490,11.241000000036612
490,11.245000000037427
490,11.249000000038242
490,11.253000000039057
490,11.257000000039872
490,11.261000000040687
489,11.265000000041502
489,11.269000000042317
488,11.273000000043131
488,11.277000000043946
490,11.281000000044761
495,11.285000000045576
505,11.289000000046391
518,11.293000000047206
531,11.29700000004802
539,11.301000000048836
536,11.30500000004965
524,11.308999999999534
506,11.313000000000349
489,11.317000000001164
478,11.321000000001979
475,11.325000000002793
479,11.329000000003608
485,11.333000000004423
489,11.337000000005238
491,11.341000000006053
491,11.345000000006868
491,11.349000000007683
490,11.353000000008498
490,11.357000000009313
490,11.361000000010128
490,11.365000000010943
491,11.369000000011757
491,11.373000000012572
491,11.377000000013387
491,11.381000000014202
491,11.385000000015017
491,11.389000000015832
491,11.393000000016647
491,11.397000000017462
492,11.401000000018277
492,11.405000000019092
492,11.409000000019907
492,11.413000000020721
492,11.417000000021536
492,11.421000000022351
492,11.425000000023166
493,11.429000000023981
493,11.433000000024796
494,11.437000000025611
494,11.441000000026426
495,11.44500000002724
495,11.449000000028056
495,11.45300000002887
495,11.457000000029685
495,11.4610000000305
495,11.465000000031315
496,11.46900000003213
497,11.473000000032945
498,11.47700000003376
498,11.481000000034575
499,11.48500000003539
500,11.489000000036205
501,11.49300000003702
501,11.497000000037835
502,11.50100000003865
502,11.505000000039464
503,11.50900000004028
503,11.513000000041094
504,11.517000000041909
505,11.521000000042724
505,11.525000000043539
505,11.529000000044354
506,11.533000000045169
506,11.537000000045984
506,11.541000000046798
505,11.545000000047613
504,11.549000000048428
504,11.553000000049243
502,11.557000000050058
501,11.560999999999941
499,11.565000000000756
497,11.569000000001571
496,11.573000000002386
494,11.577000000003201
493,11.581000000004016
492,11.58500000000483
491,11.589000000005646
491,11.59300000000646
490,11.597000000007275
490,11.60100000000809
490,11.605000000008905
490,11.60900000000972
490,11.613000000010535
490,11.61700000001135
490,11.621000000012165
489,11.62500000001298
489,11.629000000013795
489,11.63300000001461
489,11.637000000015425
489,11.64100000001624
489,11.645000000017054
490,11.64900000001787
490,11.653000000018684
490,11.657000000019499
490,11.661000000020314
490,11.665000000021129
490,11.669000000021944
490,11.673000000022759
490,11.677000000023574
490,11.681000000024389
490,11.685000000025203
490,11.689000000026018
490,11.693000000026833
490,11.697000000027648
490,11.701000000028463
490,11.705000000029278
490,11.709000000030093
491,11.713000000030908
491,11.717000000031723
491,11.721000000032538
491,11.725000000033353
491,11.729000000034167
491,11.733000000034982
491,11.737000000035797
491,11.741000000036612
491,11.745000000037427
491,11.749000000038242
490,11.753000000039057
490,11.757000000039872
490,11.761000000040687
491,11.765000000041502
491,11.769000000042317
491,11.773000000043131
491,11.777000000043946
491,11.781000000044761
491,11.785000000045576
491,11.789000000046391
491,11.793000000047206
491,11.79700000004802
491,11.801000000048836
491,11.80500000004965
491,11.809000000050466
491,11.813000000000349
491,11.817000000001164
491,11.821000000001979
491,11.825000000002793
491,11.829000000003608
491,11.833000000004423
491,11.837000000005238
492,11.841000000006053
492,11.845000000006868
492,11.849000000007683
492,11.853000000008498
493,11.857000000009313
493,11.861000000010128
492,11.865000000010943
492,11.869000000011757
491,11.873000000012572
491,11.877000000013387
491,11.881000000014202
491,11.885000000015017
491,11.889000000015832
491,11.893000000016647
491,11.897000000017462
491,11.901000000018277
491,11.905000000019092
491,11.909000000019907
491,11.913000000020721
491,11.917000000021536
491,11.921000000022351
492,11.925000000023166
491,11.929000000023981
490,11.933000000024796
489,11.937000000025611
489,11.941000000026426
491,11.94500000002724
497,11.949000000028056
508,11.95300000002887
521,11.957000000029685
534,11.9610000000305
540,11.965000000031315
537,11.96900000003213
524,11.973000000032945
506,11.97700000003376
489,11.981000000034575
479,11.98500000003539
477,11.989000000036205
481,11.99300000003702
487,11.997000000037835
491,12.00100000003865
493,12.005000000039464
492,12.00900000004028
492,12.013000000041094
491,12.017000000041909
491,12.021000000042724
491,12.025000000043539
491,12.029000000044354
491,12.033000000045169
491,12.037000000045984
492,12.041000000046798
492,12.045000000047613
492,12.049000000048428
492,12.053000000049243
492,12.057000000050058
492,12.061000000050873
493,12.065999999997322
493,12.069999999998137
493,12.073999999998952
493,12.077999999999767
494,12.082000000000582
494,12.086000000001397
494,12.090000000002211
494,12.094000000003026
494,12.098000000003841
494,12.102000000004656
494,12.106000000005471
495,12.110000000006286
495,12.1140000000071
496,12.118000000007916
496,12.12200000000873
497,12.126000000009546
497,12.13000000001036
498,12.134000000011175
498,12.13800000001199
499,12.142000000012805
499,12.14600000001362
500,12.150000000014435
501,12.15400000001525
502,12.158000000016065
502,12.16200000001688
503,12.166000000017695
504,12.17000000001851
505,12.174000000019324
505,12.17800000002014
505,12.182000000020954
506,12.18600000002177
506,12.190000000022584
507,12.194000000023399
507,12.198000000024214
507,12.202000000025029
507,12.206000000025844
507,12.210000000026659
507,12.214000000027474
505,12.218000000028288
504,12.222000000029103
502,12.226000000029918
500,12.230000000030733
499,12.234000000031548
497,12.238000000032363
496,12.242000000033178
495,12.246000000033993
494,12.250000000034808
493,12.254000000035623
492,12.258000000036438
491,12.262000000037252
490,12.266000000038067
490,12.270000000038882
490,12.274000000039697
490,12.278000000040512
490,12.282000000041327
490,12.286000000042142
490,12.290000000042957
490,12.294000000043772
490,12.298000000044587
490,12.302000000045402
490,12.306000000046216
490,12.310000000047031
490,12.314000000047846
490,12.31799999999773
490,12.321999999998544
490,12.32599999999936
491,12.330000000000174
491,12.334000000000989
490,12.338000000001804
490,12.342000000002619
490,12.346000000003434
490,12.350000000004249
490,12.354000000005064
491,12.358000000005879
491,12.362000000006693
491,12.366000000007508
491,12.370000000008323
491,12.374000000009138
491,12.378000000009953
490,12.382000000010768
490,12.386000000011583
490,12.390000000012398
490,12.394000000013213
491,12.398000000014028
491,12.402000000014842
491,12.406000000015657
491,12.410000000016472
491,12.414000000017287
491,12.418000000018102
491,12.422000000018917
491,12.426000000019732
491,12.430000000020547
491,12.434000000021362
491,12.438000000022177
491,12.442000000022992
491,12.446000000023806
491,12.450000000024621
491,12.454000000025436
490,12.458000000026251
490,12.462000000027066
490,12.466000000027881
490,12.470000000028696
490,12.47400000002951
490,12.478000000030326
490,12.48200000003114
491,12.486000000031956
491,12.49000000003277
491,12.494000000033585
491,12.4980000000344
490,12.502000000035215
490,12.50600000003603
490,12.510000000036845
491,12.51400000003766
491,12.518000000038475
491,12.52200000003929
491,12.526000000040105
491,12.53000000004092
491,12.534000000041734
491,12.53800000004255
491,12.542000000043364
492,12.54600000004418
492,12.550000000044994
492,12.554000000045809
492,12.558000000046624
492,12.562000000047439
491,12.566000000048254
491,12.569999999998137
490,12.573999999998952
490,12.577999999999767
490,12.582000000000582
490,12.586000000001397
490,12.590000000002211
490,12.594000000003026
490,12.598000000003841
490,12.602000000004656
490,12.606000000005471
491,12.610000000006286
491,12.6140000000071
491,12.618000000007916
490,12.62200000000873
489,12.626000000009546
488,12.63000000001036
488,12.634000000011175
492,12.63800000001199
499,12.642000000012805
510,12.64600000001362
523,12.650000000014435
534,12.65400000001525
538,12.658000000016065
531,12.66200000001688
516,12.666000000017695
498,12.67000000001851
483,12.674000000019324
476,12.67800000002014
477,12.682000000020954
482,12.68600000002177
488,12.690000000022584
491,12.694000000023399
491,12.698000000024214
491,12.702000000025029
490,12.706000000025844
490,12.710000000026659
490,12.714000000027474
491,12.718000000028288
491,12.722000000029103
491,12.726000000029918
491,12.730000000030733
491,12.734000000031548
491,12.738000000032363
491,12.742000000033178
491,12.746000000033993
491,12.750000000034808
492,12.754000000035623
492,12.758000000036438
492,12.762000000037252
493,12.766000000038067
493,12.770000000038882
493,12.774000000039697
493,12.778000000040512
493,12.782000000041327
493,12.786000000042142
493,12.790000000042957
494,12.794000000043772
494,12.798000000044587
495,12.802000000045402
495,12.806000000046216
495,12.810000000047031
496,12.814000000047846
496,12.818000000048661
496,12.821999999998544
497,12.82599999999936
497,12.830000000000174
498,12.834000000000989
499,12.838000000001804
500,12.842000000002619
501,12.846000000003434
501,12.850000000004249
502,12.854000000005064
502,12.858000000005879
503,12.862000000006693
503,12.866000000007508
504,12.870000000008323
504,12.874000000009138
505,12.878000000009953
506,12.882000000010768
506,12.886000000011583
507,12.890000000012398
507,12.894000000013213
507,12.898000000014028
506,12.902000000014842
505,12.906000000015657
504,12.910000000016472
503,12.914000000017287
502,12.918000000018102
500,12.922000000018917
498,12.926000000019732
497,12.930000000020547
495,12.934000000021362
494,12.938000000022177
493,12.942000000022992
492,12.946000000023806
491,12.950000000024621
490,12.954000000025436
490,12.958000000026251
490,12.962000000027066
489,12.966000000027881
489,12.970000000028696
489,12.97400000002951
489,12.978000000030326
489,12.98200000003114
489,12.986000000031956
489,12.99000000003277
489,12.994000000033585
489,12.9980000000344
489,13.002000000035215
489,13.00600000003603
490,13.010000000036845
490,13.01400000003766
489,13.018000000038475
489,13.02200000003929
489,13.026000000040105
490,13.03000000004092
490,13.034000000041734
490,13.03800000004255
490,13.042000000043364
490,13.04600000004418
490,13.050000000044994
490,13.054000000045809
490,13.058000000046624
490,13.062000000047439
490,13.066000000048254
490,13.070000000049069
490,13.073999999998952
490,13.077999999999767
490,13.082000000000582
490,13.086000000001397
490,13.090000000002211
490,13.094000000003026
490,13.098000000003841
490,13.102000000004656
490,13.106000000005471
490,13.110000000006286
490,13.1140000000071
490,13.118000000007916
490,13.12200000000873
490,13.126000000009546
490,13.13000000001036
490,13.134000000011175
490,13.13800000001199
490,13.142000000012805
490,13.14600000001362
490,13.150000000014435
490,13.15400000001525
490,13.158000000016065
490,13.16200000001688
490,13.166000000017695
490,13.17000000001851
490,13.174000000019324
490,13.17800000002014
490,13.182000000020954
490,13.18600000002177
490,13.190000000022584
490,13.194000000023399
491,13.198000000024214
491,13.202000000025029
491,13.206000000025844
491,13.210000000026659
491,13.214000000027474
490,13.218000000028288
491,13.222000000029103
491,13.226000000029918
491,13.230000000030733
491,13.234000000031548
491,13.238000000032363
491,13.242000000033178
491,13.246000000033993
491,13.250000000034808
491,13.254000000035623
491,13.258000000036438
491,13.262000000037252
492,13.266000000038067
492,13.270000000038882
493,13.274000000039697
493,13.278000000040512
493,13.282000000041327
493,13.286000000042142
492,13.290000000042957
492,13.294000000043772
491,13.298000000044587
491,13.302000000045402
490,13.306000000046216
490,13.310000000047031
491,13.314000000047846
491,13.318000000048661
491,13.322000000049476
491,13.32599999999936
491,13.330000000000174
491,13.334000000000989
491,13.338000000001804
491,13.342000000002619
491,13.346000000003434
490,13.350000000004249
489,13.354000000005064
489,13.358000000005879
492,13.362000000006693
498,13.366000000007508
509,13.370000000008323
522,13.374000000009138
534,13.378000000009953
539,13.382000000010768
534,13.386000000011583
520,13.390000000012398
502,13.394000000013213
486,13.398000000014028
477,13.402000000014842
477,13.406000000015657
482,13.410000000016472
488,13.414000000017287
492,13.418000000018102
493,13.422000000018917
492,13.426000000019732
492,13.430000000020547
492,13.434000000021362
492,13.438000000022177
492,13.442000000022992
492,13.446000000023806
492,13.450000000024621
492,13.454000000025436
492,13.458000000026251
492,13.462000000027066
492,13.466000000027881
492,13.470000000028696
493,13.47400000002951
493,13.478000000030326
493,13.48200000003114
494,13.486000000031956
494,13.49000000003277
494,13.494000000033585
494,13.4980000000344
494,13.502000000035215
494,13.50600000003603
494,13.510000000036845
495,13.51400000003766
495,13.518000000038475
496,13.52200000003929
496,13.526000000040105
496,13.53000000004092
497,13.534000000041734
497,13.53800000004255
497,13.542000000043364
498,13.54600000004418
498,13.550000000044994
499,13.554000000045809
499,13.558000000046624
500,13.562000000047439
501,13.566000000048254
502,13.570000000049069
503,13.574000000049883
503,13.577999999999767
504,13.582000000000582
504,13.586000000001397
505,13.590000000002211
506,13.594000000003026
506,13.598000000003841
507,13.602000000004656
507,13.606000000005471
508,13.610000000006286
508,13.6140000000071
508,13.618000000007916
508,13.62200000000873
508,13.626000000009546
508,13.63000000001036
507,13.634000000011175
506,13.63800000001199
504,13.642000000012805
503,13.64600000001362
501,13.650000000014435
500,13.65400000001525
498,13.658000000016065
496,13.66200000001688
495,13.666000000017695
494,13.67000000001851
493,13.674000000019324
493,13.67800000002014
492,13.682000000020954
492,13.68600000002177
492,13.690000000022584
492,13.694000000023399
491,13.698000000024214
491,13.702000000025029
491,13.706000000025844
491,13.710000000026659
491,13.714000000027474
491,13.718000000028288
491,13.722000000029103
491,13.726000000029918
491,13.730000000030733
491,13.734000000031548
491,13.738000000032363
492,13.742000000033178
492,13.746000000033993
492,13.750000000034808
492,13.754000000035623
492,13.758000000036438
492,13.762000000037252
492,13.766000000038067
492,13.770000000038882
492,13.774000000039697
492,13.778000000040512
492,13.782000000041327
492,13.786000000042142
492,13.790000000042957
492,13.794000000043772
492,13.798000000044587
492,13.802000000045402
493,13.806000000046216
493,13.810000000047031
492,13.814000000047846
492,13.818000000048661
492,13.822000000049476
492,13.826000000050291
492,13.830000000000174
492,13.834000000000989
492,13.838000000001804
493,13.842000000002619
493,13.846000000003434
493,13.850000000004249
492,13.854000000005064
492,13.858000000005879
492,13.862000000006693
492,13.866000000007508
492,13.870000000008323
492,13.874000000009138
492,13.878000000009953
492,13.882000000010768
492,13.886000000011583
492,13.890000000012398
492,13.894000000013213
492,13.898000000014028
492,13.902000000014842
492,13.906000000015657
492,13.910000000016472
492,13.914000000017287
492,13.918000000018102
493,13.922000000018917
493,13.926000000019732
493,13.930000000020547
493,13.934000000021362
493,13.938000000022177
492,13.942000000022992
492,13.946000000023806
492,13.950000000024621
492,13.954000000025436
492,13.958000000026251
492,13.962000000027066
493,13.966000000027881
493,13.970000000028696
494,13.97400000002951
494,13.978000000030326
494,13.98200000003114
494,13.986000000031956
494,13.99000000003277
494,13.994000000033585
494,13.9980000000344
494,14.002000000035215
494,14.00600000003603
494,14.010000000036845
494,14.01400000003766
493,14.018000000038475
493,14.02200000003929
492,14.026000000040105
492,14.03000000004092
492,14.034000000041734
492,14.03800000004255
493,14.042000000043364
493,14.04600000004418
493,14.050000000044994
493,14.054000000045809
493,14.058000000046624
492,14.062000000047439
492,14.066000000048254
491,14.070000000049069
491,14.074000000049883
492,14.078000000050698
495,14.082000000000582
502,14.086000000001397
514,14.090000000002211
527,14.094000000003026
538,14.098000000003841
541,14.102000000004656
534,14.106000000005471
518,14.110000000006286
499,14.1140000000071
485,14.118000000007916
478,14.12200000000873
479,14.126000000009546
485,14.13000000001036
490,14.134000000011175
493,14.13800000001199
494,14.142000000012805
493,14.14600000001362
493,14.150000000014435
493,14.15400000001525
493,14.158000000016065
493,14.16200000001688
493,14.166000000017695
493,14.17000000001851
493,14.174000000019324
493,14.17800000002014
493,14.182000000020954
493,14.18600000002177
493,14.190000000022584
494,14.194000000023399
494,14.198000000024214
494,14.202000000025029
494,14.206000000025844
494,14.210000000026659
494,14.214000000027474
494,14.218000000028288
495,14.222000000029103
495,14.226000000029918
495,14.230000000030733
495,14.234000000031548
496,14.238000000032363
496,14.242000000033178
496,14.246000000033993
497,14.250000000034808
497,14.254000000035623
497,14.258000000036438
498,14.262000000037252
498,14.266000000038067
499,14.270000000038882
499,14.274000000039697
500,14.278000000040512
500,14.282000000041327
501,14.286000000042142
502,14.290000000042957
503,14.294000000043772
503,14.298000000044587
504,14.302000000045402
504,14.306000000046216
505,14.310000000047031
505,14.314000000047846
506,14.318000000048661
506,14.322000000049476
507,14.326000000050291
507,14.330000000051106
507,14.334000000000989
508,14.338000000001804
507,14.342000000002619
507,14.346000000003434
507,14.350000000004249
506,14.354000000005064
505,14.358000000005879
503,14.362000000006693
502,14.366000000007508
500,14.370000000008323
499,14.374000000009138
497,14.378000000009953
495,14.382000000010768
494,14.386000000011583
493,14.390000000012398
492,14.394000000013213
492,14.398000000014028
492,14.402000000014842
492,14.406000000015657
491,14.410000000016472
491,14.414000000017287
490,14.418000000018102
490,14.422000000018917
490,14.426000000019732
490,14.430000000020547
490,14.434000000021362
491,14.438000000022177
491,14.442000000022992
491,14.446000000023806
491,14.450000000024621
491,14.454000000025436
491,14.458000000026251
491,14.462000000027066
491,14.466000000027881
491,14.470000000028696
491,14.47400000002951
491,14.478000000030326
491,14.48200000003114
491,14.486000000031956
491,14.49000000003277
491,14.494000000033585
491,14.4980000000344
492,14.502000000035215
492,14.50600000003603
492,14.510000000036845
492,14.51400000003766
492,14.518000000038475
492,14.52200000003929
492,14.526000000040105
492,14.53000000004092
492,14.534000000041734
491,14.53800000004255
491,14.542000000043364
491,14.54600000004418
491,14.550000000044994
491,14.554000000045809
491,14.558000000046624
492,14.562000000047439
491,14.566000000048254
491,14.570000000049069
491,14.574000000049883
491,14.578000000050698
491,14.582000000051513
491,14.586000000001397
491,14.590000000002211
491,14.594000000003026
491,14.598000000003841
491,14.602000000004656
491,14.606000000005471
491,14.610000000006286
491,14.6140000000071
491,14.618000000007916
491,14.62200000000873
491,14.626000000009546
491,14.63000000001036
491,14.634000000011175
491,14.63800000001199
491,14.642000000012805
491,14.64600000001362
491,14.650000000014435
491,14.65400000001525
491,14.658000000016065
491,14.66200000001688
491,14.666000000017695
491,14.67000000001851
492,14.674000000019324
492,14.67800000002014
493,14.682000000020954
493,14.68600000002177
493,14.690000000022584
493,14.694000000023399
493,14.698000000024214
493,14.702000000025029
493,14.706000000025844
492,14.710000000026659
492,14.714000000027474
491,14.718000000028288
491,14.722000000029103
491,14.726000000029918
491,14.730000000030733
491,14.734000000031548
491,14.738000000032363
491,14.742000000033178
491,14.746000000033993
491,14.750000000034808
491,14.754000000035623
491,14.758000000036438
491,14.762000000037252
491,14.766000000038067
490,14.770000000038882
489,14.774000000039697
491,14.778000000040512
495,14.782000000041327
503,14.786000000042142
515,14.790000000042957
529,14.794000000043772
539,14.798000000044587
539,14.802000000045402
530,14.806000000046216
513,14.810000000047031
495,14.814000000047846
481,14.818000000048661
476,14.822000000049476
477,14.826000000050291
483,14.830000000051106
488,14.83400000005192
491,14.838000000001804
492,14.842000000002619
492,14.846000000003434
492,14.850000000004249
491,14.854000000005064
491,14.858000000005879
491,14.862000000006693
491,14.866000000007508
491,14.870000000008323
491,14.874000000009138
492,14.878000000009953
492,14.882000000010768
492,14.886000000011583
493,14.890000000012398
493,14.894000000013213
493,14.898000000014028
493,14.902000000014842
493,14.906000000015657
493,14.910000000016472
493,14.914000000017287
493,14.918000000018102
494,14.922000000018917
494,14.926000000019732
494,14.930000000020547
494,14.934000000021362
494,14.938000000022177
495,14.942000000022992
495,14.946000000023806
495,14.950000000024621
496,14.954000000025436
496,14.958000000026251
497,14.962000000027066
497,14.966000000027881
498,14.970000000028696
498,14.97400000002951
499,14.978000000030326
499,14.98200000003114
500,14.986000000031956
501,14.99000000003277
501,14.994000000033585
502,14.9980000000344
502,15.002000000035215
503,15.00600000003603
504,15.010000000036845
504,15.01400000003766
505,15.018000000038475
505,15.02200000003929
505,15.026000000040105
506,15.03000000004092
506,15.034000000041734
506,15.03800000004255
506,15.042000000043364
506,15.04600000004418
505,15.050000000044994
504,15.054000000045809
503,15.058000000046624
501,15.062000000047439
499,15.066000000048254
498,15.070000000049069
496,15.074000000049883
495,15.078000000050698
494,15.082000000051513
493,15.086000000052328
492,15.090000000002211
492,15.094000000003026
491,15.098000000003841
491,15.102000000004656
490,15.106000000005471
490,15.110000000006286
490,15.1140000000071
490,15.118000000007916
490,15.12200000000873
490,15.126000000009546
490,15.13000000001036
490,15.134000000011175
490,15.13800000001199
489,15.142000000012805
489,15.14600000001362
489,15.150000000014435
489,15.15400000001525
490,15.158000000016065
490,15.16200000001688
490,15.166000000017695
490,15.17000000001851
490,15.174000000019324
490,15.17800000002014
490,15.182000000020954
490,15.18600000002177
490,15.190000000022584
490,15.194000000023399
490,15.198000000024214
491,15.202000000025029
491,15.206000000025844
491,15.210000000026659
491,15.214000000027474
491,15.218000000028288
491,15.222000000029103
491,15.226000000029918
491,15.230000000030733
491,15.234000000031548
491,15.238000000032363
491,15.242000000033178
491,15.246000000033993
491,15.250000000034808
491,15.254000000035623
490,15.258000000036438
490,15.262000000037252
490,15.266000000038067
490,15.270000000038882
490,15.274000000039697
490,15.278000000040512
490,15.282000000041327
490,15.286000000042142
490,15.290000000042957
490,15.294000000043772
490,15.298000000044587
490,15.302000000045402
490,15.306000000046216
490,15.310000000047031
490,15.314000000047846
490,15.318000000048661
490,15.322000000049476
490,15.326000000050291
491,15.330000000051106
491,15.33400000005192
490,15.338000000052736
490,15.342000000002619
490,15.346000000003434
490,15.350000000004249
491,15.354000000005064
491,15.358000000005879
491,15.362000000006693
492,15.366000000007508
492,15.370000000008323
492,15.374000000009138
492,15.378000000009953
492,15.382000000010768
492,15.386000000011583
492,15.390000000012398
492,15.394000000013213
492,15.398000000014028
492,15.402000000014842
492,15.406000000015657
491,15.410000000016472
491,15.414000000017287
490,15.418000000018102
490,15.422000000018917
489,15.426000000019732
489,15.430000000020547
489,15.434000000021362
490,15.438000000022177
490,15.442000000022992
491,15.446000000023806
491,15.450000000024621
491,15.454000000025436
490,15.458000000026251
489,15.462000000027066
489,15.466000000027881
491,15.470000000028696
495,15.47400000002951
503,15.478000000030326
514,15.48200000003114
527,15.486000000031956
536,15.49000000003277
537,15.494000000033585
529,15.4980000000344
513,15.502000000035215
495,15.50600000003603
481,15.510000000036845
475,15.51400000003766
476,15.518000000038475
482,15.52200000003929
487,15.526000000040105
490,15.53000000004092
491,15.534000000041734
491,15.53800000004255
491,15.542000000043364
491,15.54600000004418
490,15.550000000044994
490,15.554000000045809
490,15.558000000046624
491,15.562000000047439
491,15.566000000048254
491,15.570000000049069
491,15.574000000049883
491,15.578000000050698
492,15.582000000051513
492,15.586000000052328
492,15.590000000053143
492,15.594000000003026
492,15.598000000003841
492,15.602000000004656
493,15.606000000005471
493,15.610000000006286
493,15.6140000000071
493,15.618000000007916
493,15.62200000000873
493,15.626000000009546
494,15.63000000001036
494,15.634000000011175
494,15.63800000001199
495,15.642000000012805
495,15.64600000001362
495,15.650000000014435
496,15.65400000001525
496,15.658000000016065
496,15.66200000001688
497,15.666000000017695
498,15.67000000001851
498,15.674000000019324
499,15.67800000002014
500,15.682000000020954
500,15.68600000002177
501,15.690000000022584
502,15.694000000023399
502,15.698000000024214
503,15.702000000025029
503,15.706000000025844
504,15.710000000026659
504,15.714000000027474
505,15.718000000028288
505,15.722000000029103
505,15.726000000029918
505,15.730000000030733
505,15.734000000031548
505,15.738000000032363
504,15.742000000033178
503,15.746000000033993
502,15.750000000034808
501,15.754000000035623
499,15.758000000036438
498,15.762000000037252
496,15.766000000038067
495,15.770000000038882
494,15.774000000039697
493,15.778000000040512
492,15.782000000041327
491,15.786000000042142
490,15.790000000042957
490,15.794000000043772
490,15.798000000044587
490,15.802000000045402
490,15.806000000046216
490,15.810000000047031
490,15.814000000047846
489,15.818000000048661
489,15.822000000049476
489,15.826000000050291
489,15.830000000051106
489,15.83400000005192
489,15.838000000052736
489,15.84200000005355
490,15.845999999996158
490,15.849999999996973
490,15.853999999997788
490,15.857999999998603
489,15.861999999999417
489,15.866000000000232
490,15.870000000001047
490,15.874000000001862
490,15.878000000002677
491,15.882000000003492
491,15.886000000004307
490,15.890000000005122
490,15.894000000005937
490,15.898000000006752
490,15.902000000007567
490,15.906000000008381
490,15.910000000009196
490,15.914000000010011
490,15.918000000010826
490,15.922000000011641
491,15.926000000012456
490,15.93000000001327
490,15.934000000014086
490,15.9380000000149
490,15.942000000015716
490,15.94600000001653
490,15.950000000017345
490,15.95400000001816
490,15.958000000018975
490,15.96200000001979
490,15.966000000020605
490,15.97000000002142
490,15.974000000022235
490,15.97800000002305
490,15.982000000023865
490,15.98600000002468
490,15.990000000025494
490,15.99400000002631
490,15.998000000027124
490,16.00200000002794
490,16.006000000028756
490,16.01000000002957
490,16.014000000030386
490,16.0180000000312
490,16.022000000032016
490,16.02600000003283
490,16.030000000033645
490,16.03400000003446
490,16.038000000035275
491,16.04200000003609
491,16.046000000036905
491,16.05000000003772
491,16.054000000038535
491,16.05800000003935
491,16.062000000040165
491,16.06600000004098
491,16.070000000041794
491,16.07400000004261
491,16.078000000043424
491,16.08200000004424
492,16.086000000045054
492,16.09000000004587
493,16.094000000046684
493,16.097
492,16.101000000000816
492,16.10500000000163
492,16.109000000002446
492,16.11300000000326
492,16.117000000004076
492,16.12100000000489
491,16.125000000005706
491,16.12900000000652
491,16.133000000007335
491,16.13700000000815
490,16.141000000008965
490,16.14500000000978
490,16.149000000010595
490,16.15300000001141
491,16.157000000012225
491,16.16100000001304
491,16.165000000013855
491,16.16900000001467
490,16.173000000015485
489,16.1770000000163
489,16.181000000017114
492,16.18500000001793
499,16.189000000018744
511,16.19300000001956
524,16.197000000020374
535,16.20100000002119
540,16.205000000022004
534,16.20900000002282
520,16.213000000023634
502,16.21700000002445
486,16.221000000025263
478,16.22500000002608
478,16.229000000026893
482,16.233000000027708
488,16.237000000028523
491,16.241000000029338
493,16.245000000030153
492,16.249000000030968
492,16.253000000031783
491,16.257000000032598
491,16.261000000033413
491,16.265000000034227
491,16.269000000035042
491,16.273000000035857
491,16.277000000036672
492,16.281000000037487
492,16.285000000038302
492,16.289000000039117
492,16.29300000003993
492,16.297000000040747
493,16.30100000004156
493,16.305000000042376
493,16.30900000004319
493,16.313000000044006
493,16.31700000004482
494,16.321000000045636
494,16.32500000004645
494,16.329000000047266
494,16.33300000004808
495,16.337000000048896
495,16.34100000004971
495,16.345000000050526
495,16.34900000000041
496,16.353000000001224
496,16.35700000000204
497,16.361000000002853
497,16.36500000000367
498,16.369000000004483
498,16.373000000005298
499,16.377000000006113
499,16.381000000006928
500,16.385000000007743
500,16.389000000008558
501,16.393000000009373
502,16.397000000010188
503,16.401000000011003
504,16.405000000011817
504,16.409000000012632
505,16.413000000013447
505,16.417000000014262
506,16.421000000015077
506,16.425000000015892
506,16.429000000016707
507,16.433000000017522
508,16.437000000018337
508,16.44100000001915
508,16.445000000019967
508,16.44900000002078
507,16.453000000021596
506,16.45700000002241
504,16.461000000023226
503,16.46500000002404
501,16.469000000024856
500,16.47300000002567
498,16.477000000026486
497,16.4810000000273
496,16.485000000028116
495,16.48900000002893
493,16.493000000029745
492,16.49700000003056
492,16.501000000031375
491,16.50500000003219
491,16.509000000033005
490,16.51300000003382
490,16.517000000034635
490,16.52100000003545
490,16.525000000036265
490,16.52900000003708
490,16.533000000037894
490,16.53700000003871
490,16.541000000039524
490,16.54500000004034
490,16.549000000041154
490,16.55300000004197
490,16.557000000042784
491,16.5610000000436
491,16.565000000044414
491,16.56900000004523
491,16.573000000046044
491,16.57700000004686
491,16.581000000047673
491,16.58500000004849
491,16.589000000049303
491,16.593000000050118
491,16.597000000050933
491,16.601000000000816
491,16.60500000000163
491,16.609000000002446
491,16.61300000000326
491,16.617000000004076
491,16.62100000000489
491,16.625000000005706
491,16.62900000000652
491,16.633000000007335
492,16.63700000000815
492,16.641000000008965
492,16.64500000000978
491,16.649000000010595
491,16.65300000001141
491,16.657000000012225
491,16.66100000001304
491,16.665000000013855
491,16.66900000001467
491,16.673000000015485
491,16.6770000000163
492,16.681000000017114
492,16.68500000001793
492,16.689000000018744
491,16.69300000001956
491,16.697000000020374
491,16.70100000002119
491,16.705000000022004
491,16.70900000002282
491,16.713000000023634
491,16.71700000002445
491,16.721000000025263
492,16.72500000002608
492,16.729000000026893
491,16.733000000027708
491,16.737000000028523
491,16.741000000029338
491,16.745000000030153
492,16.749000000030968
492,16.753000000031783
492,16.757000000032598
492,16.761000000033413
492,16.765000000034227
492,16.769000000035042
492,16.773000000035857
492,16.777000000036672
493,16.781000000037487
493,16.785000000038302
493,16.789000000039117
493,16.79300000003993
493,16.797000000040747
493,16.80100000004156
493,16.805000000042376
492,16.80900000004319
492,16.813000000044006
492,16.81700000004482
491,16.821000000045636
491,16.82500000004645
491,16.829000000047266
491,16.83300000004808
491,16.837000000048896
492,16.84100000004971
492,16.845000000050526
492,16.84900000005134
492,16.853000000001224
492,16.85700000000204
491,16.861000000002853
491,16.86500000000367
490,16.869000000004483
490,16.873000000005298
493,16.877000000006113
499,16.881000000006928
510,16.885000000007743
522,16.889000000008558
534,16.893000000009373
539,16.897000000010188
535,16.901000000011003
521,16.905000000011817
504,16.909000000012632
489,16.913000000013447
480,16.917000000014262
479,16.921000000015077
483,16.925000000015892
489,16.929000000016707
492,16.933000000017522
493,16.937000000018337
493,16.94100000001915
493,16.945000000019967
492,16.94900000002078
492,16.953000000021596
492,16.95700000002241
492,16.961000000023226
493,16.96500000002404
493,16.969000000024856
493,16.97300000002567
493,16.977000000026486
493,16.9810000000273
493,16.985000000028116
493,16.98900000002893
493,16.993000000029745
494,16.99700000003056
494,17.001000000031375
494,17.00500000003219
495,17.009000000033005
495,17.01300000003382
495,17.017000000034635
495,17.02100000003545
495,17.025000000036265
495,17.02900000003708
496,17.033000000037894
496,17.03700000003871
496,17.041000000039524
497,17.04500000004034
497,17.049000000041154
497,17.05300000004197
498,17.057000000042784
498,17.0610000000436
498,17.065000000044414
499,17.06900000004523
500,17.073000000046044
501,17.07700000004686
501,17.081000000047673
502,17.08500000004849
503,17.089000000049303
503,17.093000000050118
504,17.097000000050933
505,17.101000000051748
505,17.105999999998197
506,17.109999999999012
506,17.113999999999827
507,17.11800000000064
508,17.122000000001456
508,17.12600000000227
508,17.130000000003086
509,17.1340000000039
508,17.138000000004716
508,17.14200000000553
507,17.146000000006346
506,17.15000000000716
505,17.154000000007976
504,17.15800000000879
502,17.162000000009606
501,17.16600000001042
499,17.170000000011235
497,17.17400000001205
496,17.178000000012865
495,17.18200000001368
494,17.186000000014495
493,17.19000000001531
492,17.194000000016125
492,17.19800000001694
492,17.202000000017755
492,17.20600000001857
492,17.210000000019384
491,17.2140000000202
491,17.218000000021014
491,17.22200000002183
491,17.226000000022644
491,17.23000000002346
491,17.234000000024274
491,17.23800000002509
491,17.242000000025904
491,17.24600000002672
491,17.250000000027534
492,17.25400000002835
492,17.258000000029163
491,17.26200000002998
491,17.266000000030793
491,17.270000000031608
491,17.274000000032423
492,17.278000000033238
492,17.282000000034053
492,17.286000000034868
492,17.290000000035683
492,17.294000000036498
492,17.298000000037312
492,17.302000000038127
492,17.306000000038942
492,17.310000000039757
492,17.314000000040572
492,17.318000000041387
492,17.322000000042202
492,17.326000000043017
492,17.33000000004383
492,17.334000000044647
492,17.33800000004546
492,17.342000000046276
492,17.34600000004709
492,17.350000000047906
492,17.35400000004872
492,17.357999999998604
492,17.36199999999942
492,17.366000000000234
492,17.37000000000105
492,17.374000000001864
492,17.37800000000268
492,17.382000000003494
492,17.38600000000431
491,17.390000000005124
492,17.39400000000594
492,17.398000000006753
492,17.40200000000757
492,17.406000000008383
492,17.410000000009198
492,17.414000000010013
492,17.418000000010828
492,17.422000000011643
492,17.426000000012458
492,17.430000000013273
492,17.434000000014088
492,17.438000000014902
493,17.442000000015717
493,17.446000000016532
493,17.450000000017347
493,17.454000000018162
492,17.458000000018977
492,17.462000000019792
492,17.466000000020607
492,17.47000000002142
493,17.474000000022237
493,17.47800000002305
494,17.482000000023866
494,17.48600000002468
494,17.490000000025496
494,17.49400000002631
493,17.498000000027126
492,17.50200000002794
492,17.506000000028756
492,17.51000000002957
492,17.514000000030386
492,17.5180000000312
492,17.522000000032016
492,17.52600000003283
492,17.530000000033645
492,17.53400000003446
492,17.538000000035275
492,17.54200000003609
492,17.546000000036905
492,17.55000000003772
492,17.554000000038535
491,17.55800000003935
490,17.562000000040165
491,17.56600000004098
495,17.570000000041794
503,17.57400000004261
515,17.578000000043424
528,17.58200000004424
538,17.586000000045054
539,17.59000000004587
530,17.594000000046684
513,17.5980000000475
495,17.602000000048314
482,17.60600000004913
477,17.609999999999012
480,17.613999999999827
485,17.61800000000064
490,17.622000000001456
493,17.62600000000227
493,17.630000000003086
493,17.6340000000039
493,17.638000000004716
493,17.64200000000553
493,17.646000000006346
493,17.65000000000716
493,17.654000000007976
493,17.65800000000879
493,17.662000000009606
492,17.66600000001042
492,17.670000000011235
493,17.67400000001205
493,17.678000000012865
493,17.68200000001368
494,17.686000000014495
494,17.69000000001531
494,17.694000000016125
494,17.69800000001694
494,17.702000000017755
494,17.70600000001857
494,17.710000000019384
495,17.7140000000202
495,17.718000000021014
495,17.72200000002183
495,17.726000000022644
495,17.73000000002346
495,17.734000000024274
496,17.73800000002509
496,17.742000000025904
497,17.74600000002672
497,17.750000000027534
498,17.75400000002835
499,17.758000000029163
499,17.76200000002998
500,17.766000000030793
501,17.770000000031608
501,17.774000000032423
502,17.778000000033238
502,17.782000000034053
503,17.786000000034868
503,17.790000000035683
504,17.794000000036498
505,17.798000000037312
505,17.802000000038127
506,17.806000000038942
506,17.810000000039757
507,17.814000000040572
507,17.818000000041387
507,17.822000000042202
507,17.826000000043017
507,17.83000000004383
507,17.834000000044647
507,17.83800000004546
505,17.842000000046276
504,17.84600000004709
502,17.850000000047906
501,17.85400000004872
499,17.858000000049536
497,17.86199999999942
496,17.866000000000234
495,17.87000000000105
493,17.874000000001864
493,17.87800000000268
492,17.882000000003494
492,17.88600000000431
491,17.890000000005124
491,17.89400000000594
491,17.898000000006753
490,17.90200000000757
490,17.906000000008383
490,17.910000000009198
490,17.914000000010013
490,17.918000000010828
490,17.922000000011643
490,17.926000000012458
490,17.930000000013273
490,17.934000000014088
490,17.938000000014902
490,17.942000000015717
490,17.946000000016532
490,17.950000000017347
490,17.954000000018162
490,17.958000000018977
490,17.962000000019792
490,17.966000000020607
490,17.97000000002142
490,17.974000000022237
490,17.97800000002305
491,17.982000000023866
491,17.98600000002468
491,17.990000000025496
491,17.99400000002631
491,17.998000000027126
491,18.00200000002794
491,18.006000000028756
491,18.01000000002957
491,18.014000000030386
491,18.0180000000312
491,18.022000000032016
491,18.02600000003283
490,18.030000000033645
491,18.03400000003446
491,18.038000000035275
491,18.04200000003609
491,18.046000000036905
491,18.05000000003772
491,18.054000000038535
491,18.05800000003935
491,18.062000000040165
491,18.06600000004098
491,18.070000000041794
491,18.07400000004261
491,18.078000000043424
491,18.08200000004424
491,18.086000000045054
491,18.09000000004587
491,18.094000000046684
491,18.0980000000475
491,18.102000000048314
491,18.10600000004913
490,18.110000000049943
491,18.114999999996392
491,18.118999999997207
491,18.122999999998022
491,18.126999999998837
491,18.130999999999652
491,18.135000000000467
491,18.139000000001282
491,18.143000000002097
492,18.14700000000291
492,18.151000000003727
492,18.15500000000454
492,18.159000000005356
493,18.16300000000617
493,18.167000000006986
492,18.1710000000078
492,18.175000000008616
491,18.17900000000943
491,18.183000000010246
490,18.18700000001106
490,18.191000000011876
490,18.19500000001269
490,18.199000000013505
490,18.20300000001432
491,18.207000000015135
491,18.21100000001595
491,18.215000000016765
491,18.21900000001758
491,18.223000000018395
491,18.22700000001921
491,18.231000000020025
490,18.23500000002084
489,18.239000000021655
488,18.24300000002247
489,18.247000000023284
493,18.2510000000241
502,18.255000000024914
514,18.25900000002573
529,18.263000000026544
539,18.26700000002736
540,18.271000000028174
530,18.27500000002899
513,18.279000000029804
494,18.28300000003062
481,18.287000000031433
476,18.29100000003225
478,18.295000000033063
483,18.299000000033878
488,18.303000000034693
490,18.307000000035508
491,18.311000000036323
491,18.315000000037138
491,18.319000000037953
491,18.323000000038768
491,18.327000000039583
491,18.331000000040397
491,18.335000000041212
491,18.339000000042027
491,18.343000000042842
491,18.347000000043657
491,18.351000000044472
491,18.355000000045287
492,18.3590000000461
492,18.363000000046917
492,18.3669999999968
492,18.370999999997615
492,18.37499999999843
492,18.378999999999245
492,18.38300000000006
493,18.387000000000874
493,18.39100000000169
493,18.395000000002504
494,18.39900000000332
494,18.403000000004134
495,18.40700000000495
495,18.411000000005764
495,18.41500000000658
495,18.419000000007394
495,18.42300000000821
495,18.427000000009023
496,18.43100000000984
496,18.435000000010653
497,18.439000000011468
498,18.443000000012283
499,18.447000000013098
499,18.451000000013913
500,18.455000000014728
500,18.459000000015543
501,18.463000000016358
501,18.467000000017173
502,18.471000000017987
503,18.475000000018802
503,18.479000000019617
504,18.483000000020432
504,18.487000000021247
505,18.491000000022062
505,18.495000000022877
505,18.499000000023692
506,18.503000000024507
506,18.50700000002532
506,18.511000000026137
506,18.51500000002695
505,18.519000000027766
503,18.52300000002858
502,18.527000000029396
501,18.53100000003021
499,18.535000000031026
498,18.53900000003184
496,18.543000000032656
495,18.54700000003347
493,18.551000000034286
492,18.5550000000351
492,18.559000000035915
491,18.56300000003673
491,18.567000000037545
490,18.57100000003836
490,18.575000000039175
490,18.57900000003999
489,18.583000000040805
489,18.58700000004162
489,18.591000000042435
489,18.59500000004325
489,18.599000000044065
489,18.60300000004488
489,18.607000000045694
489,18.61100000004651
489,18.615000000047324
489,18.618999999997207
489,18.622999999998022
489,18.626999999998837
490,18.630999999999652
490,18.635000000000467
490,18.639000000001282
490,18.643000000002097
490,18.64700000000291
490,18.651000000003727
490,18.65500000000454
490,18.659000000005356
490,18.66300000000617
491,18.667000000006986
491,18.6710000000078
491,18.675000000008616
491,18.67900000000943
491,18.683000000010246
491,18.68700000001106
491,18.691000000011876
491,18.69500000001269
491,18.699000000013505
490,18.70300000001432
490,18.707000000015135
490,18.71100000001595
490,18.715000000016765
491,18.71900000001758
491,18.723000000018395
491,18.72700000001921
491,18.731000000020025
491,18.73500000002084
490,18.739000000021655
490,18.74300000002247
490,18.747000000023284
490,18.7510000000241
490,18.755000000024914
490,18.75900000002573
490,18.763000000026544
491,18.76700000002736
491,18.771000000028174
491,18.77500000002899
491,18.779000000029804
491,18.78300000003062
491,18.787000000031433
491,18.79100000003225
491,18.795000000033063
491,18.799000000033878
491,18.803000000034693
491,18.807000000035508
491,18.811000000036323
491,18.815000000037138
492,18.819000000037953
492,18.823000000038768
492,18.827000000039583
492,18.831000000040397
492,18.835000000041212
492,18.839000000042027
491,18.843000000042842
491,18.847000000043657
491,18.851000000044472
491,18.855000000045287
490,18.8590000000461
490,18.863000000046917
490,18.86700000004773
490,18.870999999997615
490,18.87499999999843
490,18.878999999999245
491,18.88300000000006
491,18.887000000000874
490,18.89100000000169
490,18.895000000002504
490,18.89900000000332
489,18.903000000004134
488,18.90700000000495
488,18.911000000005764
490,18.91500000000658
495,18.919000000007394
505,18.92300000000821
518,18.927000000009023
531,18.93100000000984
539,18.935000000010653
538,18.939000000011468
526,18.943000000012283
508,18.947000000013098
490,18.951000000013913
478,18.955000000014728
475,18.959000000015543
478,18.963000000016358
484,18.967000000017173
489,18.971000000017987
491,18.975000000018802
491,18.979000000019617
491,18.983000000020432
490,18.987000000021247
490,18.991000000022062
490,18.995000000022877
490,18.999000000023692
491,19.003000000024507
491,19.00700000002532
491,19.011000000026137
491,19.01500000002695
491,19.019000000027766
491,19.02300000002858
491,19.027000000029396
491,19.03100000003021
492,19.035000000031026
492,19.03900000003184
492,19.043000000032656
493,19.04700000003347
493,19.051000000034286
493,19.0550000000351
493,19.059000000035915
493,19.06300000003673
493,19.067000000037545
493,19.07100000003836
494,19.075000000039175
494,19.07900000003999
495,19.083000000040805
495,19.08700000004162
496,19.091000000042435
496,19.09500000004325
496,19.099000000044065
496,19.10300000004488
497,19.107000000045694
497,19.11100000004651
498,19.115000000047324
499,19.11900000004814
500,19.122000000001456
500,19.12600000000227
501,19.130000000003086
501,19.1340000000039
502,19.138000000004716
502,19.14200000000553
503,19.146000000006346
503,19.15000000000716
504,19.154000000007976
504,19.15800000000879
505,19.162000000009606
505,19.16600000001042
505,19.170000000011235
505,19.17400000001205
505,19.178000000012865
505,19.18200000001368
504,19.186000000014495
503,19.19000000001531
501,19.194000000016125
500,19.19800000001694
499,19.202000000017755
497,19.20600000001857
496,19.210000000019384
495,19.2140000000202
493,19.218000000021014
492,19.22200000002183
491,19.226000000022644
491,19.23000000002346
490,19.234000000024274
490,19.23800000002509
490,19.242000000025904
489,19.24600000002672
489,19.250000000027534
489,19.25400000002835
489,19.258000000029163
489,19.26200000002998
489,19.266000000030793
489,19.270000000031608
489,19.274000000032423
489,19.278000000033238
490,19.282000000034053
490,19.286000000034868
490,19.290000000035683
490,19.294000000036498
490,19.298000000037312
490,19.302000000038127
490,19.306000000038942
490,19.310000000039757
490,19.314000000040572
490,19.318000000041387
490,19.322000000042202
491,19.326000000043017
491,19.33000000004383
491,19.334000000044647
490,19.33800000004546
490,19.342000000046276
490,19.34600000004709
490,19.350000000047906
490,19.35400000004872
490,19.358000000049536
490,19.36200000005035
490,19.366000000051166
490,19.37000000005198
490,19.374000000001864
490,19.37800000000268
490,19.382000000003494
490,19.38600000000431
490,19.390000000005124
490,19.39400000000594
490,19.398000000006753
491,19.40200000000757
491,19.406000000008383
490,19.410000000009198
490,19.414000000010013
490,19.418000000010828
489,19.422000000011643
489,19.426000000012458
489,19.430000000013273
489,19.434000000014088
490,19.438000000014902
490,19.442000000015717
490,19.446000000016532
491,19.450000000017347
491,19.454000000018162
491,19.458000000018977
491,19.462000000019792
491,19.466000000020607
491,19.47000000002142
491,19.474000000022237
491,19.47800000002305
491,19.482000000023866
492,19.48600000002468
491,19.490000000025496
491,19.49400000002631
490,19.498000000027126
490,19.50200000002794
489,19.506000000028756
489,19.51000000002957
489,19.514000000030386
489,19.5180000000312
489,19.522000000032016
489,19.52600000003283
489,19.530000000033645
489,19.53400000003446
489,19.538000000035275
489,19.54200000003609
489,19.546000000036905
490,19.55000000003772
490,19.554000000038535
489,19.55800000003935
488,19.562000000040165
488,19.56600000004098
490,19.570000000041794
495,19.57400000004261
504,19.578000000043424
517,19.58200000004424
530,19.586000000045054
537,19.59000000004587
536,19.594000000046684
524,19.5980000000475
507,19.602000000048314
490,19.60600000004913
478,19.610000000049943
475,19.61400000005076
477,19.618000000051573
483,19.622000000052388
487,19.62600000000227
490,19.630000000003086
490,19.6340000000039
490,19.638000000004716
490,19.64200000000553
490,19.646000000006346
490,19.65000000000716
490,19.654000000007976
490,19.65800000000879
490,19.662000000009606
489,19.66600000001042
489,19.670000000011235
490,19.67400000001205
490,19.678000000012865
491,19.68200000001368
491,19.686000000014495
491,19.69000000001531
491,19.694000000016125
491,19.69800000001694
492,19.702000000017755
492,19.70600000001857
492,19.710000000019384
492,19.7140000000202
492,19.718000000021014
492,19.72200000002183
493,19.726000000022644
493,19.73000000002346
493,19.734000000024274
493,19.73800000002509
494,19.742000000025904
494,19.74600000002672
494,19.750000000027534
495,19.75400000002835
495,19.758000000029163
496,19.76200000002998
496,19.766000000030793
497,19.770000000031608
498,19.774000000032423
498,19.778000000033238
499,19.782000000034053
499,19.786000000034868
500,19.790000000035683
500,19.794000000036498
501,19.798000000037312
501,19.802000000038127
502,19.806000000038942
502,19.810000000039757
503,19.814000000040572
503,19.818000000041387
503,19.822000000042202
503,19.826000000043017
503,19.83000000004383
503,19.834000000044647
502,19.83800000004546
502,19.842000000046276
501,19.84600000004709
500,19.850000000047906
498,19.85400000004872
497,19.858000000049536
495,19.86200000005035
493,19.866000000051166
492,19.87000000005198
491,19.874000000052796
491,19.87800000000268
490,19.882000000003494
489,19.88600000000431
489,19.890000000005124
488,19.89400000000594
488,19.898000000006753
488,19.90200000000757
488,19.906000000008383
488,19.910000000009198
488,19.914000000010013
488,19.918000000010828
488,19.922000000011643
488,19.926000000012458
488,19.930000000013273
488,19.934000000014088
488,19.938000000014902
487,19.942000000015717
487,19.946000000016532
488,19.950000000017347
488,19.954000000018162
488,19.958000000018977
488,19.962000000019792
489,19.966000000020607
489,19.97000000002142
489,19.974000000022237
489,19.97800000002305
489,19.982000000023866
489,19.98600000002468
488,19.990000000025496
489,19.99400000002631
489,19.998000000027126
489,20.00200000002794
489,20.006000000028756
489,20.01000000002957
489,20.014000000030386
489,20.0180000000312
489,20.022000000032016
489,20.02600000003283
489,20.030000000033645
489,20.03400000003446
489,20.038000000035275
489,20.04200000003609
489,20.046000000036905
489,20.05000000003772
489,20.054000000038535
489,20.05800000003935
489,20.062000000040165
489,20.06600000004098
489,20.070000000041794
489,20.07400000004261
489,20.078000000043424
489,20.08200000004424
490,20.086000000045054
490,20.09000000004587
490,20.094000000046684
490,20.0980000000475
490,20.102000000048314
489,20.10600000004913
489,20.110000000049943
490,20.11400000005076
490,20.118000000051573
491,20.122000000052388
491,20.126000000053203
491,20.130999999999652
491,20.135000000000467
490,20.139000000001282
489,20.143000000002097
489,20.14700000000291
488,20.151000000003727
489,20.15500000000454
489,20.159000000005356
489,20.16300000000617
489,20.167000000006986
489,20.1710000000078
489,20.175000000008616
488,20.17900000000943
488,20.183000000010246
488,20.18700000001106
489,20.191000000011876
489,20.19500000001269
489,20.199000000013505
489,20.20300000001432
488,20.207000000015135
487,20.21100000001595
489,20.215000000016765
494,20.21900000001758
504,20.223000000018395
517,20.22700000001921
530,20.231000000020025
537,20.23500000002084
535,20.239000000021655
523,20.24300000002247
505,20.247000000023284
488,20.2510000000241
478,20.255000000024914
475,20.25900000002573
478,20.263000000026544
484,20.26700000002736
488,20.271000000028174
490,20.27500000002899
490,20.279000000029804
490,20.28300000003062
490,20.287000000031433
489,20.29100000003225
489,20.295000000033063
489,20.299000000033878
490,20.303000000034693
490,20.307000000035508
490,20.311000000036323
490,20.315000000037138
490,20.319000000037953
490,20.323000000038768
491,20.327000000039583
491,20.331000000040397
491,20.335000000041212
491,20.339000000042027
491,20.343000000042842
491,20.347000000043657
491,20.351000000044472
491,20.355000000045287
492,20.3590000000461
492,20.363000000046917
493,20.36700000004773
493,20.371000000048546
493,20.37500000004936
493,20.379000000050176
493,20.38300000000006
494,20.387000000000874
494,20.39100000000169
494,20.395000000002504
495,20.39900000000332
496,20.403000000004134
496,20.40700000000495
497,20.411000000005764
497,20.41500000000658
498,20.419000000007394
498,20.42300000000821
499,20.427000000009023
500,20.43100000000984
501,20.435000000010653
501,20.439000000011468
502,20.443000000012283
503,20.447000000013098
503,20.451000000013913
503,20.455000000014728
504,20.459000000015543
504,20.463000000016358
504,20.467000000017173
505,20.471000000017987
505,20.475000000018802
504,20.479000000019617
504,20.483000000020432
503,20.487000000021247
501,20.491000000022062
500,20.495000000022877
498,20.499000000023692
497,20.503000000024507
495,20.50700000002532
493,20.511000000026137
492,20.51500000002695
491,20.519000000027766
491,20.52300000002858
490,20.527000000029396
490,20.53100000003021
489,20.535000000031026
489,20.53900000003184
489,20.543000000032656
488,20.54700000003347
488,20.551000000034286
488,20.5550000000351
488,20.559000000035915
488,20.56300000003673
488,20.567000000037545
489,20.57100000003836
489,20.575000000039175
489,20.57900000003999
488,20.583000000040805
488,20.58700000004162
488,20.591000000042435
488,20.59500000004325
489,20.599000000044065
489,20.60300000004488
489,20.607000000045694
489,20.61100000004651
489,20.615000000047324
489,20.61900000004814
489,20.623000000048954
489,20.62700000004977
489,20.631000000050584
489,20.635000000000467
490,20.639000000001282
490,20.643000000002097
490,20.64700000000291
490,20.651000000003727
490,20.65500000000454
490,20.659000000005356
490,20.66300000000617
490,20.667000000006986
490,20.6710000000078
490,20.675000000008616
490,20.67900000000943
490,20.683000000010246
490,20.68700000001106
490,20.691000000011876
490,20.69500000001269
490,20.699000000013505
490,20.70300000001432
489,20.707000000015135
489,20.71100000001595
489,20.715000000016765
490,20.71900000001758
490,20.723000000018395
490,20.72700000001921
490,20.731000000020025
490,20.73500000002084
490,20.739000000021655
490,20.74300000002247
490,20.747000000023284
490,20.7510000000241
490,20.755000000024914
491,20.75900000002573
491,20.763000000026544
491,20.76700000002736
491,20.771000000028174
491,20.77500000002899
490,20.779000000029804
490,20.78300000003062
490,20.787000000031433
491,20.79100000003225
491,20.795000000033063
492,20.799000000033878
492,20.803000000034693
492,20.807000000035508
492,20.811000000036323
491,20.815000000037138
491,20.819000000037953
490,20.823000000038768
490,20.827000000039583
490,20.831000000040397
490,20.835000000041212
490,20.839000000042027
490,20.843000000042842
490,20.847000000043657
490,20.851000000044472
491,20.855000000045287
491,20.8590000000461
491,20.863000000046917
491,20.86700000004773
491,20.871000000048546
490,20.87500000004936
489,20.879000000050176
488,20.88300000005099
490,20.887000000000874
494,20.89100000000169
503,20.895000000002504
515,20.89900000000332
529,20.903000000004134
537,20.90700000000495
537,20.911000000005764
528,20.91500000000658
512,20.919000000007394
494,20.92300000000821
482,20.927000000009023
478,20.93100000000984
480,20.935000000010653
485,20.939000000011468
490,20.943000000012283
492,20.947000000013098
492,20.951000000013913
492,20.955000000014728
491,20.959000000015543
491,20.963000000016358
491,20.967000000017173
491,20.971000000017987
492,20.975000000018802
492,20.979000000019617
492,20.983000000020432
492,20.987000000021247
492,20.991000000022062
492,20.995000000022877
492,20.999000000023692
493,21.003000000024507
493,21.00700000002532
493,21.011000000026137
493,21.01500000002695
493,21.019000000027766
493,21.02300000002858
493,21.027000000029396
494,21.03100000003021
494,21.035000000031026
495,21.03900000003184
495,21.043000000032656
495,21.04700000003347
496,21.051000000034286
496,21.0550000000351
496,21.059000000035915
496,21.06300000003673
497,21.067000000037545
497,21.07100000003836
498,21.075000000039175
499,21.07900000003999
499,21.083000000040805
500,21.08700000004162
501,21.091000000042435
502,21.09500000004325
502,21.099000000044065
503,21.10300000004488
504,21.107000000045694
504,21.11100000004651
505,21.115000000047324
506,21.11900000004814
506,21.123000000048954
507,21.12700000004977
507,21.131000000050584
508,21.1350000000514
508,21.139000000001282
508,21.143000000002097
508,21.14700000000291
508,21.151000000003727
507,21.15500000000454
507,21.159000000005356
505,21.16300000000617
504,21.167000000006986
502,21.1710000000078
501,21.175000000008616
499,21.17900000000943
498,21.183000000010246
496,21.18700000001106
495,21.191000000011876
494,21.19500000001269
494,21.199000000013505
493,21.20300000001432
493,21.207000000015135
492,21.21100000001595
492,21.215000000016765
492,21.21900000001758
491,21.223000000018395
491,21.22700000001921
491,21.231000000020025
491,21.23500000002084
491,21.239000000021655
491,21.24300000002247
491,21.247000000023284
491,21.2510000000241
492,21.255000000024914
492,21.25900000002573
492,21.263000000026544
492,21.26700000002736
492,21.271000000028174
492,21.27500000002899
492,21.279000000029804
492,21.28300000003062
492,21.287000000031433
492,21.29100000003225
492,21.295000000033063
492,21.299000000033878
492,21.303000000034693
492,21.307000000035508
492,21.311000000036323
492,21.315000000037138
492,21.319000000037953
492,21.323000000038768
492,21.327000000039583
492,21.331000000040397
492,21.335000000041212
492,21.339000000042027
492,21.343000000042842
492,21.347000000043657
492,21.351000000044472
492,21.355000000045287
492,21.3590000000461
493,21.363000000046917
493,21.36700000004773
493,21.371000000048546
493,21.37500000004936
493,21.379000000050176
492,21.38300000005099
492,21.387000000051806
492,21.39100000000169
492,21.395000000002504
492,21.39900000000332
492,21.403000000004134
492,21.40700000000495
492,21.411000000005764
492,21.41500000000658
492,21.419000000007394
492,21.42300000000821
492,21.427000000009023
492,21.43100000000984
493,21.435000000010653
493,21.439000000011468
493,21.443000000012283
493,21.447000000013098
493,21.451000000013913
493,21.455000000014728
493,21.459000000015543
493,21.463000000016358
493,21.467000000017173
493,21.471000000017987
494,21.475000000018802
495,21.479000000019617
495,21.483000000020432
495,21.487000000021247
494,21.491000000022062
494,21.495000000022877
493,21.499000000023692
492,21.503000000024507
492,21.50700000002532
492,21.511000000026137
492,21.51500000002695
492,21.519000000027766
493,21.52300000002858
493,21.527000000029396
493,21.53100000003021
493,21.535000000031026
493,21.53900000003184
493,21.543000000032656
493,21.54700000003347
492,21.551000000034286
492,21.5550000000351
491,21.559000000035915
491,21.56300000003673
494,21.567000000037545
501,21.57100000003836
512,21.575000000039175
525,21.57900000003999
536,21.583000000040805
540,21.58700000004162
534,21.591000000042435
519,21.59500000004325
502,21.599000000044065
487,21.60300000004488
480,21.607000000045694
480,21.61100000004651
485,21.615000000047324
490,21.61900000004814
494,21.623000000048954
494,21.62700000004977
494,21.631000000050584
494,21.6350000000514
493,21.639000000052214
493,21.643000000002097
493,21.64700000000291
493,21.651000000003727
494,21.65500000000454
494,21.659000000005356
494,21.66300000000617
494,21.667000000006986
494,21.6710000000078
494,21.675000000008616
495,21.67900000000943
495,21.683000000010246
495,21.68700000001106
495,21.691000000011876
495,21.69500000001269
495,21.699000000013505
496,21.70300000001432
496,21.707000000015135
496,21.71100000001595
496,21.715000000016765
497,21.71900000001758
497,21.723000000018395
497,21.72700000001921
498,21.731000000020025
498,21.73500000002084
498,21.739000000021655
499,21.74300000002247
499,21.747000000023284
499,21.7510000000241
500,21.755000000024914
500,21.75900000002573
501,21.763000000026544
502,21.76700000002736
503,21.771000000028174
504,21.77500000002899
504,21.779000000029804
505,21.78300000003062
505,21.787000000031433
506,21.79100000003225
506,21.795000000033063
507,21.799000000033878
507,21.803000000034693
508,21.807000000035508
508,21.811000000036323
509,21.815000000037138
509,21.819000000037953
509,21.823000000038768
509,21.827000000039583
508,21.831000000040397
508,21.835000000041212
507,21.839000000042027
506,21.843000000042842
504,21.847000000043657
502,21.851000000044472
501,21.855000000045287
499,21.8590000000461
497,21.863000000046917
496,21.86700000004773
495,21.871000000048546
495,21.87500000004936
494,21.879000000050176
493,21.88300000005099
493,21.887000000051806
493,21.89100000005262
493,21.895000000002504
492,21.89900000000332
492,21.903000000004134
492,21.90700000000495
492,21.911000000005764
492,21.91500000000658
492,21.919000000007394
492,21.92300000000821
493,21.927000000009023
493,21.93100000000984
492,21.935000000010653
492,21.939000000011468
492,21.943000000012283
492,21.947000000013098
492,21.951000000013913
492,21.955000000014728
492,21.959000000015543
492,21.963000000016358
492,21.967000000017173
493,21.971000000017987
493,21.975000000018802
493,21.979000000019617
492,21.983000000020432
492,21.987000000021247
492,21.991000000022062
492,21.995000000022877
493,21.999000000023692
493,22.003000000024507
493,22.00700000002532
493,22.011000000026137
493,22.01500000002695
492,22.019000000027766
492,22.02300000002858
492,22.027000000029396
492,22.03100000003021
492,22.035000000031026
492,22.03900000003184
492,22.043000000032656
492,22.04700000003347
492,22.051000000034286
492,22.0550000000351
492,22.059000000035915
492,22.06300000003673
492,22.067000000037545
492,22.07100000003836
492,22.075000000039175
492,22.07900000003999
492,22.083000000040805
492,22.08700000004162
492,22.091000000042435
492,22.09500000004325
492,22.099000000044065
491,22.10300000004488
491,22.107000000045694
491,22.11100000004651
492,22.115000000047324
492,22.11900000004814
492,22.123000000048954
492,22.12700000004977
492,22.131000000050584
492,22.1350000000514
492,22.139000000052214
492,22.14300000005303
492,22.14599999999907
492,22.149999999999885
492,22.1540000000007
492,22.158000000001515
493,22.16200000000233
493,22.166000000003145
493,22.17000000000396
494,22.174000000004774
494,22.17800000000559
493,22.182000000006404
493,22.18600000000722
492,22.190000000008034
492,22.19400000000885
491,22.198000000009664
491,22.20200000001048
491,22.206000000011294
491,22.21000000001211
491,22.214000000012923
491,22.21800000001374
491,22.222000000014553
491,22.226000000015368
491,22.230000000016183
491,22.234000000016998
491,22.238000000017813
491,22.242000000018628
491,22.246000000019443
490,22.250000000020258
490,22.254000000021072
489,22.258000000021887
492,22.262000000022702
498,22.266000000023517
509,22.270000000024332
523,22.274000000025147
536,22.278000000025962
541,22.282000000026777
536,22.28600000002759
522,22.290000000028407
503,22.29400000002922
487,22.298000000030036
477,22.30200000003085
477,22.306000000031666
481,22.31000000003248
487,22.314000000033296
491,22.31800000003411
492,22.322000000034926
492,22.32600000003574
492,22.330000000036556
491,22.33400000003737
491,22.338000000038186
491,22.342000000039
491,22.346000000039815
491,22.35000000004063
491,22.354000000041445
492,22.35800000004226
492,22.362000000043075
492,22.36600000004389
492,22.370000000044705
493,22.37400000004552
493,22.378000000046335
492,22.38200000004715
492,22.386000000047964
492,22.39000000004878
492,22.394000000049594
493,22.397999999999477
493,22.402000000000292
493,22.406000000001107
494,22.410000000001922
494,22.414000000002737
494,22.418000000003552
495,22.422000000004367
495,22.426000000005182
495,22.430000000005997
495,22.43400000000681
496,22.438000000007627
497,22.44200000000844
497,22.446000000009256
497,22.45000000001007
498,22.454000000010886
498,22.4580000000117
498,22.462000000012516
499,22.46600000001333
500,22.470000000014146
501,22.47400000001496
502,22.478000000015776
502,22.48200000001659
503,22.486000000017405
504,22.49000000001822
504,22.494000000019035
504,22.49800000001985
505,22.502000000020665
505,22.50600000002148
505,22.510000000022295
506,22.51400000002311
506,22.518000000023925
506,22.52200000002474
506,22.526000000025554
506,22.53000000002637
504,22.534000000027184
503,22.538000000028
502,22.542000000028814
500,22.54600000002963
498,22.550000000030444
497,22.55400000003126
496,22.558000000032074
495,22.56200000003289
493,22.566000000033704
492,22.57000000003452
492,22.574000000035333
491,22.57800000003615
490,22.582000000036963
490,22.586000000037778
490,22.590000000038593
489,22.594000000039408
489,22.598000000040223
489,22.602000000041038
490,22.606000000041853
490,22.610000000042668
490,22.614000000043482
489,22.618000000044297
489,22.622000000045112
489,22.626000000045927
489,22.630000000046742
489,22.634000000047557
489,22.638000000048372
489,22.642000000049187
490,22.64600000005
490,22.649999999999885
490,22.6540000000007
490,22.658000000001515
490,22.66200000000233
490,22.666000000003145
490,22.67000000000396
490,22.674000000004774
490,22.67800000000559
491,22.682000000006404
491,22.68600000000722
491,22.690000000008034
491,22.69400000000885
490,22.698000000009664
490,22.70200000001048
490,22.706000000011294
490,22.71000000001211
490,22.714000000012923
490,22.71800000001374
490,22.722000000014553
491,22.726000000015368
491,22.730000000016183
491,22.734000000016998
490,22.738000000017813
490,22.742000000018628
490,22.746000000019443
490,22.750000000020258
490,22.754000000021072
490,22.758000000021887
490,22.762000000022702
490,22.766000000023517
491,22.770000000024332
490,22.774000000025147
490,22.778000000025962
490,22.782000000026777
489,22.78600000002759
490,22.790000000028407
490,22.79400000002922
490,22.798000000030036
491,22.80200000003085
491,22.806000000031666
491,22.81000000003248
491,22.814000000033296
491,22.81800000003411
491,22.822000000034926
491,22.82600000003574
492,22.830000000036556
492,22.83400000003737
492,22.838000000038186
492,22.842000000039
492,22.846000000039815
491,22.85000000004063
491,22.854000000041445
490,22.85800000004226
490,22.862000000043075
490,22.86600000004389
490,22.870000000044705
490,22.87400000004552
490,22.878000000046335
490,22.88200000004715
490,22.886000000047964
490,22.89000000004878
490,22.894000000049594
490,22.89800000005041
490,22.902000000000292
490,22.906000000001107
490,22.910000000001922
489,22.914000000002737
488,22.918000000003552
489,22.922000000004367
492,22.926000000005182
499,22.930000000005997
511,22.93400000000681
524,22.938000000007627
536,22.94200000000844
540,22.946000000009256
534,22.95000000001007
518,22.954000000010886
499,22.9580000000117
484,22.962000000012516
476,22.96600000001333
476,22.970000000014146
481,22.97400000001496
486,22.978000000015776
489,22.98200000001659
490,22.986000000017405
490,22.99000000001822
490,22.994000000019035
490,22.99800000001985
491,23.002000000020665
491,23.00600000002148
491,23.010000000022295
491,23.01400000002311
491,23.018000000023925
491,23.02200000002474
491,23.026000000025554
491,23.03000000002637
492,23.034000000027184
492,23.038000000028
492,23.042000000028814
492,23.04600000002963
492,23.050000000030444
492,23.05400000003126
493,23.058000000032074
493,23.06200000003289
493,23.066000000033704
493,23.07000000003452
493,23.074000000035333
494,23.07800000003615
494,23.082000000036963
495,23.086000000037778
495,23.090000000038593
495,23.094000000039408
495,23.098000000040223
495,23.102000000041038
496,23.106000000041853
496,23.110000000042668
497,23.114000000043482
497,23.118000000044297
498,23.122000000045112
499,23.126000000045927
499,23.130000000046742
500,23.134000000047557
501,23.138000000048372
501,23.142000000049187
502,23.14600000005
502,23.150000000050817
502,23.156000000001107
503,23.160000000001922
503,23.164000000002737
504,23.168000000003552
504,23.172000000004367
505,23.176000000005182
505,23.180000000005997
505,23.18400000000681
505,23.188000000007627
504,23.19200000000844
503,23.196000000009256
503,23.20000000001007
502,23.204000000010886
500,23.2080000000117
499,23.212000000012516
497,23.21600000001333
496,23.220000000014146
494,23.22400000001496
493,23.228000000015776
492,23.23200000001659
492,23.236000000017405
491,23.24000000001822
491,23.244000000019035
490,23.24800000001985
490,23.252000000020665
490,23.25600000002148
490,23.260000000022295
489,23.26400000002311
489,23.268000000023925
489,23.27200000002474
489,23.276000000025554
489,23.28000000002637
489,23.284000000027184
489,23.288000000028
490,23.292000000028814
490,23.29600000002963
489,23.300000000030444
489,23.30400000003126
489,23.308000000032074
489,23.31200000003289
489,23.316000000033704
490,23.32000000003452
490,23.324000000035333
491,23.32800000003615
491,23.332000000036963
491,23.336000000037778
490,23.340000000038593
490,23.344000000039408
490,23.348000000040223
490,23.352000000041038
491,23.356000000041853
491,23.360000000042668
491,23.364000000043482
491,23.368000000044297
491,23.372000000045112
491,23.376000000045927
491,23.380000000046742
490,23.384000000047557
490,23.388000000048372
490,23.392000000049187
490,23.39600000005
491,23.400000000050817
491,23.40400000005163
491,23.408000000001515
491,23.41200000000233
491,23.416000000003145
490,23.42000000000396
490,23.424000000004774
490,23.42800000000559
490,23.432000000006404
490,23.43600000000722
491,23.440000000008034
491,23.44400000000885
490,23.448000000009664
490,23.45200000001048
490,23.456000000011294
490,23.46000000001211
491,23.464000000012923
491,23.46800000001374
491,23.472000000014553
491,23.476000000015368
491,23.480000000016183
491,23.484000000016998
491,23.488000000017813
492,23.492000000018628
492,23.496000000019443
492,23.500000000020258
492,23.504000000021072
492,23.508000000021887
491,23.512000000022702
491,23.516000000023517
491,23.520000000024332
491,23.524000000025147
491,23.528000000025962
490,23.532000000026777
490,23.53600000002759
490,23.540000000028407
489,23.54400000002922
490,23.548000000030036
490,23.55200000003085
490,23.556000000031666
490,23.56000000003248
490,23.564000000033296
490,23.56800000003411
490,23.572000000034926
490,23.57600000003574
490,23.580000000036556
489,23.58400000003737
488,23.588000000038186
489,23.592000000039
493,23.596000000039815
501,23.60000000004063
513,23.604000000041445
527,23.60800000004226
537,23.612000000043075
539,23.61600000004389
530,23.620000000044705
514,23.62400000004552
495,23.628000000046335
481,23.63200000004715
475,23.636000000047964
476,23.64000000004878
482,23.644000000049594
487,23.64800000005041
490,23.652000000051224
491,23.65600000005204
491,23.660000000001922
491,23.664000000002737
491,23.668000000003552
490,23.672000000004367
490,23.676000000005182
491,23.680000000005997
491,23.68400000000681
491,23.688000000007627
491,23.69200000000844
491,23.696000000009256
491,23.70000000001007
491,23.704000000010886
491,23.7080000000117
492,23.712000000012516
492,23.71600000001333
492,23.720000000014146
493,23.72400000001496
493,23.728000000015776
493,23.73200000001659
493,23.736000000017405
493,23.74000000001822
493,23.744000000019035
494,23.74800000001985
494,23.752000000020665
494,23.75600000002148
495,23.760000000022295
495,23.76400000002311
496,23.768000000023925
496,23.77200000002474
497,23.776000000025554
497,23.78000000002637
497,23.784000000027184
498,23.788000000028
498,23.792000000028814
499,23.79600000002963
499,23.800000000030444
500,23.80400000003126
501,23.808000000032074
502,23.81200000003289
502,23.816000000033704
503,23.82000000003452
503,23.824000000035333
503,23.82800000003615
504,23.832000000036963
504,23.836000000037778
505,23.840000000038593
505,23.844000000039408
505,23.848000000040223
506,23.852000000041038
505,23.856000000041853
505,23.860000000042668
504,23.864000000043482
503,23.868000000044297
501,23.872000000045112
500,23.876000000045927
499,23.880000000046742
497,23.884000000047557
496,23.888000000048372
494,23.892000000049187
493,23.89600000005
492,23.900000000050817
492,23.90400000005163
491,23.908000000052446
490,23.91200000000233
490,23.916000000003145
490,23.92000000000396
490,23.924000000004774
490,23.92800000000559
490,23.932000000006404
490,23.93600000000722
489,23.940000000008034
489,23.94400000000885
489,23.948000000009664
489,23.95200000001048
489,23.956000000011294
489,23.96000000001211
489,23.964000000012923
490,23.96800000001374
490,23.972000000014553
490,23.976000000015368
490,23.980000000016183
490,23.984000000016998
490,23.988000000017813
490,23.992000000018628
490,23.996000000019443
490,24.000000000020258
491,24.004000000021072
491,24.008000000021887
491,24.012000000022702
491,24.016000000023517
491,24.020000000024332
490,24.024000000025147
490,24.028000000025962
491,24.032000000026777
491,24.03600000002759
491,24.040000000028407
491,24.04400000002922
491,24.048000000030036
491,24.05200000003085
491,24.056000000031666
491,24.06000000003248
491,24.064000000033296
491,24.06800000003411
491,24.072000000034926
491,24.07600000003574
491,24.080000000036556
491,24.08400000003737
491,24.088000000038186
491,24.092000000039
491,24.096000000039815
491,24.10000000004063
490,24.104000000041445
490,24.10800000004226
490,24.112000000043075
490,24.11600000004389
490,24.120000000044705
490,24.12400000004552
490,24.128000000046335
490,24.13200000004715
490,24.136000000047964
490,24.14000000004878
490,24.144000000049594
490,24.14800000005041
491,24.152000000051224
491,24.15600000005204
491,24.160000000052854
491,24.16200000000233
492,24.166000000003145
492,24.17000000000396
492,24.174000000004774
492,24.17800000000559
492,24.182000000006404
492,24.18600000000722
492,24.190000000008034
492,24.19400000000885
493,24.198000000009664
493,24.20200000001048
493,24.206000000011294
492,24.21000000001211
492,24.214000000012923
491,24.21800000001374
490,24.222000000014553
490,24.226000000015368
490,24.230000000016183
490,24.234000000016998
490,24.238000000017813
491,24.242000000018628
491,24.246000000019443
491,24.250000000020258
491,24.254000000021072
491,24.258000000021887
491,24.262000000022702
490,24.266000000023517
489,24.270000000024332
489,24.274000000025147
490,24.278000000025962
493,24.282000000026777
501,24.28600000002759
513,24.290000000028407
526,24.29400000002922
537,24.298000000030036
540,24.30200000003085
533,24.306000000031666
517,24.31000000003248
500,24.314000000033296
485,24.31800000003411
478,24.322000000034926
479,24.32600000003574
484,24.330000000036556
489,24.33400000003737
492,24.338000000038186
492,24.342000000039
492,24.346000000039815
491,24.35000000004063
491,24.354000000041445
491,24.35800000004226
491,24.362000000043075
491,24.36600000004389
492,24.370000000044705
492,24.37400000004552
492,24.378000000046335
492,24.38200000004715
492,24.386000000047964
492,24.39000000004878
492,24.394000000049594
492,24.39800000005041
492,24.402000000051224
493,24.40600000005204
493,24.410000000052854
493,24.414000000002737
494,24.418000000003552
494,24.422000000004367
494,24.426000000005182
494,24.430000000005997
494,24.43400000000681
494,24.438000000007627
495,24.44200000000844
495,24.446000000009256
496,24.45000000001007
496,24.454000000010886
496,24.4580000000117
496,24.462000000012516
497,24.46600000001333
497,24.470000000014146
498,24.47400000001496
499,24.478000000015776
499,24.48200000001659
500,24.486000000017405
501,24.49000000001822
502,24.494000000019035
503,24.49800000001985
503,24.502000000020665
504,24.50600000002148
505,24.510000000022295
505,24.51400000002311
506,24.518000000023925
506,24.52200000002474
507,24.526000000025554
507,24.53000000002637
507,24.534000000027184
507,24.538000000028
507,24.542000000028814
506,24.54600000002963
506,24.550000000030444
505,24.55400000003126
503,24.558000000032074
502,24.56200000003289
500,24.566000000033704
499,24.57000000003452
497,24.574000000035333
496,24.57800000003615
494,24.582000000036963
493,24.586000000037778
492,24.590000000038593
492,24.594000000039408
491,24.598000000040223
491,24.602000000041038
491,24.606000000041853
490,24.610000000042668
490,24.614000000043482
490,24.618000000044297
490,24.622000000045112
490,24.626000000045927
490,24.630000000046742
490,24.634000000047557
491,24.638000000048372
491,24.642000000049187
491,24.64600000005
491,24.650000000050817
491,24.65400000005163
491,24.658000000052446
491,24.66200000005326
491,24.666000000003145
491,24.67000000000396
491,24.674000000004774
491,24.67800000000559
491,24.682000000006404
491,24.68600000000722
491,24.690000000008034
491,24.69400000000885
491,24.698000000009664
491,24.70200000001048
491,24.706000000011294
491,24.71000000001211
491,24.714000000012923
491,24.71800000001374
492,24.722000000014553
492,24.726000000015368
492,24.730000000016183
492,24.734000000016998
492,24.738000000017813
491,24.742000000018628
491,24.746000000019443
491,24.750000000020258
491,24.754000000021072
491,24.758000000021887
491,24.762000000022702
491,24.766000000023517
492,24.770000000024332
492,24.774000000025147
492,24.778000000025962
491,24.782000000026777
491,24.78600000002759
491,24.790000000028407
491,24.79400000002922
491,24.798000000030036
492,24.80200000003085
492,24.806000000031666
492,24.81000000003248
492,24.814000000033296
492,24.81800000003411
491,24.822000000034926
491,24.82600000003574
492,24.830000000036556
492,24.83400000003737
492,24.838000000038186
492,24.842000000039
492,24.846000000039815
493,24.85000000004063
492,24.854000000041445
492,24.85800000004226
492,24.862000000043075
492,24.86600000004389
493,24.870000000044705
493,24.87400000004552
494,24.878000000046335
494,24.88200000004715
494,24.886000000047964
494,24.89000000004878
494,24.894000000049594
493,24.89800000005041
492,24.902000000051224
492,24.90600000005204
492,24.910000000052854
492,24.91400000005367
492,24.917999999996276
492,24.92199999999709
492,24.925999999997906
492,24.92999999999872
493,24.933999999999536
493,24.93800000000035
492,24.942000000001165
492,24.94600000000198
492,24.950000000002795
492,24.95400000000361
491,24.958000000004425
490,24.96200000000524
491,24.966000000006055
495,24.97000000000687
502,24.974000000007685
514,24.9780000000085
528,24.982000000009315
538,24.98600000001013
540,24.990000000010944
533,24.99400000001176
517,24.998000000012574
499,25.00200000001339
485,25.006000000014204
479,25.01000000001502
480,25.014000000015834
485,25.01800000001665
490,25.022000000017464
493,25.02600000001828
494,25.030000000019093
493,25.03400000001991
493,25.038000000020723
493,25.042000000021538
493,25.046000000022353
493,25.050000000023168
493,25.054000000023983
493,25.058000000024798
493,25.062000000025613
493,25.066000000026428
493,25.070000000027242
493,25.074000000028057
494,25.078000000028872
494,25.082000000029687
494,25.086000000030502
494,25.090000000031317
494,25.094000000032132
494,25.098000000032947
494,25.10200000003376
495,25.106000000034577
495,25.11000000003539
495,25.114000000036206
495,25.11800000003702
496,25.122000000037836
496,25.12600000003865
497,25.130000000039466
497,25.13400000004028
497,25.138000000041096
497,25.14200000004191
497,25.146000000042726
498,25.15000000004354
498,25.154000000044356
499,25.15800000004517
500,25.162000000045985
501,25.1660000000468
501,25.171000000000525
502,25.17500000000134
502,25.179000000002155
503,25.18300000000297
504,25.187000000003785
505,25.1910000000046
505,25.195000000005415
506,25.19900000000623
507,25.203000000007044
507,25.20700000000786
508,25.211000000008674
508,25.21500000000949
508,25.219000000010304
508,25.22300000001112
509,25.227000000011934
508,25.23100000001275
508,25.235000000013564
507,25.23900000001438
506,25.243000000015194
505,25.24700000001601
503,25.251000000016823
501,25.25500000001764
499,25.259000000018453
498,25.263000000019268
496,25.267000000020083
495,25.271000000020898
494,25.275000000021713
494,25.279000000022528
493,25.283000000023343
493,25.287000000024157
492,25.291000000024972
492,25.295000000025787
492,25.299000000026602
491,25.303000000027417
491,25.307000000028232
491,25.311000000029047
491,25.315000000029862
491,25.319000000030677
491,25.32300000003149
491,25.327000000032307
492,25.33100000003312
492,25.335000000033936
492,25.33900000003475
492,25.343000000035566
492,25.34700000003638
492,25.351000000037196
492,25.35500000003801
492,25.359000000038826
492,25.36300000003964
492,25.367000000040456
492,25.37100000004127
492,25.375000000042085
492,25.3790000000429
492,25.383000000043715
492,25.38700000004453
492,25.391000000045345
492,25.39500000004616
492,25.399000000046975
492,25.40300000004779
492,25.407000000048605
492,25.41100000004942
492,25.415000000050235
492,25.41900000005105
492,25.423000000000933
492,25.427000000001748
492,25.431000000002562
492,25.435000000003377
492,25.439000000004192
492,25.443000000005007
492,25.447000000005822
493,25.451000000006637
493,25.455000000007452
492,25.459000000008267
492,25.46300000000908
492,25.467000000009897
492,25.47100000001071
492,25.475000000011526
492,25.47900000001234
492,25.483000000013156
492,25.48700000001397
493,25.491000000014786
492,25.4950000000156
492,25.499000000016416
492,25.50300000001723
492,25.507000000018046
492,25.51100000001886
492,25.515000000019675
492,25.51900000002049
492,25.523000000021305
493,25.52700000002212
493,25.531000000022935
492,25.53500000002375
492,25.539000000024565
492,25.54300000002538
492,25.547000000026195
492,25.55100000002701
492,25.555000000027825
493,25.55900000002864
493,25.563000000029454
493,25.56700000003027
493,25.571000000031084
493,25.5750000000319
493,25.579000000032714
493,25.58300000003353
493,25.587000000034344
493,25.59100000003516
493,25.595000000035974
494,25.59900000003679
494,25.603000000037603
495,25.60700000003842
495,25.611000000039233
495,25.615000000040048
495,25.619000000040863
494,25.623000000041678
493,25.627000000042493
493,25.631000000043308
492,25.635000000044123
492,25.639000000044938
493,25.643000000045753
493,25.647000000046567
493,25.651000000047382
493,25.655000000048197
493,25.659000000049012
493,25.663000000049827
493,25.667000000050642
493,25.671000000051457
493,25.67500000000134
493,25.679000000002155
492,25.68300000000297
491,25.687000000003785
491,25.6910000000046
492,25.695000000005415
497,25.69900000000623
505,25.703000000007044
518,25.70700000000786
531,25.711000000008674
540,25.71500000000949
539,25.719000000010304
528,25.72300000001112
511,25.727000000011934
493,25.73100000001275
481,25.735000000013564
478,25.73900000001438
481,25.743000000015194
487,25.74700000001601
492,25.751000000016823
494,25.75500000001764
494,25.759000000018453
494,25.763000000019268
494,25.767000000020083
493,25.771000000020898
493,25.775000000021713
493,25.779000000022528
493,25.783000000023343
493,25.787000000024157
493,25.791000000024972
493,25.795000000025787
494,25.799000000026602
494,25.803000000027417
494,25.807000000028232
494,25.811000000029047
494,25.815000000029862
494,25.819000000030677
494,25.82300000003149
494,25.827000000032307
495,25.83100000003312
495,25.835000000033936
495,25.83900000003475
496,25.843000000035566
496,25.84700000003638
496,25.851000000037196
496,25.85500000003801
496,25.859000000038826
497,25.86300000003964
497,25.867000000040456
497,25.87100000004127
498,25.875000000042085
498,25.8790000000429
499,25.883000000043715
499,25.88700000004453
500,25.891000000045345
501,25.89500000004616
501,25.899000000046975
502,25.90300000004779
502,25.907000000048605
503,25.91100000004942
503,25.915000000050235
504,25.91900000005105
505,25.923000000051864
506,25.927000000001748
507,25.931000000002562
507,25.935000000003377
507,25.939000000004192
507,25.943000000005007
508,25.947000000005822
508,25.951000000006637
508,25.955000000007452
508,25.959000000008267
508,25.96300000000908
507,25.967000000009897
506,25.97100000001071
505,25.975000000011526
503,25.97900000001234
501,25.983000000013156
499,25.98700000001397
498,25.991000000014786
497,25.9950000000156
496,25.999000000016416
495,26.00300000001723
494,26.007000000018046
493,26.01100000001886
493,26.015000000019675
492,26.01900000002049
491,26.023000000021305
491,26.02700000002212
491,26.031000000022935
491,26.03500000002375
491,26.039000000024565
491,26.04300000002538
491,26.047000000026195
491,26.05100000002701
491,26.055000000027825
491,26.05900000002864
491,26.063000000029454
491,26.06700000003027
491,26.071000000031084
491,26.0750000000319
491,26.079000000032714
491,26.08300000003353
492,26.087000000034344
492,26.09100000003516
492,26.095000000035974
491,26.09900000003679
491,26.103000000037603
491,26.10700000003842
491,26.111000000039233
491,26.115000000040048
492,26.119000000040863
492,26.123000000041678
492,26.127000000042493
492,26.131000000043308
492,26.135000000044123
492,26.139000000044938
492,26.143000000045753
491,26.147000000046567
491,26.151000000047382
491,26.155000000048197
491,26.159000000049012
491,26.163000000049827
492,26.167000000050642
492,26.171000000051457
492,26.175000000052272
492,26.177000000001748
491,26.181000000002562
491,26.185000000003377
491,26.189000000004192
491,26.193000000005007
491,26.197000000005822
491,26.201000000006637
492,26.205000000007452
492,26.209000000008267
491,26.21300000000908
491,26.217000000009897
491,26.22100000001071
491,26.225000000011526
491,26.22900000001234
491,26.233000000013156
491,26.23700000001397
492,26.241000000014786
492,26.2450000000156
492,26.249000000016416
491,26.25300000001723
491,26.257000000018046
491,26.26100000001886
491,26.265000000019675
491,26.26900000002049
491,26.273000000021305
491,26.27700000002212
492,26.281000000022935
492,26.28500000002375
492,26.289000000024565
492,26.29300000002538
492,26.297000000026195
491,26.30100000002701
491,26.305000000027825
491,26.30900000002864
492,26.313000000029454
492,26.31700000003027
493,26.321000000031084
493,26.3250000000319
493,26.329000000032714
493,26.33300000003353
493,26.337000000034344
493,26.34100000003516
492,26.345000000035974
492,26.34900000003679
491,26.353000000037603
491,26.35700000003842
491,26.361000000039233
491,26.365000000040048
491,26.369000000040863
491,26.373000000041678
491,26.377000000042493
491,26.381000000043308
491,26.385000000044123
491,26.389000000044938
491,26.393000000045753
491,26.397000000046567
491,26.401000000047382
490,26.405000000048197
489,26.409000000049012
490,26.413000000049827
493,26.417000000050642
501,26.421000000051457
513,26.425000000052272
527,26.429000000002155
538,26.43300000000297
541,26.437000000003785
533,26.4410000000046
516,26.445000000005415
498,26.44900000000623
483,26.453000000007044
476,26.45700000000786
477,26.461000000008674
483,26.46500000000949
488,26.469000000010304
491,26.47300000001112
492,26.477000000011934
492,26.48100000001275
492,26.485000000013564
492,26.48900000001438
492,26.493000000015194
492,26.49700000001601
492,26.501000000016823
492,26.50500000001764
492,26.509000000018453
492,26.513000000019268
492,26.517000000020083
492,26.521000000020898
492,26.525000000021713
493,26.529000000022528
493,26.533000000023343
493,26.537000000024157
493,26.541000000024972
493,26.545000000025787
493,26.549000000026602
493,26.553000000027417
494,26.557000000028232
494,26.561000000029047
494,26.565000000029862
495,26.569000000030677
495,26.57300000003149
495,26.577000000032307
495,26.58100000003312
495,26.585000000033936
496,26.58900000003475
496,26.593000000035566
497,26.59700000003638
498,26.601000000037196
498,26.60500000003801
499,26.609000000038826
499,26.61300000003964
500,26.617000000040456
500,26.62100000004127
501,26.625000000042085
502,26.6290000000429
502,26.633000000043715
503,26.63700000004453
503,26.641000000045345
504,26.64500000004616
505,26.649000000046975
505,26.65300000004779
505,26.657000000048605
505,26.66100000004942
506,26.665000000050235
506,26.66900000005105
506,26.673000000051864
507,26.67700000005268
507,26.681000000002562
506,26.685000000003377
505,26.689000000004192
504,26.693000000005007
502,26.697000000005822
500,26.701000000006637
498,26.705000000007452
497,26.709000000008267
496,26.71300000000908
494,26.717000000009897
493,26.72100000001071
492,26.725000000011526
492,26.72900000001234
491,26.733000000013156
491,26.73700000001397
490,26.741000000014786
490,26.7450000000156
490,26.749000000016416
490,26.75300000001723
489,26.757000000018046
490,26.76100000001886
490,26.765000000019675
490,26.76900000002049
490,26.773000000021305
489,26.77700000002212
489,26.781000000022935
489,26.78500000002375
489,26.789000000024565
490,26.79300000002538
490,26.797000000026195
490,26.80100000002701
490,26.805000000027825
490,26.80900000002864
490,26.813000000029454
490,26.81700000003027
490,26.821000000031084
490,26.8250000000319
490,26.829000000032714
490,26.83300000003353
490,26.837000000034344
491,26.84100000003516
491,26.845000000035974
491,26.84900000003679
491,26.853000000037603
490,26.85700000003842
490,26.861000000039233
490,26.865000000040048
490,26.869000000040863
490,26.873000000041678
490,26.877000000042493
491,26.881000000043308
491,26.885000000044123
491,26.889000000044938
490,26.893000000045753
490,26.897000000046567
490,26.901000000047382
490,26.905000000048197
490,26.909000000049012
490,26.913000000049827
490,26.917000000050642
490,26.921000000051457
490,26.925000000052272
490,26.929000000053087
490,26.93300000000297
490,26.937000000003785
490,26.9410000000046
490,26.945000000005415
490,26.94900000000623
490,26.953000000007044
490,26.95700000000786
490,26.961000000008674
490,26.96500000000949
490,26.969000000010304
490,26.97300000001112
490,26.977000000011934
490,26.98100000001275
490,26.985000000013564
490,26.98900000001438
490,26.993000000015194
490,26.99700000001601
490,27.001000000016823
491,27.00500000001764
491,27.009000000018453
492,27.013000000019268
492,27.017000000020083
492,27.021000000020898
491,27.025000000021713
491,27.029000000022528
491,27.033000000023343
491,27.037000000024157
491,27.041000000024972
490,27.045000000025787
490,27.049000000026602
490,27.053000000027417
489,27.057000000028232
489,27.061000000029047
489,27.065000000029862
489,27.069000000030677
490,27.07300000003149
490,27.077000000032307
490,27.08100000003312
490,27.085000000033936
490,27.08900000003475
490,27.093000000035566
489,27.09700000003638
488,27.101000000037196
488,27.10500000003801
489,27.109000000038826
495,27.11300000003964
505,27.117000000040456
518,27.12100000004127
531,27.125000000042085
540,27.1290000000429
538,27.133000000043715
526,27.13700000004453
508,27.141000000045345
490,27.14500000004616
478,27.149000000046975
475,27.15300000004779
478,27.157000000048605
484,27.16100000004942
488,27.165000000050235
491,27.16900000005105
491,27.173000000051864
491,27.17700000005268
490,27.181000000053494
490,27.185000000003377
490,27.189000000004192
490,27.193000000005007
490,27.197000000005822
490,27.201000000006637
491,27.205000000007452
491,27.209000000008267
491,27.21300000000908
491,27.217000000009897
491,27.22100000001071
491,27.225000000011526
491,27.22900000001234
491,27.233000000013156
491,27.23700000001397
492,27.241000000014786
492,27.2450000000156
493,27.249000000016416
493,27.25300000001723
493,27.257000000018046
493,27.26100000001886
493,27.265000000019675
494,27.26900000002049
494,27.273000000021305
494,27.27700000002212
495,27.281000000022935
495,27.28500000002375
495,27.289000000024565
495,27.29300000002538
496,27.297000000026195
496,27.30100000002701
497,27.305000000027825
498,27.30900000002864
498,27.313000000029454
499,27.31700000003027
500,27.321000000031084
501,27.3250000000319
501,27.329000000032714
502,27.33300000003353
502,27.337000000034344
502,27.34100000003516
503,27.345000000035974
503,27.34900000003679
503,27.353000000037603
504,27.35700000003842
505,27.361000000039233
505,27.365000000040048
505,27.369000000040863
504,27.373000000041678
504,27.377000000042493
503,27.381000000043308
502,27.385000000044123
501,27.389000000044938
499,27.393000000045753
498,27.397000000046567
496,27.401000000047382
495,27.405000000048197
494,27.409000000049012
493,27.413000000049827
492,27.417000000050642
491,27.421000000051457
490,27.425000000052272
490,27.429000000053087
489,27.4330000000539
489,27.43699999999651
489,27.440999999997324
489,27.44499999999814
489,27.448999999998954
489,27.45299999999977
489,27.457000000000583
489,27.4610000000014
489,27.465000000002213
488,27.469000000003028
488,27.473000000003843
488,27.477000000004658
488,27.481000000005473
488,27.485000000006288
489,27.489000000007103
489,27.493000000007918
489,27.497000000008732
489,27.501000000009547
489,27.505000000010362
489,27.509000000011177
489,27.513000000011992
489,27.517000000012807
489,27.521000000013622
490,27.525000000014437
490,27.52900000001525
489,27.533000000016067
489,27.53700000001688
489,27.541000000017696
489,27.54500000001851
489,27.549000000019326
489,27.55300000002014
489,27.557000000020956
489,27.56100000002177
490,27.565000000022586
490,27.5690000000234
490,27.573000000024216
490,27.57700000002503
489,27.581000000025846
489,27.58500000002666
489,27.589000000027475
489,27.59300000002829
489,27.597000000029105
489,27.60100000002992
489,27.605000000030735
489,27.60900000003155
489,27.613000000032365
489,27.61700000003318
489,27.621000000033995
489,27.62500000003481
489,27.629000000035624
489,27.63300000003644
489,27.637000000037254
489,27.64100000003807
489,27.645000000038884
489,27.6490000000397
489,27.653000000040514
489,27.65700000004133
489,27.661000000042144
489,27.66500000004296
490,27.669000000043773
490,27.67300000004459
490,27.677000000045403
490,27.681000000046218
490,27.685000000047033
490,27.688999999996916
491,27.69299999999773
491,27.696999999998546
491,27.70099999999936
491,27.705000000000176
491,27.70900000000099
491,27.713000000001806
490,27.71700000000262
490,27.721000000003436
490,27.72500000000425
489,27.729000000005065
489,27.73300000000588
489,27.737000000006695
489,27.74100000000751
489,27.745000000008325
489,27.74900000000914
489,27.753000000009955
489,27.75700000001077
489,27.761000000011585
490,27.7650000000124
490,27.769000000013214
490,27.77300000001403
489,27.777000000014844
487,27.78100000001566
487,27.785000000016474
489,27.78900000001729
494,27.793000000018104
504,27.79700000001892
517,27.801000000019734
531,27.80500000002055
539,27.809000000021364
538,27.81300000002218
526,27.817000000022993
508,27.82100000002381
490,27.825000000024623
478,27.829000000025438
475,27.833000000026253
478,27.837000000027068
483,27.841000000027883
488,27.845000000028698
490,27.849000000029513
491,27.853000000030327
490,27.857000000031142
490,27.861000000031957
490,27.865000000032772
489,27.869000000033587
489,27.873000000034402
490,27.877000000035217
490,27.881000000036032
490,27.885000000036847
491,27.88900000003766
490,27.893000000038477
490,27.89700000003929
489,27.901000000040106
489,27.90500000004092
489,27.909000000041736
490,27.91300000004255
491,27.917000000043366
493,27.92100000004418
493,27.925000000044996
493,27.92900000004581
493,27.933000000046626
493,27.93700000004744
493,27.940999999997324
493,27.94499999999814
493,27.948999999998954
494,27.95299999999977
494,27.957000000000583
494,27.9610000000014
494,27.965000000002213
494,27.969000000003028
494,27.973000000003843
495,27.977000000004658
496,27.981000000005473
497,27.985000000006288
498,27.989000000007103
499,27.993000000007918
500,27.997000000008732
500,28.001000000009547
501,28.005000000010362
502,28.009000000011177
502,28.013000000011992
503,28.017000000012807
503,28.021000000013622
502,28.025000000014437
503,28.02900000001525
503,28.033000000016067
503,28.03700000001688
504,28.041000000017696
505,28.04500000001851
506,28.049000000019326
506,28.05300000002014
506,28.057000000020956
504,28.06100000002177
502,28.065000000022586
500,28.0690000000234
498,28.073000000024216
497,28.07700000002503
497,28.081000000025846
496,28.08500000002666
495,28.089000000027475
493,28.09300000002829
491,28.097000000029105
489,28.10100000002992
488,28.105000000030735
488,28.10900000003155
489,28.113000000032365
489,28.11700000003318
490,28.121000000033995
490,28.12500000003481
490,28.129000000035624
490,28.13300000003644
489,28.137000000037254
488,28.14100000003807
488,28.145000000038884
487,28.1490000000397
487,28.153000000040514
488,28.15700000004133
488,28.161000000042144
489,28.16500000004296
489,28.169000000043773
489,28.17300000004459
489,28.177000000045403
489,28.181000000046218
489,28.185000000047033
490,28.189000000047848
490,28.198000000002388
490,28.202000000003203
490,28.206000000004018
490,28.210000000004833
489,28.214000000005647
489,28.218000000006462
489,28.222000000007277
489,28.226000000008092
489,28.230000000008907
488,28.234000000009722
488,28.238000000010537
488,28.242000000011352
489,28.246000000012167
490,28.25000000001298
491,28.254000000013797
491,28.25800000001461
490,28.262000000015426
489,28.26600000001624
489,28.270000000017056
489,28.27400000001787
489,28.278000000018686
490,28.2820000000195
491,28.286000000020316
491,28.29000000002113
491,28.294000000021946
490,28.29800000002276
489,28.302000000023575
488,28.30600000002439
488,28.310000000025205
487,28.31400000002602
487,28.318000000026835
488,28.32200000002765
489,28.326000000028465
490,28.33000000002928
491,28.334000000030095
492,28.33800000003091
491,28.342000000031724
490,28.34600000003254
490,28.350000000033354
490,28.35400000003417
490,28.358000000034984
491,28.3620000000358
491,28.366000000036614
490,28.37000000003743
488,28.374000000038244
488,28.37800000003906
488,28.382000000039874
490,28.38600000004069
491,28.390000000041503
492,28.39400000004232
492,28.398000000043133
492,28.402000000043948
492,28.406000000044763
492,28.410000000045578
492,28.414000000046393
492,28.418000000047208
491,28.422000000048023
490,28.426000000048838
489,28.430000000049652
489,28.434000000050467
489,28.438000000051282
489,28.442000000052097
490,28.446000000052912
491,28.450000000002795
491,28.45400000000361
490,28.458000000004425
490,28.46200000000524
489,28.466000000006055
490,28.47000000000687
491,28.474000000007685
490,28.4780000000085
489,28.482000000009315
488,28.48600000001013
490,28.490000000010944
495,28.49400000001176
504,28.498000000012574
518,28.50200000001339
532,28.506000000014204
540,28.51000000001502
539,28.514000000015834
527,28.51800000001665
510,28.522000000017464
492,28.52600000001828
480,28.530000000019093
477,28.53400000001991
480,28.538000000020723
485,28.542000000021538
489,28.546000000022353
491,28.550000000023168
491,28.554000000023983
491,28.558000000024798
490,28.562000000025613
489,28.566000000026428
489,28.570000000027242
488,28.574000000028057
489,28.578000000028872
489,28.582000000029687
490,28.586000000030502
491,28.590000000031317
491,28.594000000032132
491,28.598000000032947
492,28.60200000003376
492,28.606000000034577
492,28.61000000003539
492,28.614000000036206
492,28.61800000003702
491,28.622000000037836
491,28.62600000003865
491,28.630000000039466
491,28.63400000004028
492,28.638000000041096
493,28.64200000004191
494,28.646000000042726
495,28.65000000004354
495,28.654000000044356
495,28.65800000004517
495,28.662000000045985
494,28.6660000000468
493,28.670000000047615
493,28.67400000004843
493,28.678000000049245
495,28.68200000005006
497,28.686000000050875
498,28.69000000005169
499,28.694000000052505
499,28.69800000005332
499,28.702000000003203
501,28.706000000004018
502,28.710000000004833
504,28.714000000005647
505,28.718000000006462
504,28.722000000007277
504,28.726000000008092
504,28.730000000008907
504,28.734000000009722
505,28.738000000010537
506,28.742000000011352
506,28.746000000012167
506,28.75000000001298
505,28.754000000013797
504,28.75800000001461
503,28.762000000015426
501,28.76600000001624
500,28.770000000017056
499,28.77400000001787
498,28.778000000018686
496,28.7820000000195
494,28.786000000020316
491,28.79000000002113
490,28.794000000021946
489,28.79800000002276
489,28.802000000023575
490,28.80600000002439
490,28.810000000025205
489,28.81400000002602
488,28.818000000026835
487,28.82200000002765
486,28.826000000028465
485,28.83000000002928
485,28.834000000030095
486,28.83800000003091
487,28.842000000031724
488,28.84600000003254
487,28.850000000033354
487,28.85400000003417
486,28.858000000034984
486,28.8620000000358
485,28.866000000036614
485,28.87000000003743
485,28.874000000038244
486,28.87800000003906
487,28.882000000039874
488,28.88600000004069
488,28.890000000041503
487,28.89400000004232
486,28.898000000043133
486,28.902000000043948
486,28.906000000044763
487,28.910000000045578
488,28.914000000046393
488,28.918000000047208
487,28.922000000048023
486,28.926000000048838
486,28.930000000049652
486,28.934000000050467
488,28.938000000051282
489,28.942000000052097
489,28.946000000052912
488,28.950000000053727
487,28.952000000003203
485,28.956000000004018
485,28.960000000004833
486,28.964000000005647
486,28.968000000006462
486,28.972000000007277
486,28.976000000008092
486,28.980000000008907
487,28.984000000009722
488,28.988000000010537
488,28.992000000011352
487,28.996000000012167
485,29.00000000001298
485,29.004000000013797
485,29.00800000001461
486,29.012000000015426
486,29.01600000001624
486,29.020000000017056
486,29.02400000001787
485,29.028000000018686
485,29.0320000000195
486,29.036000000020316
487,29.04000000002113
487,29.044000000021946
487,29.04800000002276
487,29.052000000023575
486,29.05600000002439
487,29.060000000025205
487,29.06400000002602
488,29.068000000026835
488,29.07200000002765
488,29.076000000028465
487,29.08000000002928
487,29.084000000030095
487,29.08800000003091
487,29.092000000031724
487,29.09600000003254
487,29.100000000033354
486,29.10400000003417
485,29.108000000034984
485,29.1120000000358
485,29.116000000036614
486,29.12000000003743
487,29.124000000038244
487,29.12800000003906
487,29.132000000039874
486,29.13600000004069
486,29.140000000041503
485,29.14400000004232
485,29.148000000043133
485,29.152000000043948
485,29.156000000044763
485,29.160000000045578
485,29.164000000046393
488,29.168000000047208
494,29.172000000048023
505,29.176000000048838
519,29.180000000049652
531,29.184000000050467
535,29.188000000051282
529,29.192000000052097
514,29.196000000052912
495,29.200000000053727
479,29.198999999998954
471,29.20299999999977
472,29.207000000000583
477,29.2110000000014
483,29.215000000002213
485,29.219000000003028
486,29.223000000003843
486,29.227000000004658
486,29.231000000005473
487,29.235000000006288
487,29.239000000007103
487,29.243000000007918
486,29.247000000008732
486,29.251000000009547
486,29.255000000010362
487,29.259000000011177
488,29.263000000011992
488,29.267000000012807
488,29.271000000013622
488,29.275000000014437
488,29.27900000001525
487,29.283000000016067
487,29.28700000001688
487,29.291000000017696
488,29.29500000001851
488,29.299000000019326
489,29.30300000002014
489,29.307000000020956
489,29.31100000002177
489,29.315000000022586
489,29.3190000000234
489,29.323000000024216
490,29.32700000002503
491,29.331000000025846
492,29.33500000002666
493,29.339000000027475
493,29.34300000002829
493,29.347000000029105
493,29.35100000002992
494,29.355000000030735
494,29.35900000003155
495,29.363000000032365
496,29.36700000003318
497,29.371000000033995
498,29.37500000003481
499,29.379000000035624
499,29.38300000003644
499,29.387000000037254
499,29.39100000003807
500,29.395000000038884
500,29.3990000000397
501,29.403000000040514
502,29.40700000004133
503,29.411000000042144
504,29.41500000004296
504,29.419000000043773
503,29.42300000004459
502,29.427000000045403
500,29.431000000046218
499,29.435000000047033
499,29.439000000047848
498,29.443000000048663
497,29.447000000049478
496,29.45099999999936
493,29.455000000000176
490,29.45900000000099
488,29.463000000001806
487,29.46700000000262
487,29.471000000003436
487,29.47500000000425
487,29.479000000005065
486,29.48300000000588
484,29.487000000006695
484,29.49100000000751
484,29.495000000008325
484,29.49900000000914
485,29.503000000009955
485,29.50700000001077
485,29.511000000011585
485,29.5150000000124
485,29.519000000013214
486,29.52300000001403
486,29.527000000014844
486,29.53100000001566
485,29.535000000016474
485,29.53900000001729
486,29.543000000018104
487,29.54700000001892
487,29.551000000019734
486,29.55500000002055
485,29.559000000021364
484,29.56300000002218
485,29.567000000022993
485,29.57100000002381
486,29.575000000024623
486,29.579000000025438
486,29.583000000026253
486,29.587000000027068
486,29.591000000027883
487,29.595000000028698
488,29.599000000029513
489,29.603000000030327
489,29.607000000031142
488,29.611000000031957
487,29.615000000032772
487,29.619000000033587
486,29.623000000034402
486,29.627000000035217
486,29.631000000036032
486,29.635000000036847
486,29.63900000003766
486,29.643000000038477
486,29.64700000003929
487,29.651000000040106
487,29.65500000004092
488,29.659000000041736
488,29.66300000004255
488,29.667000000043366
487,29.67100000004418
487,29.675000000044996
488,29.67900000004581
488,29.683000000046626
487,29.68700000004744
487,29.691000000048255
486,29.69500000004907
486,29.699000000049885
486,29.70299999999977
487,29.707000000000583
488,29.7110000000014
489,29.715000000002213
489,29.719000000003028
489,29.723000000003843
489,29.727000000004658
489,29.731000000005473
489,29.735000000006288
489,29.739000000007103
489,29.743000000007918
489,29.747000000008732
489,29.751000000009547
490,29.755000000010362
489,29.759000000011177
489,29.763000000011992
488,29.767000000012807
487,29.771000000013622
486,29.775000000014437
486,29.77900000001525
486,29.783000000016067
486,29.78700000001688
487,29.791000000017696
487,29.79500000001851
488,29.799000000019326
488,29.80300000002014
488,29.807000000020956
488,29.81100000002177
487,29.815000000022586
486,29.8190000000234
485,29.823000000024216
486,29.82700000002503
488,29.831000000025846
495,29.83500000002666
505,29.839000000027475
518,29.84300000002829
529,29.847000000029105
534,29.85100000002992
529,29.855000000030735
515,29.85900000003155
498,29.863000000032365
482,29.86700000003318
473,29.871000000033995
473,29.87500000003481
477,29.879000000035624
483,29.88300000003644
488,29.887000000037254
489,29.89100000003807
490,29.895000000038884
489,29.8990000000397
489,29.903000000040514
489,29.90700000004133
488,29.911000000042144
488,29.91500000004296
488,29.919000000043773
489,29.92300000004459
490,29.927000000045403
490,29.931000000046218
490,29.935000000047033
489,29.939000000047848
489,29.943000000048663
489,29.947000000049478
489,29.951000000050293
489,29.95900000000099
489,29.963000000001806
490,29.96700000000262
491,29.971000000003436
491,29.97500000000425
491,29.979000000005065
491,29.98300000000588
491,29.987000000006695
491,29.99100000000751
492,29.995000000008325
493,29.99900000000914
493,30.003000000009955
494,30.00700000001077
494,30.011000000011585
494,30.0150000000124
494,30.019000000013214
494,30.02300000001403
495,30.027000000014844
496,30.03100000001566
496,30.035000000016474
497,30.03900000001729
498,30.043000000018104
499,30.04700000001892
500,30.051000000019734
500,30.05500000002055
500,30.059000000021364
500,30.06300000002218
501,30.067000000022993
501,30.07100000002381
502,30.075000000024623
503,30.079000000025438
504,30.083000000026253
505,30.087000000027068
505,30.091000000027883
505,30.095000000028698
504,30.099000000029513
503,30.103000000030327
502,30.107000000031142
501,30.111000000031957
499,30.115000000032772
497,30.119000000033587
495,30.123000000034402
494,30.127000000035217
493,30.131000000036032
491,30.135000000036847
490,30.13900000003766
489,30.143000000038477
489,30.14700000003929
488,30.151000000040106
488,30.15500000004092
488,30.159000000041736
488,30.16300000004255
488,30.167000000043366
489,30.17100000004418
488,30.175000000044996
488,30.17900000004581
487,30.183000000046626
487,30.18700000004744
487,30.191000000048255
487,30.19500000004907
487,30.199000000049885
488,30.2030000000507
488,30.207000000051515
488,30.2110000000014
487,30.215000000002213
487,30.219000000003028
487,30.223000000003843
487,30.227000000004658
488,30.231000000005473
488,30.235000000006288
489,30.239000000007103
489,30.243000000007918
489,30.247000000008732
489,30.251000000009547
489,30.255000000010362
489,30.259000000011177
489,30.263000000011992
488,30.267000000012807
488,30.271000000013622
487,30.275000000014437
488,30.27900000001525
488,30.283000000016067
489,30.28700000001688
489,30.291000000017696
489,30.29500000001851
489,30.299000000019326
489,30.30300000002014
489,30.307000000020956
488,30.31100000002177
488,30.315000000022586
488,30.3190000000234
488,30.323000000024216
489,30.32700000002503
489,30.331000000025846
489,30.33500000002666
488,30.339000000027475
488,30.34300000002829
488,30.347000000029105
488,30.35100000002992
488,30.355000000030735
488,30.35900000003155
488,30.363000000032365
488,30.36700000003318
488,30.371000000033995
489,30.37500000003481
490,30.379000000035624
490,30.38300000003644
490,30.387000000037254
490,30.39100000003807
490,30.395000000038884
490,30.3990000000397
491,30.403000000040514
491,30.40700000004133
492,30.411000000042144
492,30.41500000004296
491,30.419000000043773
490,30.42300000004459
489,30.427000000045403
488,30.431000000046218
488,30.435000000047033
488,30.439000000047848
488,30.443000000048663
489,30.447000000049478
489,30.451000000050293
489,30.455000000051108
488,30.459000000051923
488,30.463000000001806
488,30.46700000000262
489,30.471000000003436
489,30.47500000000425
489,30.479000000005065
488,30.48300000000588
487,30.487000000006695
488,30.49100000000751
491,30.495000000008325
498,30.49900000000914
509,30.503000000009955
521,30.50700000001077
531,30.511000000011585
533,30.5150000000124
527,30.519000000013214
512,30.52300000001403
495,30.527000000014844
481,30.53100000001566
475,30.535000000016474
476,30.53900000001729
481,30.543000000018104
487,30.54700000001892
490,30.551000000019734
490,30.55500000002055
490,30.559000000021364
490,30.56300000002218
490,30.567000000022993
490,30.57100000002381
490,30.575000000024623
490,30.579000000025438
490,30.583000000026253
490,30.587000000027068
491,30.591000000027883
491,30.595000000028698
492,30.599000000029513
492,30.603000000030327
491,30.607000000031142
491,30.611000000031957
491,30.615000000032772
491,30.619000000033587
492,30.623000000034402
492,30.627000000035217
492,30.631000000036032
492,30.635000000036847
492,30.63900000003766
493,30.643000000038477
493,30.64700000003929
494,30.651000000040106
495,30.65500000004092
495,30.659000000041736
494,30.66300000004255
494,30.667000000043366
495,30.67100000004418
495,30.675000000044996
496,30.67900000004581
496,30.683000000046626
497,30.68700000004744
497,30.691000000048255
498,30.69500000004907
498,30.699000000049885
499,30.7030000000507
500,30.707000000051515
501,30.71100000005233
502,30.715000000002213
503,30.719000000003028
503,30.723000000003843
504,30.727000000004658
503,30.731000000005473
503,30.735000000006288
504,30.739000000007103
504,30.743000000007918
504,30.747000000008732
505,30.751000000009547
505,30.755000000010362
505,30.759000000011177
504,30.763000000011992
503,30.767000000012807
502,30.771000000013622
500,30.775000000014437
499,30.77900000001525
498,30.783000000016067
496,30.78700000001688
494,30.791000000017696
492,30.79500000001851
491,30.799000000019326
491,30.80300000002014
491,30.807000000020956
491,30.81100000002177
490,30.815000000022586
490,30.8190000000234
489,30.823000000024216
489,30.82700000002503
489,30.831000000025846
489,30.83500000002666
489,30.839000000027475
489,30.84300000002829
489,30.847000000029105
489,30.85100000002992
490,30.855000000030735
490,30.85900000003155
490,30.863000000032365
489,30.86700000003318
489,30.871000000033995
489,30.87500000003481
489,30.879000000035624
489,30.88300000003644
490,30.887000000037254
490,30.89100000003807
490,30.895000000038884
490,30.8990000000397
490,30.903000000040514
490,30.90700000004133
490,30.911000000042144
490,30.91500000004296
490,30.919000000043773
490,30.92300000004459
491,30.927000000045403
491,30.931000000046218
491,30.935000000047033
491,30.939000000047848
490,30.943000000048663
490,30.947000000049478
490,30.951000000050293
489,30.955000000051108
490,30.959000000051923
490,30.963000000052737
490,30.96700000000262
491,30.971000000003436
490,30.97500000000425
490,30.979000000005065
489,30.98300000000588
489,30.987000000006695
489,30.99100000000751
490,30.995000000008325
490,30.99900000000914
490,31.003000000009955
490,31.00700000001077
490,31.011000000011585
490,31.0150000000124
490,31.019000000013214
490,31.02300000001403
490,31.027000000014844
490,31.03100000001566
491,31.035000000016474
491,31.03900000001729
492,31.043000000018104
492,31.04700000001892
492,31.051000000019734
491,31.05500000002055
490,31.059000000021364
490,31.06300000002218
490,31.067000000022993
491,31.07100000002381
493,31.075000000024623
494,31.079000000025438
494,31.083000000026253
494,31.087000000027068
493,31.091000000027883
492,31.095000000028698
491,31.099000000029513
490,31.103000000030327
490,31.107000000031142
490,31.111000000031957
489,31.115000000032772
490,31.119000000033587
491,31.123000000034402
491,31.127000000035217
492,31.131000000036032
491,31.135000000036847
491,31.13900000003766
490,31.143000000038477
490,31.14700000003929
489,31.151000000040106
489,31.15500000004092
489,31.159000000041736
490,31.16300000004255
496,31.167000000043366
505,31.17100000004418
518,31.175000000044996
530,31.17900000004581
537,31.183000000046626
534,31.18700000004744
521,31.191000000048255
503,31.19500000004907
486,31.199000000049885
476,31.2030000000507
475,31.207000000051515
479,31.21100000005233
485,31.215000000053145
490,31.219000000003028
492,31.223000000003843
492,31.227000000004658
491,31.231000000005473
491,31.235000000006288
491,31.239000000007103
491,31.243000000007918
491,31.247000000008732
491,31.251000000009547
492,31.255000000010362
492,31.259000000011177
492,31.263000000011992
492,31.267000000012807
492,31.271000000013622
492,31.275000000014437
493,31.27900000001525
493,31.283000000016067
494,31.28700000001688
494,31.291000000017696
493,31.29500000001851
493,31.299000000019326
493,31.30300000002014
494,31.307000000020956
494,31.31100000002177
494,31.315000000022586
495,31.3190000000234
496,31.323000000024216
496,31.32700000002503
496,31.331000000025846
496,31.33500000002666
496,31.339000000027475
496,31.34300000002829
496,31.347000000029105
497,31.35100000002992
498,31.355000000030735
499,31.35900000003155
500,31.363000000032365
500,31.36700000003318
501,31.371000000033995
501,31.37500000003481
501,31.379000000035624
502,31.38300000003644
503,31.387000000037254
503,31.39100000003807
504,31.395000000038884
505,31.3990000000397
505,31.403000000040514
504,31.40700000004133
505,31.411000000042144
505,31.41500000004296
506,31.419000000043773
506,31.42300000004459
506,31.427000000045403
506,31.431000000046218
505,31.435000000047033
503,31.439000000047848
502,31.443000000048663
502,31.447000000049478
501,31.451000000050293
499,31.455000000051108
498,31.459000000051923
496,31.463000000052737
494,31.467000000053552
493,31.47099999999616
492,31.474999999996975
492,31.47899999999779
492,31.482999999998604
492,31.48699999999942
492,31.491000000000234
491,31.49500000000105
491,31.499000000001864
491,31.50300000000268
491,31.507000000003494
491,31.51100000000431
491,31.515000000005124
491,31.51900000000594
492,31.523000000006753
491,31.52700000000757
491,31.531000000008383
491,31.535000000009198
491,31.539000000010013
491,31.543000000010828
491,31.547000000011643
492,31.551000000012458
492,31.555000000013273
492,31.559000000014088
492,31.563000000014902
492,31.567000000015717
492,31.571000000016532
493,31.575000000017347
492,31.579000000018162
492,31.583000000018977
492,31.587000000019792
492,31.591000000020607
492,31.59500000002142
492,31.599000000022237
492,31.60300000002305
492,31.607000000023866
492,31.61100000002468
492,31.615000000025496
492,31.61900000002631
492,31.623000000027126
492,31.62700000002794
491,31.631000000028756
491,31.63500000002957
491,31.639000000030386
492,31.6430000000312
492,31.647000000032016
492,31.65100000003283
492,31.655000000033645
492,31.65900000003446
491,31.663000000035275
491,31.66700000003609
491,31.671000000036905
491,31.67500000003772
491,31.679000000038535
491,31.68300000003935
491,31.687000000040165
491,31.69100000004098
492,31.695000000041794
492,31.69900000004261
492,31.703000000043424
492,31.70700000004424
492,31.711000000045054
492,31.71500000004587
492,31.719000000046684
493,31.722999999996567
493,31.726999999997382
494,31.730999999998197
494,31.734999999999012
495,31.738999999999827
495,31.74300000000064
495,31.747000000001456
495,31.75100000000227
494,31.755000000003086
493,31.7590000000039
492,31.763000000004716
492,31.76700000000553
491,31.771000000006346
491,31.77500000000716
491,31.779000000007976
491,31.78300000000879
492,31.787000000009606
492,31.79100000001042
492,31.795000000011235
492,31.79900000001205
492,31.803000000012865
493,31.80700000001368
493,31.811000000014495
492,31.81500000001531
491,31.819000000016125
490,31.82300000001694
491,31.827000000017755
496,31.83100000001857
505,31.835000000019384
519,31.8390000000202
533,31.843000000021014
542,31.84700000002183
540,31.851000000022644
527,31.85500000002346
508,31.859000000024274
490,31.86300000002509
478,31.867000000025904
476,31.87100000002672
480,31.875000000027534
487,31.87900000002835
492,31.883000000029163
494,31.88700000002998
494,31.891000000030793
494,31.895000000031608
494,31.899000000032423
493,31.903000000033238
494,31.907000000034053
494,31.911000000034868
494,31.915000000035683
494,31.919000000036498
494,31.923000000037312
494,31.927000000038127
495,31.931000000038942
495,31.935000000039757
495,31.939000000040572
495,31.943000000041387
495,31.947000000042202
495,31.951000000043017
495,31.95500000004383
496,31.959000000044647
496,31.96300000004546
497,31.967000000046276
496,31.97100000004709
496,31.974999999996975
497,31.97899999999779
497,31.982999999998604
498,31.98699999999942
498,31.991000000000234
499,31.99500000000105
499,31.999000000001864
499,32.00300000000268
500,32.007000000003494
500,32.01100000000431
500,32.015000000005124
501,32.01900000000594
501,32.02300000000675
501,32.02700000000757
502,32.03100000000838
503,32.0350000000092
503,32.03900000001001
504,32.04300000001083
504,32.04700000001164
504,32.05100000001246
504,32.05500000001327
504,32.05900000001409
505,32.0630000000149
506,32.06700000001572
506,32.07100000001653
507,32.07500000001735
507,32.07900000001816
507,32.08300000001898
507,32.08700000001979
507,32.09100000002061
507,32.09500000002142
507,32.09900000002224
506,32.10300000002305
504,32.10700000002387
503,32.11100000002468
502,32.115000000025496
501,32.11900000002631
501,32.123000000027126
500,32.12700000002794
499,32.131000000028756
497,32.13500000002957
496,32.139000000030386
495,32.1430000000312
495,32.147000000032016
495,32.15100000003283
495,32.155000000033645
495,32.15900000003446
495,32.163000000035275
495,32.16700000003609
495,32.171000000036905
495,32.17500000003772
495,32.179000000038535
495,32.18300000003935
495,32.187000000040165
494,32.19100000004098
495,32.195000000041794
495,32.19900000004261
495,32.203000000043424
496,32.20700000004424
497,32.211000000045054
497,32.21500000004587
497,32.219000000046684
497,32.2230000000475
497,32.22699999999738
496,32.2309999999982
496,32.23499999999901
496,32.23899999999983
496,32.24300000000064
496,32.24700000000146
497,32.25100000000227
496,32.255000000003086
496,32.2590000000039
496,32.263000000004716
496,32.26700000000553
496,32.271000000006346
496,32.27500000000716
496,32.279000000007976
496,32.28300000000879
496,32.287000000009606
497,32.29100000001042
497,32.295000000011235
498,32.29900000001205
497,32.303000000012865
497,32.30700000001368
496,32.311000000014495
496,32.31500000001531
496,32.319000000016125
497,32.32300000001694
497,32.327000000017755
497,32.33100000001857
497,32.335000000019384
496,32.3390000000202
496,32.343000000021014
495,32.34700000002183
495,32.351000000022644
496,32.35500000002346
498,32.359000000024274
499,32.36300000002509
499,32.367000000025904
499,32.37100000002672
498,32.37500000002753
497,32.37900000002835
497,32.38300000002916
497,32.38700000002998
498,32.39100000003079
499,32.39500000003161
500,32.39900000003242
500,32.40300000003324
500,32.40700000003405
500,32.41100000003487
499,32.41500000003568
497,32.4190000000365
496,32.42300000003731
496,32.42700000003813
496,32.43100000003894
497,32.43500000003976
497,32.43900000004057
498,32.44300000004139
498,32.4470000000422
498,32.45100000004302
498,32.45500000004383
498,32.45900000004465
498,32.46300000004546
498,32.467000000046276
497,32.47100000004709
497,32.475000000047906
496,32.47899999999779
496,32.482999999998604
498,32.48699999999942
503,32.491000000000234
512,32.49500000000105
526,32.499000000001864
539,32.50300000000268
546,32.507000000003494
543,32.51100000000431
530,32.515000000005124
511,32.51900000000594
493,32.52300000000675
482,32.52700000000757
481,32.53100000000838
485,32.5350000000092
491,32.53900000001001
496,32.54300000001083
498,32.54700000001164
498,32.55100000001246
498,32.55500000001327
498,32.55900000001409
498,32.5630000000149
498,32.56700000001572
498,32.57100000001653
498,32.57500000001735
498,32.57900000001816
498,32.58300000001898
498,32.58700000001979
498,32.59100000002061
498,32.59500000002142
498,32.59900000002224
499,32.60300000002305
499,32.60700000002387
499,32.61100000002468
499,32.615000000025496
499,32.61900000002631
499,32.623000000027126
499,32.62700000002794
499,32.631000000028756
499,32.63500000002957
500,32.639000000030386
500,32.6430000000312
500,32.647000000032016
500,32.65100000003283
501,32.655000000033645
501,32.65900000003446
501,32.663000000035275
502,32.66700000003609
502,32.671000000036905
502,32.67500000003772
502,32.679000000038535
503,32.68300000003935
503,32.687000000040165
504,32.69100000004098
504,32.695000000041794
505,32.69900000004261
505,32.703000000043424
506,32.70700000004424
506,32.711000000045054
507,32.71500000004587
507,32.719000000046684
507,32.7230000000475
507,32.727000000048314
507,32.7309999999982
507,32.73499999999901
508,32.73899999999983
508,32.74300000000064
508,32.74700000000146
508,32.75100000000227
508,32.755000000003086
507,32.7590000000039
507,32.763000000004716
506,32.76700000000553
505,32.771000000006346
504,32.77500000000716
502,32.779000000007976
501,32.78300000000879
500,32.787000000009606
498,32.79100000001042
498,32.795000000011235
497,32.79900000001205
497,32.803000000012865
496,32.80700000001368
496,32.811000000014495
496,32.81500000001531
495,32.819000000016125
494,32.82300000001694
493,32.827000000017755
493,32.83100000001857
494,32.835000000019384
495,32.8390000000202
496,32.843000000021014
496,32.84700000002183
496,32.851000000022644
496,32.85500000002346
495,32.859000000024274
495,32.86300000002509
495,32.867000000025904
495,32.87100000002672
495,32.87500000002753
495,32.87900000002835
495,32.88300000002916
495,32.88700000002998
495,32.89100000003079
495,32.89500000003161
495,32.89900000003242
495,32.90300000003324
495,32.90700000003405
495,32.91100000003487
495,32.91500000003568
495,32.9190000000365
495,32.92300000003731
496,32.92700000003813
496,32.93100000003894
495,32.93500000003976
495,32.93900000004057
495,32.94300000004139
495,32.9470000000422
494,32.95100000004302
494,32.95500000004383
494,32.95900000004465
494,32.96300000004546
494,32.967000000046276
495,32.97100000004709
495,32.975000000047906
495,32.97900000004872
495,32.98200000000204
495,32.98600000000285
494,32.99000000000367
494,32.99400000000448
494,32.9980000000053
495,33.00200000000611
495,33.00600000000693
496,33.01000000000774
496,33.01400000000856
496,33.01800000000937
496,33.02200000001019
495,33.026000000011
495,33.03000000001182
495,33.03400000001263
495,33.03800000001345
494,33.04200000001426
494,33.04600000001508
493,33.05000000001589
493,33.05400000001671
492,33.05800000001752
492,33.06200000001834
493,33.06600000001915
493,33.07000000001997
493,33.07400000002078
493,33.078000000021596
493,33.08200000002241
493,33.086000000023226
493,33.09000000002404
493,33.094000000024856
493,33.09800000002567
492,33.102000000026486
491,33.1060000000273
491,33.110000000028116
494,33.11400000002893
502,33.118000000029745
514,33.12200000003056
529,33.126000000031375
541,33.13000000003219
545,33.134000000033005
537,33.13800000003382
519,33.142000000034635
499,33.14600000003545
483,33.150000000036265
476,33.15400000003708
476,33.158000000037894
482,33.16200000003871
487,33.166000000039524
491,33.17000000004034
493,33.174000000041154
493,33.17800000004197
493,33.182000000042784
493,33.1860000000436
492,33.190000000044414
492,33.19400000004523
492,33.198000000046044
492,33.20200000004686
493,33.20600000004767
493,33.21000000004849
493,33.2140000000493
493,33.21800000005012
493,33.22200000005093
493,33.22600000005175
493,33.23000000005256
493,33.234000000002446
493,33.23800000000326
494,33.242000000004076
494,33.24600000000489
495,33.250000000005706
495,33.25400000000652
495,33.258000000007335
495,33.26200000000815
495,33.266000000008965
496,33.27000000000978
496,33.274000000010595
496,33.27800000001141
497,33.282000000012225
497,33.28600000001304
497,33.290000000013855
498,33.29400000001467
498,33.298000000015485
498,33.3020000000163
498,33.306000000017114
499,33.31000000001793
499,33.314000000018744
500,33.31800000001956
501,33.322000000020374
502,33.32600000002119
502,33.330000000022004
502,33.33400000002282
502,33.338000000023634
502,33.34200000002445
502,33.34600000002526
503,33.35000000002608
503,33.35400000002689
504,33.35800000002771
504,33.36200000002852
505,33.36600000002934
505,33.37000000003015
505,33.37400000003097
504,33.37800000003178
504,33.3820000000326
503,33.38600000003341
502,33.39000000003423
501,33.39400000003504
500,33.39800000003586
499,33.40200000003667
498,33.40600000003749
497,33.4100000000383
496,33.41400000003912
495,33.41800000003993
494,33.42200000004075
493,33.42600000004156
493,33.43000000004238
492,33.43400000004319
492,33.438000000044006
492,33.44200000004482
492,33.446000000045636
492,33.45000000004645
492,33.454000000047266
492,33.45800000004808
492,33.462000000048896
492,33.46600000004971
492,33.470000000050526
492,33.47400000005134
492,33.478000000052155
492,33.48200000005297
492,33.48600000000285
492,33.49000000000367
492,33.49400000000448
492,33.4980000000053
492,33.50200000000611
492,33.50600000000693
492,33.51000000000774
493,33.51400000000856
493,33.51800000000937
493,33.52200000001019
493,33.526000000011
493,33.53000000001182
492,33.53400000001263
492,33.53800000001345
492,33.54200000001426
493,33.54600000001508
493,33.55000000001589
493,33.55400000001671
492,33.55800000001752
492,33.56200000001834
492,33.56600000001915
492,33.57000000001997
492,33.57400000002078
492,33.578000000021596
492,33.58200000002241
492,33.586000000023226
492,33.59000000002404
492,33.594000000024856
492,33.59800000002567
493,33.602000000026486
493,33.6060000000273
493,33.610000000028116
493,33.61400000002893
492,33.618000000029745
492,33.62200000003056
492,33.626000000031375
492,33.63000000003219
493,33.634000000033005
493,33.63800000003382
493,33.642000000034635
493,33.64600000003545
494,33.650000000036265
493,33.65400000003708
493,33.658000000037894
493,33.66200000003871
492,33.666000000039524
491,33.67000000004034
491,33.674000000041154
491,33.67800000004197
491,33.682000000042784
491,33.6860000000436
491,33.690000000044414
491,33.69400000004523
491,33.698000000046044
490,33.70200000004686
490,33.70600000004767
491,33.71000000004849
491,33.7140000000493
491,33.71800000005012
491,33.72200000005093
490,33.72600000005175
490,33.73000000005256
490,33.73400000005338
493,33.73800000000326
500,33.742000000004076
512,33.74600000000489
525,33.750000000005706
537,33.75400000000652
541,33.758000000007335
535,33.76200000000815
519,33.766000000008965
500,33.77000000000978
484,33.774000000010595
476,33.77800000001141
476,33.782000000012225
480,33.78600000001304
486,33.790000000013855
489,33.79400000001467
491,33.798000000015485
492,33.8020000000163
492,33.806000000017114
492,33.81000000001793
492,33.814000000018744
492,33.81800000001956
491,33.822000000020374
492,33.82600000002119
492,33.830000000022004
492,33.83400000002282
493,33.838000000023634
493,33.84200000002445
493,33.84600000002526
493,33.85000000002608
493,33.85400000002689
493,33.85800000002771
493,33.86200000002852
493,33.86600000002934
494,33.87000000003015
494,33.87400000003097
494,33.87800000003178
495,33.8820000000326
495,33.88600000003341
495,33.89000000003423
495,33.89400000003504
495,33.89800000003586
496,33.90200000003667
496,33.90600000003749
496,33.9100000000383
497,33.91400000003912
497,33.91800000003993
498,33.92200000004075
498,33.92600000004156
499,33.93000000004238
499,33.93400000004319
500,33.938000000044006
500,33.94200000004482
500,33.946000000045636
501,33.95000000004645
501,33.954000000047266
502,33.95800000004808
502,33.962000000048896
503,33.96600000004971
503,33.970000000050526
504,33.97400000005134
504,33.978000000052155
504,33.98200000005297
504,33.986000000053785
504,33.991000000000234
504,33.99500000000105
504,33.999000000001864
504,34.00300000000268
503,34.007000000003494
502,34.01100000000431
501,34.015000000005124
500,34.01900000000594
499,34.02300000000675
498,34.02700000000757
497,34.03100000000838
496,34.0350000000092
495,34.03900000001001
494,34.04300000001083
493,34.04700000001164
493,34.05100000001246
492,34.05500000001327
492,34.05900000001409
491,34.0630000000149
491,34.06700000001572
491,34.07100000001653
491,34.07500000001735
491,34.07900000001816
491,34.08300000001898
491,34.08700000001979
491,34.09100000002061
490,34.09500000002142
490,34.09900000002224
490,34.10300000002305
491,34.10700000002387
491,34.11100000002468
492,34.115000000025496
492,34.11900000002631
492,34.123000000027126
492,34.12700000002794
492,34.131000000028756
492,34.13500000002957
492,34.139000000030386
492,34.1430000000312
492,34.147000000032016
492,34.15100000003283
492,34.155000000033645
492,34.15900000003446
492,34.163000000035275
492,34.16700000003609
492,34.171000000036905
492,34.17500000003772
492,34.179000000038535
492,34.18300000003935
492,34.187000000040165
492,34.19100000004098
492,34.195000000041794
492,34.19900000004261
492,34.203000000043424
492,34.20700000004424
492,34.211000000045054
492,34.21500000004587
492,34.219000000046684
492,34.2230000000475
493,34.227000000048314
493,34.23100000004913
492,34.23500000004994
492,34.23900000005076
492,34.24300000000064
493,34.24700000000146
493,34.25100000000227
493,34.255000000003086
493,34.2590000000039
492,34.263000000004716
492,34.26700000000553
491,34.271000000006346
491,34.27500000000716
491,34.279000000007976
491,34.28300000000879
490,34.287000000009606
490,34.29100000001042
490,34.295000000011235
490,34.29900000001205
490,34.303000000012865
490,34.30700000001368
490,34.311000000014495
490,34.31500000001531
490,34.319000000016125
490,34.32300000001694
490,34.327000000017755
490,34.33100000001857
489,34.335000000019384
489,34.3390000000202
490,34.343000000021014
495,34.34700000002183
505,34.351000000022644
517,34.35500000002346
530,34.359000000024274
537,34.36300000002509
535,34.367000000025904
523,34.37100000002672
505,34.37500000002753
488,34.37900000002835
477,34.38300000002916
474,34.38700000002998
477,34.39100000003079
483,34.39500000003161
487,34.39900000003242
490,34.40300000003324
491,34.40700000003405
491,34.41100000003487
491,34.41500000003568
490,34.4190000000365
490,34.42300000003731
490,34.42700000003813
490,34.43100000003894
491,34.43500000003976
491,34.43900000004057
491,34.44300000004139
491,34.4470000000422
491,34.45100000004302
492,34.45500000004383
492,34.45900000004465
492,34.46300000004546
492,34.467000000046276
492,34.47100000004709
493,34.475000000047906
493,34.47900000004872
493,34.483000000049536
493,34.48700000005035
493,34.491000000051166
494,34.49500000000105
494,34.499000000001864
494,34.50300000000268
494,34.507000000003494
495,34.51100000000431
495,34.515000000005124
495,34.51900000000594
496,34.52300000000675
496,34.52700000000757
497,34.53100000000838
497,34.5350000000092
498,34.53900000001001
498,34.54300000001083
499,34.54700000001164
499,34.55100000001246
500,34.55500000001327
500,34.55900000001409
501,34.5630000000149
501,34.56700000001572
502,34.57100000001653
502,34.57500000001735
502,34.57900000001816
502,34.58300000001898
502,34.58700000001979
502,34.59100000002061
502,34.59500000002142
503,34.59900000002224
503,34.60300000002305
503,34.60700000002387
502,34.61100000002468
501,34.615000000025496
500,34.61900000002631
498,34.623000000027126
497,34.62700000002794
496,34.631000000028756
494,34.63500000002957
493,34.639000000030386
492,34.6430000000312
492,34.647000000032016
491,34.65100000003283
490,34.655000000033645
490,34.65900000003446
489,34.663000000035275
489,34.66700000003609
489,34.671000000036905
488,34.67500000003772
488,34.679000000038535
488,34.68300000003935
488,34.687000000040165
488,34.69100000004098
488,34.695000000041794
488,34.69900000004261
488,34.703000000043424
488,34.70700000004424
488,34.711000000045054
488,34.71500000004587
489,34.719000000046684
489,34.7230000000475
489,34.727000000048314
489,34.73100000004913
489,34.73500000004994
489,34.73900000005076
489,34.74300000005157
489,34.74700000000146
489,34.75100000000227
489,34.755000000003086
489,34.7590000000039
490,34.763000000004716
490,34.76700000000553
490,34.771000000006346
490,34.77500000000716
490,34.779000000007976
489,34.78300000000879
489,34.787000000009606
489,34.79100000001042
490,34.795000000011235
490,34.79900000001205
490,34.803000000012865
490,34.80700000001368
490,34.811000000014495
490,34.81500000001531
490,34.819000000016125
490,34.82300000001694
490,34.827000000017755
490,34.83100000001857
490,34.835000000019384
491,34.8390000000202
491,34.843000000021014
491,34.84700000002183
491,34.851000000022644
491,34.85500000002346
490,34.859000000024274
489,34.86300000002509
489,34.867000000025904
488,34.87100000002672
489,34.87500000002753
489,34.87900000002835
489,34.88300000002916
489,34.88700000002998
489,34.89100000003079
489,34.89500000003161
489,34.89900000003242
488,34.90300000003324
488,34.90700000003405
488,34.91100000003487
488,34.91500000003568
488,34.9190000000365
487,34.92300000003731
487,34.92700000003813
489,34.93100000003894
494,34.93500000003976
504,34.93900000004057
516,34.94300000004139
529,34.9470000000422
536,34.95100000004302
535,34.95500000004383
523,34.95900000004465
505,34.96300000004546
488,34.967000000046276
477,34.97100000004709
474,34.975000000047906
477,34.97900000004872
483,34.983000000049536
487,34.98700000005035
489,34.991000000051166
490,34.99500000005198
489,34.999000000001864
489,35.00300000000268
489,35.007000000003494
489,35.01100000000431
489,35.015000000005124
489,35.01900000000594
489,35.02300000000675
489,35.02700000000757
490,35.03100000000838
490,35.0350000000092
490,35.03900000001001
490,35.04300000001083
490,35.04700000001164
491,35.05100000001246
491,35.05500000001327
491,35.05900000001409
491,35.0630000000149
491,35.06700000001572
491,35.07100000001653
491,35.07500000001735
492,35.07900000001816
492,35.08300000001898
492,35.08700000001979
493,35.09100000002061
493,35.09500000002142
494,35.09900000002224
494,35.10300000002305
494,35.10700000002387
494,35.11100000002468
495,35.115000000025496
496,35.11900000002631
496,35.123000000027126
497,35.12700000002794
498,35.131000000028756
498,35.13500000002957
499,35.139000000030386
499,35.1430000000312
500,35.147000000032016
501,35.15100000003283
501,35.155000000033645
502,35.15900000003446
502,35.163000000035275
503,35.16700000003609
503,35.171000000036905
504,35.17500000003772
504,35.179000000038535
504,35.18300000003935
504,35.187000000040165
504,35.19100000004098
503,35.195000000041794
502,35.19900000004261
501,35.203000000043424
500,35.20700000004424
499,35.211000000045054
497,35.21500000004587
495,35.219000000046684
494,35.2230000000475
492,35.227000000048314
491,35.23100000004913
491,35.23500000004994
490,35.23900000005076
490,35.24300000005157
490,35.24700000005239
489,35.25100000000227
489,35.255000000003086
489,35.2590000000039
489,35.263000000004716
489,35.26700000000553
488,35.271000000006346
488,35.27500000000716
489,35.279000000007976
489,35.28300000000879
489,35.287000000009606
489,35.29100000001042
489,35.295000000011235
489,35.29900000001205
489,35.303000000012865
489,35.30700000001368
489,35.311000000014495
489,35.31500000001531
490,35.319000000016125
490,35.32300000001694
490,35.327000000017755
490,35.33100000001857
490,35.335000000019384
490,35.3390000000202
490,35.343000000021014
490,35.34700000002183
490,35.351000000022644
490,35.35500000002346
491,35.359000000024274
491,35.36300000002509
491,35.367000000025904
491,35.37100000002672
491,35.37500000002753
491,35.37900000002835
491,35.38300000002916
491,35.38700000002998
491,35.39100000003079
491,35.39500000003161
491,35.39900000003242
491,35.40300000003324
491,35.40700000003405
492,35.41100000003487
492,35.41500000003568
492,35.4190000000365
492,35.42300000003731
491,35.42700000003813
491,35.43100000003894
491,35.43500000003976
492,35.43900000004057
492,35.44300000004139
493,35.4470000000422
493,35.45100000004302
493,35.45500000004383
492,35.45900000004465
491,35.46300000004546
491,35.467000000046276
490,35.47100000004709
490,35.475000000047906
490,35.47900000004872
490,35.483000000049536
490,35.48700000005035
490,35.491000000051166
490,35.49500000005198
490,35.499000000052796
490,35.50300000000268
490,35.507000000003494
490,35.51100000000431
490,35.515000000005124
490,35.51900000000594
490,35.52300000000675
489,35.52700000000757
488,35.53100000000838
491,35.5350000000092
497,35.53900000001001
508,35.54300000001083
521,35.54700000001164
533,35.55100000001246
539,35.55500000001327
535,35.55900000001409
522,35.5630000000149
504,35.56700000001572
488,35.57100000001653
479,35.57500000001735
477,35.57900000001816
481,35.58300000001898
487,35.58700000001979
491,35.59100000002061
492,35.59500000002142
492,35.59900000002224
492,35.60300000002305
492,35.60700000002387
492,35.61100000002468
491,35.615000000025496
491,35.61900000002631
491,35.623000000027126
491,35.62700000002794
492,35.631000000028756
492,35.63500000002957
492,35.639000000030386
492,35.6430000000312
493,35.647000000032016
493,35.65100000003283
493,35.655000000033645
493,35.65900000003446
493,35.663000000035275
493,35.66700000003609
493,35.671000000036905
494,35.67500000003772
494,35.679000000038535
495,35.68300000003935
495,35.687000000040165
495,35.69100000004098
495,35.695000000041794
495,35.69900000004261
496,35.703000000043424
496,35.70700000004424
497,35.711000000045054
497,35.71500000004587
498,35.719000000046684
498,35.7230000000475
499,35.727000000048314
500,35.73100000004913
500,35.73500000004994
501,35.73900000005076
501,35.74300000005157
502,35.74700000005239
503,35.7510000000532
503,35.755000000003086
504,35.7590000000039
505,35.763000000004716
505,35.76700000000553
506,35.771000000006346
506,35.77500000000716
506,35.779000000007976
507,35.78300000000879
507,35.787000000009606
507,35.79100000001042
507,35.795000000011235
506,35.79900000001205
505,35.803000000012865
504,35.80700000001368
503,35.811000000014495
501,35.81500000001531
499,35.819000000016125
498,35.82300000001694
496,35.827000000017755
495,35.83100000001857
494,35.835000000019384
493,35.8390000000202
493,35.843000000021014
492,35.84700000002183
492,35.851000000022644
492,35.85500000002346
491,35.859000000024274
491,35.86300000002509
491,35.867000000025904
491,35.87100000002672
491,35.87500000002753
491,35.87900000002835
491,35.88300000002916
491,35.88700000002998
491,35.89100000003079
491,35.89500000003161
491,35.89900000003242
491,35.90300000003324
491,35.90700000003405
491,35.91100000003487
491,35.91500000003568
492,35.9190000000365
492,35.92300000003731
492,35.92700000003813
492,35.93100000003894
492,35.93500000003976
492,35.93900000004057
492,35.94300000004139
492,35.9470000000422
492,35.95100000004302
492,35.95500000004383
492,35.95900000004465
492,35.96300000004546
493,35.967000000046276
493,35.97100000004709
493,35.975000000047906
493,35.97900000004872
492,35.983000000049536
492,35.98700000005035
492,35.991000000051166
492,35.99500000005198
492,35.999000000052796
493,36.00300000005361
493,36.00599999999965
493,36.01000000000047
493,36.01400000000128
493,36.0180000000021
492,36.02200000000291
492,36.02600000000373
493,36.03000000000454
493,36.034000000005356
493,36.03800000000617
493,36.042000000006986
493,36.0460000000078
494,36.050000000008616
494,36.05400000000943
493,36.058000000010246
493,36.06200000001106
493,36.066000000011876
493,36.07000000001269
494,36.074000000013505
494,36.07800000001432
495,36.082000000015135
494,36.08600000001595
494,36.090000000016765
493,36.09400000001758
493,36.098000000018395
492,36.10200000001921
492,36.106000000020025
492,36.11000000002084
492,36.114000000021655
492,36.11800000002247
492,36.122000000023284
492,36.1260000000241
493,36.130000000024914
493,36.13400000002573
493,36.138000000026544
493,36.14200000002736
493,36.146000000028174
492,36.15000000002899
491,36.154000000029804
490,36.15800000003062
490,36.16200000003143
494,36.16600000003225
502,36.17000000003306
514,36.17400000003388
528,36.17800000003469
538,36.18200000003551
541,36.18600000003632
533,36.19000000003714
517,36.19400000003795
500,36.19800000003877
485,36.20200000003958
479,36.2060000000404
480,36.21000000004121
485,36.21400000004203
491,36.21800000004284
493,36.22200000004366
494,36.22600000004447
493,36.23000000004529
493,36.2340000000461
493,36.23800000004692
493,36.24200000004773
493,36.24600000004855
493,36.25000000004936
493,36.254000000050176
493,36.25800000000006
493,36.262000000000874
493,36.26600000000169
493,36.270000000002504
494,36.27400000000332
494,36.278000000004134
494,36.28200000000495
495,36.286000000005764
495,36.29000000000658
495,36.294000000007394
495,36.29800000000821
495,36.30200000000902
495,36.30600000000984
496,36.31000000001065
496,36.31400000001147
496,36.31800000001228
497,36.3220000000131
497,36.32600000001391
497,36.33000000001473
497,36.33400000001554
498,36.33800000001636
498,36.34200000001717
498,36.34600000001799
499,36.3500000000188
500,36.35400000001962
500,36.35800000002043
501,36.36200000002125
502,36.36600000002206
503,36.37000000002288
503,36.37400000002369
504,36.37800000002451
504,36.38200000002532
505,36.38600000002614
505,36.39000000002695
506,36.394000000027766
506,36.39800000002858
507,36.402000000029396
508,36.40600000003021
508,36.410000000031026
508,36.41400000003184
508,36.418000000032656
508,36.42200000003347
508,36.426000000034286
507,36.4300000000351
506,36.434000000035915
505,36.43800000003673
504,36.442000000037545
502,36.44600000003836
501,36.450000000039175
499,36.45400000003999
498,36.458000000040805
496,36.46200000004162
495,36.466000000042435
494,36.47000000004325
493,36.474000000044065
493,36.47800000004488
493,36.482000000045694
493,36.48600000004651
492,36.490000000047324
492,36.49400000004814
492,36.498000000048954
492,36.50200000004977
492,36.506000000050584
492,36.51000000000047
492,36.51400000000128
492,36.5180000000021
492,36.52200000000291
492,36.52600000000373
492,36.53000000000454
492,36.534000000005356
492,36.53800000000617
492,36.542000000006986
492,36.5460000000078
492,36.550000000008616
492,36.55400000000943
492,36.558000000010246
493,36.56200000001106
493,36.566000000011876
493,36.57000000001269
493,36.574000000013505
493,36.57800000001432
493,36.582000000015135
493,36.58600000001595
493,36.590000000016765
493,36.59400000001758
493,36.598000000018395
493,36.60200000001921
493,36.606000000020025
493,36.61000000002084
493,36.614000000021655
493,36.61800000002247
492,36.622000000023284
492,36.6260000000241
492,36.630000000024914
492,36.63400000002573
492,36.638000000026544
493,36.64200000002736
493,36.646000000028174
493,36.65000000002899
493,36.654000000029804
492,36.65800000003062
492,36.66200000003143
492,36.66600000003225
492,36.67000000003306
492,36.67400000003388
492,36.67800000003469
492,36.68200000003551
492,36.68600000003632
492,36.69000000003714
492,36.69400000003795
492,36.69800000003877
492,36.70200000003958
492,36.7060000000404
492,36.71000000004121
492,36.71400000004203
492,36.71800000004284
492,36.72200000004366
493,36.72600000004447
493,36.73000000004529
493,36.7340000000461
493,36.73800000004692
493,36.74200000004773
493,36.74600000004855
492,36.75000000004936
492,36.754000000050176
492,36.75800000005099
493,36.762000000000874
493,36.76600000000169
494,36.770000000002504
494,36.77400000000332
495,36.778000000004134
494,36.78200000000495
494,36.786000000005764
493,36.79000000000658
493,36.794000000007394
492,36.79800000000821
492,36.80200000000902
492,36.80600000000984
492,36.81000000001065
492,36.81400000001147
492,36.81800000001228
492,36.8220000000131
492,36.82600000001391
492,36.83000000001473
492,36.83400000001554
492,36.83800000001636
493,36.84200000001717
493,36.84600000001799
492,36.8500000000188
491,36.85400000001962
490,36.85800000002043
490,36.86200000002125
494,36.86600000002206
502,36.87000000002288
515,36.87400000002369
529,36.87800000002451
541,36.88200000002532
543,36.88600000002614
535,36.89000000002695
518,36.894000000027766
499,36.89800000002858
484,36.902000000029396
478,36.90600000003021
479,36.910000000031026
485,36.91400000003184
490,36.918000000032656
493,36.92200000003347
494,36.926000000034286
494,36.9300000000351
493,36.934000000035915
493,36.93800000003673
492,36.942000000037545
492,36.94600000003836
492,36.950000000039175
493,36.95400000003999
493,36.958000000040805
493,36.96200000004162
493,36.966000000042435
493,36.97000000004325
493,36.974000000044065
493,36.97800000004488
493,36.982000000045694
494,36.98600000004651
494,36.990000000047324
494,36.99400000004814
495,36.998000000048954
495,37.00200000004977
495,37.006000000050584
495,37.0100000000514
495,37.01400000000128
496,37.0180000000021
496,37.02200000000291
496,37.02600000000373
496,37.03000000000454
497,37.034000000005356
497,37.03800000000617
498,37.042000000006986
498,37.0460000000078
498,37.050000000008616
499,37.05400000000943
499,37.058000000010246
500,37.06200000001106
500,37.066000000011876
501,37.07000000001269
502,37.074000000013505
502,37.07800000001432
503,37.082000000015135
504,37.08600000001595
505,37.090000000016765
505,37.09400000001758
505,37.098000000018395
506,37.10200000001921
506,37.106000000020025
507,37.11000000002084
507,37.114000000021655
507,37.11800000002247
508,37.122000000023284
508,37.1260000000241
507,37.130000000024914
506,37.13400000002573
505,37.138000000026544
504,37.14200000002736
502,37.146000000028174
501,37.15000000002899
499,37.154000000029804
498,37.15800000003062
496,37.16200000003143
495,37.16600000003225
494,37.17000000003306
493,37.17400000003388
492,37.17800000003469
492,37.18200000003551
491,37.18600000003632
491,37.19000000003714
491,37.19400000003795
491,37.19800000003877
491,37.20200000003958
491,37.2060000000404
491,37.21000000004121
491,37.21400000004203
490,37.21800000004284
490,37.22200000004366
490,37.22600000004447
490,37.23000000004529
491,37.2340000000461
491,37.23800000004692
491,37.24200000004773
491,37.24600000004855
491,37.25000000004936
491,37.254000000050176
491,37.25800000005099
491,37.262000000051806
491,37.26600000000169
490,37.270000000002504
491,37.27400000000332
491,37.278000000004134
491,37.28200000000495
491,37.286000000005764
491,37.29000000000658
491,37.294000000007394
491,37.29800000000821
491,37.30200000000902
491,37.30600000000984
491,37.31000000001065
491,37.31400000001147
491,37.31800000001228
491,37.3220000000131
491,37.32600000001391
491,37.33000000001473
491,37.33400000001554
491,37.33800000001636
491,37.34200000001717
490,37.34600000001799
490,37.3500000000188
490,37.35400000001962
491,37.35800000002043
491,37.36200000002125
491,37.36600000002206
491,37.37000000002288
491,37.37400000002369
491,37.37800000002451
491,37.38200000002532
490,37.38600000002614
490,37.39000000002695
490,37.394000000027766
491,37.39800000002858
491,37.402000000029396
491,37.40600000003021
492,37.410000000031026
492,37.41400000003184
492,37.418000000032656
491,37.42200000003347
491,37.426000000034286
491,37.4300000000351
492,37.434000000035915
492,37.43800000003673
493,37.442000000037545
493,37.44600000003836
492,37.450000000039175
492,37.45400000003999
491,37.458000000040805
491,37.46200000004162
490,37.466000000042435
490,37.47000000004325
490,37.474000000044065
490,37.47800000004488
490,37.482000000045694
491,37.48600000004651
491,37.490000000047324
491,37.49400000004814
490,37.498000000048954
490,37.50200000004977
490,37.506000000050584
490,37.5100000000514
490,37.514000000052214
489,37.5180000000021
488,37.52200000000291
489,37.52600000000373
493,37.53000000000454
501,37.534000000005356
514,37.53800000000617
528,37.542000000006986
539,37.5460000000078
541,37.550000000008616
532,37.55400000000943
514,37.558000000010246
496,37.56200000001106
482,37.566000000011876
476,37.57000000001269
477,37.574000000013505
482,37.57800000001432
487,37.582000000015135
490,37.58600000001595
491,37.590000000016765
491,37.59400000001758
491,37.598000000018395
491,37.60200000001921
491,37.606000000020025
491,37.61000000002084
491,37.614000000021655
491,37.61800000002247
491,37.622000000023284
491,37.6260000000241
491,37.630000000024914
492,37.63400000002573
492,37.638000000026544
492,37.64200000002736
492,37.646000000028174
492,37.65000000002899
492,37.654000000029804
492,37.65800000003062
492,37.66200000003143
492,37.66600000003225
493,37.67000000003306
493,37.67400000003388
494,37.67800000003469
494,37.68200000003551
495,37.68600000003632
495,37.69000000003714
495,37.69400000003795
495,37.69800000003877
495,37.70200000003958
496,37.7060000000404
496,37.71000000004121
497,37.71400000004203
497,37.71800000004284
498,37.72200000004366
498,37.72600000004447
499,37.73000000004529
499,37.7340000000461
500,37.73800000004692
500,37.74200000004773
501,37.74600000004855
502,37.75000000004936
502,37.754000000050176
503,37.75800000005099
503,37.762000000051806
504,37.76600000005262
504,37.770000000002504
504,37.77400000000332
505,37.778000000004134
505,37.78200000000495
505,37.786000000005764
504,37.79000000000658
504,37.794000000007394
503,37.79800000000821
502,37.80200000000902
501,37.80600000000984
499,37.81000000001065
498,37.81400000001147
497,37.81800000001228
495,37.8220000000131
494,37.82600000001391
493,37.83000000001473
492,37.83400000001554
491,37.83800000001636
491,37.84200000001717
491,37.84600000001799
491,37.8500000000188
490,37.85400000001962
490,37.85800000002043
489,37.86200000002125
489,37.86600000002206
489,37.87000000002288
489,37.87400000002369
489,37.87800000002451
489,37.88200000002532
490,37.88600000002614
490,37.89000000002695
490,37.894000000027766
490,37.89800000002858
490,37.902000000029396
489,37.90600000003021
489,37.910000000031026
489,37.91400000003184
490,37.918000000032656
490,37.92200000003347
490,37.926000000034286
490,37.9300000000351
490,37.934000000035915
490,37.93800000003673
490,37.942000000037545
490,37.94600000003836
490,37.950000000039175
490,37.95400000003999
491,37.958000000040805
491,37.96200000004162
491,37.966000000042435
491,37.97000000004325
491,37.974000000044065
490,37.97800000004488
490,37.982000000045694
490,37.98600000004651
490,37.990000000047324
490,37.99400000004814
490,37.998000000048954
490,38.00200000004977
490,38.006000000050584
491,38.0100000000514
490,38.014000000052214
490,38.01800000005303
490,38.02299999999948
489,38.02700000000029
489,38.03100000000111
490,38.03500000000192
490,38.03900000000274
490,38.04300000000355
490,38.04700000000437
490,38.05100000000518
490,38.055000000006
490,38.05900000000681
490,38.06300000000763
491,38.06700000000844
491,38.071000000009256
491,38.07500000001007
491,38.079000000010886
491,38.0830000000117
492,38.087000000012516
492,38.09100000001333
492,38.095000000014146
491,38.09900000001496
491,38.103000000015776
490,38.10700000001659
490,38.111000000017405
489,38.11500000001822
489,38.119000000019035
489,38.12300000001985
489,38.127000000020665
489,38.13100000002148
490,38.135000000022295
490,38.13900000002311
490,38.143000000023925
490,38.14700000002474
490,38.151000000025554
490,38.15500000002637
490,38.159000000027184
490,38.163000000028
489,38.167000000028814
488,38.17100000002963
488,38.175000000030444
489,38.17900000003126
495,38.183000000032074
504,38.18700000003289
517,38.1910000000337
530,38.19500000003452
538,38.19900000003533
536,38.20300000003615
525,38.20700000003696
507,38.21100000003778
490,38.21500000003859
478,38.21900000003941
474,38.22300000004022
477,38.22700000004104
483,38.23100000004185
487,38.23500000004267
490,38.23900000004348
490,38.2430000000443
491,38.24700000004511
491,38.25100000004593
491,38.25500000004674
491,38.25900000004756
490,38.26300000004837
490,38.26700000004919
490,38.27100000005
490,38.274999999999885
490,38.2790000000007
491,38.283000000001515
491,38.28700000000233
491,38.291000000003145
492,38.29500000000396
492,38.299000000004774
492,38.30300000000559
492,38.307000000006404
492,38.31100000000722
492,38.315000000008034
493,38.31900000000885
493,38.323000000009664
494,38.32700000001048
494,38.331000000011294
494,38.33500000001211
494,38.33900000001292
494,38.34300000001374
494,38.34700000001455
494,38.35100000001537
495,38.35500000001618
496,38.359000000017
496,38.36300000001781
497,38.36700000001863
497,38.37100000001944
498,38.37500000002026
498,38.37900000002107
499,38.38300000002189
500,38.3870000000227
500,38.39100000002352
501,38.39500000002433
501,38.39900000002515
502,38.40300000002596
502,38.40700000002678
503,38.41100000002759
503,38.41500000002841
503,38.41900000002922
504,38.42300000003004
504,38.42700000003085
504,38.431000000031666
505,38.43500000003248
505,38.439000000033296
504,38.44300000003411
503,38.447000000034926
502,38.45100000003574
501,38.455000000036556
500,38.45900000003737
499,38.463000000038186
497,38.467000000039
496,38.471000000039815
494,38.47500000004063
493,38.479000000041445
492,38.48300000004226
492,38.487000000043075
491,38.49100000004389
491,38.495000000044705
490,38.49900000004552
490,38.503000000046335
490,38.50700000004715
489,38.511000000047964
489,38.51500000004878
489,38.519000000049594
489,38.52300000005041
489,38.52700000000029
489,38.53100000000111
489,38.53500000000192
489,38.53900000000274
489,38.54300000000355
489,38.54700000000437
489,38.55100000000518
489,38.555000000006
489,38.55900000000681
490,38.56300000000763
490,38.56700000000844
490,38.571000000009256
490,38.57500000001007
490,38.579000000010886
490,38.5830000000117
490,38.587000000012516
490,38.59100000001333
490,38.595000000014146
490,38.59900000001496
490,38.603000000015776
490,38.60700000001659
490,38.611000000017405
490,38.61500000001822
490,38.619000000019035
490,38.62300000001985
490,38.627000000020665
490,38.63100000002148
490,38.635000000022295
490,38.63900000002311
490,38.643000000023925
490,38.64700000002474
490,38.651000000025554
490,38.65500000002637
490,38.659000000027184
490,38.663000000028
490,38.667000000028814
489,38.67100000002963
490,38.675000000030444
490,38.67900000003126
490,38.683000000032074
490,38.68700000003289
491,38.6910000000337
491,38.69500000003452
491,38.69900000003533
490,38.70300000003615
490,38.70700000003696
490,38.71100000003778
491,38.71500000003859
491,38.71900000003941
492,38.72300000004022
492,38.72700000004104
492,38.73100000004185
491,38.73500000004267
491,38.73900000004348
490,38.7430000000443
489,38.74700000004511
489,38.75100000004593
489,38.75500000004674
489,38.75900000004756
489,38.76300000004837
489,38.76700000004919
489,38.77100000005
489,38.77500000005082
489,38.7790000000007
489,38.783000000001515
489,38.78700000000233
489,38.791000000003145
490,38.79500000000396
489,38.799000000004774
488,38.80300000000559
488,38.807000000006404
488,38.81100000000722
491,38.815000000008034
499,38.81900000000885
511,38.823000000009664
525,38.82700000001048
536,38.831000000011294
539,38.83500000001211
532,38.83900000001292
516,38.84300000001374
498,38.84700000001455
483,38.85100000001537
476,38.85500000001618
476,38.859000000017
481,38.86300000001781
486,38.86700000001863
490,38.87100000001944
491,38.87500000002026
491,38.87900000002107
491,38.88300000002189
490,38.8870000000227
490,38.89100000002352
490,38.89500000002433
490,38.89900000002515
490,38.90300000002596
490,38.90700000002678
490,38.91100000002759
490,38.91500000002841
491,38.91900000002922
491,38.92300000003004
491,38.92700000003085
491,38.931000000031666
492,38.93500000003248
492,38.939000000033296
492,38.94300000003411
492,38.947000000034926
492,38.95100000003574
492,38.955000000036556
493,38.95900000003737
493,38.963000000038186
494,38.967000000039
494,38.971000000039815
494,38.97500000004063
494,38.979000000041445
494,38.98300000004226
495,38.987000000043075
495,38.99100000004389
496,38.995000000044705
496,38.99900000004552
497,39.003000000046335
497,39.00700000004715
498,39.011000000047964
499,39.01500000004878
499,39.019000000049594
500,39.02300000005041
501,39.027000000051224
501,39.029999999997266
502,39.03399999999808
502,39.037999999998895
503,39.04199999999971
504,39.046000000000525
504,39.05000000000134
504,39.054000000002155
505,39.05800000000297
505,39.062000000003785
505,39.0660000000046
505,39.070000000005415
505,39.07400000000623
504,39.078000000007044
503,39.08200000000786
502,39.086000000008674
500,39.09000000000949
499,39.094000000010304
497,39.09800000001112
495,39.102000000011934
494,39.10600000001275
493,39.110000000013564
492,39.11400000001438
491,39.11800000001519
491,39.12200000001601
490,39.12600000001682
490,39.13000000001764
490,39.13400000001845
489,39.13800000001927
489,39.14200000002008
489,39.1460000000209
489,39.15000000002171
489,39.15400000002253
489,39.15800000002334
489,39.16200000002416
489,39.16600000002497
489,39.17000000002579
489,39.1740000000266
489,39.17800000002742
489,39.18200000002823
489,39.18600000002905
489,39.19000000002986
489,39.19400000003068
489,39.19800000003149
490,39.20200000003231
490,39.20600000003312
490,39.210000000033936
490,39.21400000003475
490,39.218000000035566
490,39.22200000003638
490,39.226000000037196
490,39.23000000003801
490,39.234000000038826
490,39.23800000003964
491,39.242000000040456
491,39.24600000004127
491,39.250000000042085
491,39.2540000000429
490,39.258000000043715
490,39.26200000004453
490,39.266000000045345
490,39.27000000004616
490,39.274000000046975
490,39.27800000004779
491,39.28199999999767
491,39.28599999999849
491,39.2899999999993
491,39.29400000000012
490,39.29800000000093
490,39.30200000000175
490,39.30600000000256
490,39.31000000000338
490,39.31400000000419
490,39.31800000000501
490,39.32200000000582
491,39.32600000000664
491,39.33000000000745
491,39.33400000000827
490,39.33800000000908
490,39.3420000000099
490,39.34600000001071
490,39.350000000011526
490,39.35400000001234
490,39.358000000013156
491,39.36200000001397
491,39.366000000014786
491,39.3700000000156
491,39.374000000016416
491,39.37800000001723
491,39.382000000018046
491,39.38600000001886
491,39.390000000019675
491,39.39400000002049
491,39.398000000021305
492,39.40200000002212
492,39.406000000022935
492,39.41000000002375
492,39.414000000024565
493,39.41800000002538
493,39.422000000026195
493,39.42600000002701
492,39.430000000027825
492,39.43400000002864
492,39.438000000029454
491,39.44200000003027
491,39.446000000031084
491,39.4500000000319
491,39.454000000032714
491,39.45800000003353
491,39.462000000034344
491,39.46600000003516
491,39.470000000035974
491,39.47400000003679
491,39.4780000000376
491,39.48200000003842
492,39.48600000003923
491,39.49000000004005
491,39.49400000004086
490,39.49800000004168
489,39.50200000004249
490,39.50600000004331
494,39.51000000004412
503,39.51400000004494
516,39.51800000004575
529,39.52200000004657
539,39.52600000004738
540,39.5300000000482
530,39.53399999999808
514,39.537999999998895
496,39.54199999999971
483,39.546000000000525
478,39.55000000000134
480,39.554000000002155
485,39.55800000000297
490,39.562000000003785
492,39.5660000000046
493,39.570000000005415
492,39.57400000000623
492,39.578000000007044
491,39.58200000000786
491,39.586000000008674
491,39.59000000000949
491,39.594000000010304
492,39.59800000001112
492,39.602000000011934
492,39.60600000001275
492,39.610000000013564
493,39.61400000001438
493,39.61800000001519
493,39.62200000001601
493,39.62600000001682
493,39.63000000001764
493,39.63400000001845
494,39.63800000001927
494,39.64200000002008
494,39.6460000000209
494,39.65000000002171
495,39.65400000002253
495,39.65800000002334
495,39.66200000002416
495,39.66600000002497
495,39.67000000002579
496,39.6740000000266
496,39.67800000002742
497,39.68200000002823
497,39.68600000002905
498,39.69000000002986
498,39.69400000003068
499,39.69800000003149
499,39.70200000003231
500,39.70600000003312
500,39.710000000033936
501,39.71400000003475
502,39.718000000035566
503,39.72200000003638
504,39.726000000037196
504,39.73000000003801
505,39.734000000038826
505,39.73800000003964
506,39.742000000040456
506,39.74600000004127
507,39.750000000042085
507,39.7540000000429
508,39.758000000043715
508,39.76200000004453
508,39.766000000045345
508,39.77000000004616
507,39.774000000046975
506,39.77800000004779
505,39.782000000048605
503,39.78599999999849
501,39.7899999999993
500,39.79400000000012
498,39.79800000000093
497,39.80200000000175
496,39.80600000000256
495,39.81000000000338
494,39.81400000000419
493,39.81800000000501
492,39.82200000000582
491,39.82600000000664
491,39.83000000000745
491,39.83400000000827
491,39.83800000000908
491,39.8420000000099
491,39.84600000001071
491,39.850000000011526
491,39.85400000001234
491,39.858000000013156
491,39.86200000001397
491,39.866000000014786
491,39.8700000000156
491,39.874000000016416
491,39.87800000001723
492,39.882000000018046
492,39.88600000001886
492,39.890000000019675
492,39.89400000002049
491,39.898000000021305
491,39.90200000002212
491,39.906000000022935
491,39.91000000002375
492,39.914000000024565
492,39.91800000002538
492,39.922000000026195
492,39.92600000002701
492,39.930000000027825
492,39.93400000002864
492,39.938000000029454
492,39.94200000003027
492,39.946000000031084
492,39.9500000000319
492,39.954000000032714
492,39.95800000003353
492,39.962000000034344
492,39.96600000003516
492,39.970000000035974
492,39.97400000003679
492,39.9780000000376
492,39.98200000003842
491,39.98600000003923
491,39.99000000004005
492,39.99400000004086
492,39.99800000004168
492,40.00200000004249
492,40.00600000004331
492,40.01000000004412
492,40.01400000004494
492,40.01800000004575
491,40.02200000004657
491,40.02600000004738
491,40.0300000000482
491,40.03400000004901
492,40.03900000000274
492,40.04300000000355
492,40.04700000000437
492,40.05100000000518
492,40.055000000006
492,40.05900000000681
492,40.06300000000763
492,40.06700000000844
492,40.071000000009256
492,40.07500000001007
492,40.079000000010886
492,40.0830000000117
492,40.087000000012516
492,40.09100000001333
492,40.095000000014146
492,40.09900000001496
492,40.103000000015776
492,40.10700000001659
492,40.111000000017405
493,40.11500000001822
493,40.119000000019035
493,40.12300000001985
493,40.127000000020665
493,40.13100000002148
493,40.135000000022295
493,40.13900000002311
493,40.143000000023925
493,40.14700000002474
493,40.151000000025554
494,40.15500000002637
494,40.159000000027184
494,40.163000000028
494,40.167000000028814
494,40.17100000002963
494,40.175000000030444
493,40.17900000003126
492,40.183000000032074
492,40.18700000003289
492,40.1910000000337
492,40.19500000003452
493,40.19900000003533
493,40.20300000003615
493,40.20700000003696
493,40.21100000003778
493,40.21500000003859
493,40.21900000003941
493,40.22300000004022
492,40.22700000004104
491,40.23100000004185
491,40.23500000004267
491,40.23900000004348
495,40.2430000000443
502,40.24700000004511
514,40.25100000004593
527,40.25500000004674
537,40.25900000004756
540,40.26300000004837
533,40.26700000004919
518,40.27100000005
500,40.27500000005082
486,40.27900000005163
480,40.283000000052446
481,40.28700000005326
486,40.291000000003145
491,40.29500000000396
494,40.299000000004774
494,40.30300000000559
494,40.307000000006404
493,40.31100000000722
493,40.315000000008034
493,40.31900000000885
493,40.323000000009664
493,40.32700000001048
494,40.331000000011294
494,40.33500000001211
494,40.33900000001292
494,40.34300000001374
494,40.34700000001455
494,40.35100000001537
494,40.35500000001618
495,40.359000000017
495,40.36300000001781
495,40.36700000001863
495,40.37100000001944
495,40.37500000002026
495,40.37900000002107
495,40.38300000002189
496,40.3870000000227
496,40.39100000002352
496,40.39500000002433
497,40.39900000002515
497,40.40300000002596
497,40.40700000002678
498,40.41100000002759
498,40.41500000002841
499,40.41900000002922
499,40.42300000003004
499,40.42700000003085
500,40.431000000031666
500,40.43500000003248
501,40.439000000033296
502,40.44300000003411
503,40.447000000034926
504,40.45100000003574
504,40.455000000036556
505,40.45900000003737
506,40.463000000038186
506,40.467000000039
507,40.471000000039815
507,40.47500000004063
508,40.479000000041445
508,40.48300000004226
509,40.487000000043075
509,40.49100000004389
510,40.495000000044705
510,40.49900000004552
510,40.503000000046335
509,40.50700000004715
508,40.511000000047964
507,40.51500000004878
506,40.519000000049594
504,40.52300000005041
503,40.527000000051224
501,40.53100000005204
499,40.535000000052854
498,40.53900000005367
497,40.542999999996276
495,40.54699999999709
494,40.550999999997906
494,40.55499999999872
493,40.558999999999536
493,40.56300000000035
492,40.567000000001165
492,40.57100000000198
492,40.575000000002795
492,40.57900000000361
492,40.583000000004425
492,40.58700000000524
493,40.591000000006055
493,40.59500000000687
493,40.599000000007685
493,40.6030000000085
493,40.607000000009315
493,40.61100000001013
493,40.615000000010944
493,40.61900000001176
493,40.623000000012574
493,40.62700000001339
493,40.631000000014204
493,40.63500000001502
493,40.639000000015834
493,40.64300000001665
493,40.647000000017464
493,40.65100000001828
493,40.65500000001909
493,40.65900000001991
493,40.66300000002072
493,40.66700000002154
493,40.67100000002235
493,40.67500000002317
493,40.67900000002398
493,40.6830000000248
494,40.68700000002561
494,40.69100000002643
494,40.69500000002724
493,40.69900000002806
493,40.70300000002887
493,40.70700000002969
493,40.7110000000305
493,40.71500000003132
493,40.71900000003213
493,40.72300000003295
494,40.72700000003376
494,40.73100000003458
493,40.73500000003539
493,40.73900000003621
493,40.74300000003702
493,40.747000000037836
493,40.75100000003865
493,40.755000000039466
493,40.75900000004028
493,40.763000000041096
493,40.76700000004191
493,40.771000000042726
493,40.77500000004354
493,40.779000000044356
493,40.78300000004517
493,40.787000000045985
493,40.7910000000468
493,40.79499999999668
493,40.7989999999975
493,40.80299999999831
493,40.80699999999913
493,40.81099999999994
493,40.81500000000076
493,40.81900000000157
493,40.82300000000239
493,40.8270000000032
493,40.83100000000402
493,40.83500000000483
493,40.83900000000565
493,40.84300000000646
493,40.84700000000728
494,40.85100000000809
494,40.85500000000891
494,40.85900000000972
494,40.86300000001054
494,40.86700000001135
494,40.87100000001217
494,40.87500000001298
494,40.8790000000138
494,40.88300000001461
494,40.887000000015426
495,40.89100000001624
495,40.895000000017056
496,40.89900000001787
496,40.903000000018686
496,40.9070000000195
496,40.911000000020316
495,40.91500000002113
495,40.919000000021946
495,40.92300000002276
494,40.927000000023575
494,40.93100000002439
494,40.935000000025205
493,40.93900000002602
493,40.943000000026835
493,40.94700000002765
493,40.951000000028465
493,40.95500000002928
493,40.959000000030095
494,40.96300000003091
494,40.967000000031724
494,40.97100000003254
494,40.975000000033354
492,40.97900000003417
491,40.983000000034984
492,40.9870000000358
494,40.991000000036614
501,40.99500000003743
512,40.999000000038244
525,41.00300000003906
537,41.007000000039874
542,41.01100000004069
536,41.0150000000415
522,41.01900000004232
503,41.02300000004313
488,41.02700000004395
479,41.03100000004476
479,41.03500000004558
484,41.03900000004639
490,41.04300000004721
494,41.04699999999709
495,41.050999999997906
494,41.05499999999872
494,41.058999999999536
493,41.06300000000035
493,41.067000000001165
493,41.07100000000198
493,41.075000000002795
494,41.07900000000361
494,41.083000000004425
494,41.08700000000524
494,41.091000000006055
494,41.09500000000687
494,41.099000000007685
494,41.1030000000085
494,41.107000000009315
494,41.11100000001013
495,41.115000000010944
495,41.11900000001176
495,41.123000000012574
495,41.12700000001339
496,41.131000000014204
496,41.13500000001502
496,41.139000000015834
496,41.14300000001665
496,41.147000000017464
496,41.15100000001828
497,41.15500000001909
497,41.15900000001991
498,41.16300000002072
498,41.16700000002154
499,41.17100000002235
499,41.17500000002317
499,41.17900000002398
500,41.1830000000248
500,41.18700000002561
501,41.19100000002643
502,41.19500000002724
503,41.19900000002806
503,41.20300000002887
504,41.20700000002969
505,41.2110000000305
505,41.21500000003132
506,41.21900000003213
506,41.22300000003295
506,41.22700000003376
507,41.23100000003458
508,41.23500000003539
508,41.23900000003621
509,41.24300000003702
509,41.247000000037836
509,41.25100000003865
508,41.255000000039466
508,41.25900000004028
507,41.263000000041096
505,41.26700000004191
504,41.271000000042726
502,41.27500000004354
501,41.279000000044356
499,41.28300000004517
498,41.287000000045985
497,41.2910000000468
495,41.295000000047615
494,41.2989999999975
493,41.30299999999831
493,41.30699999999913
492,41.31099999999994
492,41.31500000000076
491,41.31900000000157
491,41.32300000000239
491,41.3270000000032
491,41.33100000000402
491,41.33500000000483
491,41.33900000000565
491,41.34300000000646
491,41.34700000000728
491,41.35100000000809
491,41.35500000000891
491,41.35900000000972
491,41.36300000001054
491,41.36700000001135
491,41.37100000001217
491,41.37500000001298
491,41.3790000000138
491,41.38300000001461
491,41.387000000015426
491,41.39100000001624
491,41.395000000017056
491,41.39900000001787
492,41.403000000018686
492,41.4070000000195
492,41.411000000020316
492,41.41500000002113
492,41.419000000021946
491,41.42300000002276
491,41.427000000023575
491,41.43100000002439
492,41.435000000025205
492,41.43900000002602
492,41.443000000026835
492,41.44700000002765
492,41.451000000028465
492,41.45500000002928
492,41.459000000030095
491,41.46300000003091
491,41.467000000031724
491,41.47100000003254
491,41.475000000033354
491,41.47900000003417
491,41.483000000034984
491,41.4870000000358
492,41.491000000036614
491,41.49500000003743
491,41.499000000038244
491,41.50300000003906
491,41.507000000039874
491,41.51100000004069
491,41.5150000000415
491,41.51900000004232
491,41.52300000004313
491,41.52700000004395
491,41.53100000004476
491,41.53500000004558
491,41.53900000004639
491,41.54300000004721
491,41.54700000004802
491,41.550999999997906
491,41.55499999999872
491,41.558999999999536
491,41.56300000000035
491,41.567000000001165
491,41.57100000000198
491,41.575000000002795
491,41.57900000000361
491,41.583000000004425
491,41.58700000000524
491,41.591000000006055
491,41.59500000000687
491,41.599000000007685
491,41.6030000000085
491,41.607000000009315
491,41.61100000001013
491,41.615000000010944
491,41.61900000001176
491,41.623000000012574
491,41.62700000001339
491,41.631000000014204
492,41.63500000001502
492,41.639000000015834
493,41.64300000001665
493,41.647000000017464
494,41.65100000001828
494,41.65500000001909
494,41.65900000001991
494,41.66300000002072
493,41.66700000002154
492,41.67100000002235
492,41.67500000002317
491,41.67900000002398
491,41.6830000000248
491,41.68700000002561
491,41.69100000002643
491,41.69500000002724
491,41.69900000002806
491,41.70300000002887
491,41.70700000002969
491,41.7110000000305
491,41.71500000003132
491,41.71900000003213
491,41.72300000003295
491,41.72700000003376
490,41.73100000003458
490,41.73500000003539
491,41.73900000003621
496,41.74300000003702
504,41.747000000037836
517,41.75100000003865
531,41.755000000039466
540,41.75900000004028
540,41.763000000041096
529,41.76700000004191
511,41.771000000042726
493,41.77500000004354
480,41.779000000044356
476,41.78300000004517
478,41.787000000045985
484,41.7910000000468
489,41.795000000047615
491,41.79900000004843
492,41.80299999999831
492,41.80699999999913
492,41.81099999999994
492,41.81500000000076
491,41.81900000000157
491,41.82300000000239
491,41.8270000000032
491,41.83100000000402
491,41.83500000000483
492,41.83900000000565
492,41.84300000000646
492,41.84700000000728
492,41.85100000000809
493,41.85500000000891
493,41.85900000000972
493,41.86300000001054
493,41.86700000001135
493,41.87100000001217
493,41.87500000001298
493,41.8790000000138
493,41.88300000001461
494,41.887000000015426
494,41.89100000001624
494,41.895000000017056
495,41.89900000001787
495,41.903000000018686
495,41.9070000000195
495,41.911000000020316
496,41.91500000002113
496,41.919000000021946
497,41.92300000002276
497,41.927000000023575
498,41.93100000002439
498,41.935000000025205
499,41.93900000002602
500,41.943000000026835
500,41.94700000002765
501,41.951000000028465
502,41.95500000002928
503,41.959000000030095
503,41.96300000003091
504,41.967000000031724
504,41.97100000003254
504,41.975000000033354
505,41.97900000003417
505,41.983000000034984
505,41.9870000000358
506,41.991000000036614
506,41.99500000003743
507,41.999000000038244
507,42.00300000003906
506,42.007000000039874
505,42.01100000004069
504,42.0150000000415
503,42.01900000004232
501,42.02300000004313
500,42.02700000004395
499,42.03100000004476
497,42.03500000004558
496,42.03900000004639
494,42.04300000004721
493,42.04700000004802
492,42.05100000004884
492,42.054000000002155
491,42.05800000000297
491,42.062000000003785
490,42.0660000000046
490,42.070000000005415
490,42.07400000000623
490,42.078000000007044
490,42.08200000000786
490,42.086000000008674
490,42.09000000000949
490,42.094000000010304
490,42.09800000001112
490,42.102000000011934
490,42.10600000001275
490,42.110000000013564
490,42.11400000001438
490,42.11800000001519
490,42.12200000001601
490,42.12600000001682
490,42.13000000001764
490,42.13400000001845
490,42.13800000001927
490,42.14200000002008
490,42.1460000000209
491,42.15000000002171
491,42.15400000002253
491,42.15800000002334
491,42.16200000002416
491,42.16600000002497
491,42.17000000002579
491,42.1740000000266
491,42.17800000002742
491,42.18200000002823
491,42.18600000002905
491,42.19000000002986
491,42.19400000003068
491,42.19800000003149
491,42.20200000003231
491,42.20600000003312
491,42.210000000033936
491,42.21400000003475
491,42.218000000035566
491,42.22200000003638
490,42.226000000037196
490,42.23000000003801
491,42.234000000038826
491,42.23800000003964
491,42.242000000040456
491,42.24600000004127
490,42.250000000042085
490,42.2540000000429
490,42.258000000043715
490,42.26200000004453
490,42.266000000045345
490,42.27000000004616
490,42.274000000046975
490,42.27800000004779
490,42.282000000048605
491,42.28600000004942
490,42.290000000050235
490,42.29400000005105
490,42.298000000051864
490,42.30200000005268
490,42.30600000000256
490,42.31000000000338
490,42.31400000000419
490,42.31800000000501
490,42.32200000000582
491,42.32600000000664
491,42.33000000000745
490,42.33400000000827
490,42.33800000000908
490,42.3420000000099
490,42.34600000001071
491,42.350000000011526
491,42.35400000001234
491,42.358000000013156
491,42.36200000001397
491,42.366000000014786
491,42.3700000000156
492,42.374000000016416
492,42.37800000001723
493,42.382000000018046
493,42.38600000001886
493,42.390000000019675
493,42.39400000002049
492,42.398000000021305
492,42.40200000002212
491,42.406000000022935
491,42.41000000002375
490,42.414000000024565
490,42.41800000002538
490,42.422000000026195
490,42.42600000002701
490,42.430000000027825
490,42.43400000002864
490,42.438000000029454
490,42.44200000003027
491,42.446000000031084
491,42.4500000000319
490,42.454000000032714
490,42.45800000003353
489,42.462000000034344
490,42.46600000003516
493,42.470000000035974
501,42.47400000003679
512,42.4780000000376
526,42.48200000003842
537,42.48600000003923
540,42.49000000004005
533,42.49400000004086
517,42.49800000004168
498,42.50200000004249
483,42.50600000004331
475,42.51000000004412
476,42.51400000004494
481,42.51800000004575
487,42.52200000004657
490,42.52600000004738
491,42.5300000000482
491,42.53400000004901
491,42.53800000004983
491,42.54200000005064
491,42.54600000005146
491,42.55000000005227
491,42.55400000005309
491,42.55800000000297
491,42.562000000003785
491,42.5660000000046
492,42.570000000005415
492,42.57400000000623
492,42.578000000007044
492,42.58200000000786
492,42.586000000008674
492,42.59000000000949
493,42.594000000010304
493,42.59800000001112
493,42.602000000011934
493,42.60600000001275
493,42.610000000013564
493,42.61400000001438
494,42.61800000001519
494,42.62200000001601
494,42.62600000001682
495,42.63000000001764
495,42.63400000001845
495,42.63800000001927
496,42.64200000002008
496,42.6460000000209
497,42.65000000002171
497,42.65400000002253
497,42.65800000002334
498,42.66200000002416
498,42.66600000002497
499,42.67000000002579
499,42.6740000000266
500,42.67800000002742
501,42.68200000002823
502,42.68600000002905
502,42.69000000002986
503,42.69400000003068
503,42.69800000003149
503,42.70200000003231
504,42.70600000003312
504,42.710000000033936
505,42.71400000003475
505,42.718000000035566
506,42.72200000003638
506,42.726000000037196
506,42.73000000003801
505,42.734000000038826
504,42.73800000003964
503,42.742000000040456
502,42.74600000004127
500,42.750000000042085
499,42.7540000000429
498,42.758000000043715
496,42.76200000004453
495,42.766000000045345
494,42.77000000004616
493,42.774000000046975
492,42.77800000004779
491,42.782000000048605
490,42.78600000004942
490,42.790000000050235
490,42.79400000005105
489,42.798000000051864
489,42.80200000005268
489,42.806000000053494
489,42.81000000000338
489,42.81400000000419
489,42.81800000000501
489,42.82200000000582
489,42.82600000000664
489,42.83000000000745
489,42.83400000000827
489,42.83800000000908
490,42.8420000000099
490,42.84600000001071
490,42.850000000011526
490,42.85400000001234
490,42.858000000013156
490,42.86200000001397
490,42.866000000014786
490,42.8700000000156
490,42.874000000016416
490,42.87800000001723
490,42.882000000018046
490,42.88600000001886
490,42.890000000019675
490,42.89400000002049
490,42.898000000021305
490,42.90200000002212
490,42.906000000022935
490,42.91000000002375
490,42.914000000024565
490,42.91800000002538
491,42.922000000026195
490,42.92600000002701
490,42.930000000027825
490,42.93400000002864
490,42.938000000029454
490,42.94200000003027
490,42.946000000031084
490,42.9500000000319
489,42.954000000032714
489,42.95800000003353
489,42.962000000034344
490,42.96600000003516
490,42.970000000035974
490,42.97400000003679
490,42.9780000000376
490,42.98200000003842
489,42.98600000003923
489,42.99000000004005
489,42.99400000004086
489,42.99800000004168
489,43.00200000004249
489,43.00600000004331
489,43.01000000004412
489,43.01400000004494
489,43.01800000004575
489,43.02200000004657
489,43.02600000004738
489,43.0300000000482
489,43.03400000004901
489,43.03800000004983
489,43.04200000005064
489,43.04600000005146
489,43.05000000005227
489,43.05400000005309
489,43.0580000000539
489,43.06199999999651
489,43.065999999997324
489,43.06999999999814
490,43.073999999998954
490,43.07799999999977
491,43.08200000000058
492,43.0860000000014
492,43.09000000000221
492,43.09400000000303
491,43.09800000000384
491,43.10200000000466
490,43.10600000000547
490,43.11000000000629
490,43.1140000000071
489,43.11800000000792
489,43.12200000000873
489,43.12600000000955
489,43.13000000001036
489,43.13400000001118
489,43.13800000001199
489,43.14200000001281
489,43.14600000001362
489,43.15000000001444
489,43.15400000001525
489,43.15800000001607
489,43.16200000001688
489,43.166000000017696
488,43.17000000001851
489,43.174000000019326
491,43.17800000002014
496,43.182000000020956
506,43.18600000002177
519,43.190000000022586
531,43.1940000000234
537,43.198000000024216
534,43.20200000002503
522,43.206000000025846
504,43.21000000002666
487,43.214000000027475
476,43.21800000002829
474,43.222000000029105
478,43.22600000002992
483,43.230000000030735
488,43.23400000003155
490,43.238000000032365
490,43.24200000003318
490,43.246000000033995
490,43.25000000003481
490,43.254000000035624
490,43.25800000003644
490,43.262000000037254
490,43.26600000003807
490,43.270000000038884
490,43.2740000000397
490,43.278000000040514
491,43.28200000004133
491,43.286000000042144
491,43.29000000004296
491,43.29400000004377
491,43.29800000004459
491,43.3020000000454
492,43.30600000004622
492,43.31000000004703
492,43.313999999996916
492,43.31799999999773
493,43.321999999998546
493,43.32599999999936
493,43.330000000000176
494,43.33400000000099
494,43.338000000001806
494,43.34200000000262
494,43.346000000003436
494,43.35000000000425
495,43.354000000005065
495,43.35800000000588
496,43.362000000006695
497,43.36600000000751
497,43.370000000008325
498,43.37400000000914
498,43.378000000009955
499,43.38200000001077
499,43.386000000011585
500,43.3900000000124
501,43.394000000013214
501,43.39800000001403
502,43.402000000014844
502,43.40600000001566
503,43.410000000016474
503,43.41400000001729
504,43.418000000018104
504,43.42200000001892
504,43.426000000019734
505,43.43000000002055
505,43.43400000002136
505,43.43800000002218
505,43.44200000002299
504,43.44600000002381
504,43.45000000002462
502,43.45400000002544
501,43.45800000002625
499,43.46200000002707
498,43.46600000002788
496,43.4700000000287
495,43.47400000002951
494,43.47800000003033
493,43.48200000003114
492,43.48600000003196
491,43.49000000003277
491,43.49400000003359
490,43.4980000000344
490,43.50200000003522
490,43.50600000003603
489,43.51000000003685
489,43.51400000003766
489,43.51800000003848
489,43.52200000003929
489,43.526000000040106
489,43.53000000004092
489,43.534000000041736
489,43.53800000004255
489,43.542000000043366
489,43.54600000004418
489,43.550000000044996
489,43.55400000004581
489,43.558000000046626
490,43.56200000004744
490,43.565999999997324
490,43.56999999999814
490,43.573999999998954
490,43.57799999999977
490,43.58200000000058
490,43.5860000000014
490,43.59000000000221
490,43.59400000000303
491,43.59800000000384
491,43.60200000000466
491,43.60600000000547
491,43.61000000000629
491,43.6140000000071
491,43.61800000000792
490,43.62200000000873
490,43.62600000000955
490,43.63000000001036
490,43.63400000001118
491,43.63800000001199
491,43.64200000001281
491,43.64600000001362
491,43.65000000001444
491,43.65400000001525
491,43.65800000001607
490,43.66200000001688
490,43.666000000017696
490,43.67000000001851
490,43.674000000019326
490,43.67800000002014
490,43.682000000020956
490,43.68600000002177
490,43.690000000022586
490,43.6940000000234
490,43.698000000024216
490,43.70200000002503
490,43.706000000025846
490,43.71000000002666
490,43.714000000027475
490,43.71800000002829
491,43.722000000029105
491,43.72600000002992
491,43.730000000030735
491,43.73400000003155
491,43.738000000032365
490,43.74200000003318
490,43.746000000033995
490,43.75000000003481
490,43.754000000035624
491,43.75800000003644
491,43.762000000037254
491,43.76600000003807
491,43.770000000038884
491,43.7740000000397
491,43.778000000040514
491,43.78200000004133
491,43.786000000042144
491,43.79000000004296
492,43.79400000004377
492,43.79800000004459
492,43.8020000000454
492,43.80600000004622
492,43.81000000004703
493,43.81400000004785
493,43.81799999999773
493,43.821999999998546
493,43.82599999999936
493,43.830000000000176
493,43.83400000000099
493,43.838000000001806
493,43.84200000000262
492,43.846000000003436
492,43.85000000000425
491,43.854000000005065
491,43.85800000000588
491,43.862000000006695
491,43.86600000000751
491,43.870000000008325
491,43.87400000000914
491,43.878000000009955
492,43.88200000001077
492,43.886000000011585
492,43.8900000000124
491,43.894000000013214
490,43.89800000001403
489,43.902000000014844
490,43.90600000001566
493,43.910000000016474
501,43.91400000001729
512,43.918000000018104
526,43.92200000001892
538,43.926000000019734
541,43.93000000002055
534,43.93400000002136
519,43.93800000002218
500,43.94200000002299
485,43.94600000002381
478,43.95000000002462
478,43.95400000002544
483,43.95800000002625
489,43.96200000002707
492,43.96600000002788
493,43.9700000000287
492,43.97400000002951
492,43.97800000003033
492,43.98200000003114
492,43.98600000003196
492,43.99000000003277
492,43.99400000003359
492,43.9980000000344
492,44.00200000003522
492,44.00600000003603
492,44.01000000003685
492,44.01400000003766
492,44.01800000003848
492,44.02200000003929
493,44.026000000040106
493,44.03000000004092
493,44.034000000041736
493,44.03800000004255
494,44.042000000043366
494,44.04600000004418
494,44.050000000044996
494,44.05400000004581
494,44.058000000046626
495,44.06200000004744
495,44.066000000048255
495,44.07100000000198
495,44.075000000002795
496,44.07900000000361
496,44.083000000004425
497,44.08700000000524
497,44.091000000006055
498,44.09500000000687
498,44.099000000007685
499,44.1030000000085
499,44.107000000009315
500,44.11100000001013
500,44.115000000010944
501,44.11900000001176
502,44.123000000012574
503,44.12700000001339
504,44.131000000014204
504,44.13500000001502
505,44.139000000015834
505,44.14300000001665
505,44.147000000017464
506,44.15100000001828
507,44.15500000001909
507,44.15900000001991
508,44.16300000002072
508,44.16700000002154
508,44.17100000002235
507,44.17500000002317
506,44.17900000002398
505,44.1830000000248
504,44.18700000002561
502,44.19100000002643
501,44.19500000002724
499,44.19900000002806
498,44.20300000002887
496,44.20700000002969
495,44.2110000000305
494,44.21500000003132
493,44.21900000003213
492,44.22300000003295
491,44.22700000003376
491,44.23100000003458
491,44.23500000003539
491,44.23900000003621
491,44.24300000003702
491,44.247000000037836
491,44.25100000003865
491,44.255000000039466
490,44.25900000004028
490,44.263000000041096
490,44.26700000004191
490,44.271000000042726
490,44.27500000004354
491,44.279000000044356
491,44.28300000004517
491,44.287000000045985
491,44.2910000000468
491,44.295000000047615
491,44.29900000004843
491,44.303000000049245
491,44.30700000005006
491,44.311000000050875
491,44.31500000005169
491,44.319000000052505
492,44.32300000000239
492,44.3270000000032
492,44.33100000000402
492,44.33500000000483
492,44.33900000000565
492,44.34300000000646
491,44.34700000000728
491,44.35100000000809
492,44.35500000000891
492,44.35900000000972
492,44.36300000001054
492,44.36700000001135
492,44.37100000001217
492,44.37500000001298
492,44.3790000000138
492,44.38300000001461
491,44.387000000015426
491,44.39100000001624
492,44.395000000017056
492,44.39900000001787
492,44.403000000018686
492,44.4070000000195
492,44.411000000020316
492,44.41500000002113
492,44.419000000021946
491,44.42300000002276
491,44.427000000023575
491,44.43100000002439
491,44.435000000025205
492,44.43900000002602
492,44.443000000026835
492,44.44700000002765
492,44.451000000028465
492,44.45500000002928
492,44.459000000030095
492,44.46300000003091
492,44.467000000031724
492,44.47100000003254
492,44.475000000033354
492,44.47900000003417
492,44.483000000034984
492,44.4870000000358
492,44.491000000036614
492,44.49500000003743
492,44.499000000038244
492,44.50300000003906
492,44.507000000039874
492,44.51100000004069
492,44.5150000000415
493,44.51900000004232
493,44.52300000004313
494,44.52700000004395
494,44.53100000004476
494,44.53500000004558
494,44.53900000004639
494,44.54300000004721
494,44.54700000004802
493,44.55100000004884
493,44.55500000004965
493,44.55900000005047
493,44.56300000005128
492,44.5670000000521
492,44.57100000005291
492,44.575000000002795
492,44.57900000000361
492,44.583000000004425
492,44.58700000000524
492,44.591000000006055
492,44.59500000000687
493,44.599000000007685
493,44.6030000000085
493,44.607000000009315
492,44.61100000001013
491,44.615000000010944
490,44.61900000001176
491,44.623000000012574
496,44.62700000001339
504,44.631000000014204
517,44.63500000001502
531,44.639000000015834
540,44.64300000001665
541,44.647000000017464
531,44.65100000001828
514,44.65500000001909
496,44.65900000001991
483,44.66300000002072
478,44.66700000002154
481,44.67100000002235
486,44.67500000002317
491,44.67900000002398
494,44.6830000000248
494,44.68700000002561
494,44.69100000002643
493,44.69500000002724
493,44.69900000002806
493,44.70300000002887
493,44.70700000002969
493,44.7110000000305
493,44.71500000003132
493,44.71900000003213
494,44.72300000003295
494,44.72700000003376
494,44.73100000003458
494,44.73500000003539
494,44.73900000003621
494,44.74300000003702
494,44.747000000037836
495,44.75100000003865
495,44.755000000039466
495,44.75900000004028
495,44.763000000041096
496,44.76700000004191
496,44.771000000042726
496,44.77500000004354
496,44.779000000044356
496,44.78300000004517
497,44.787000000045985
497,44.7910000000468
497,44.795000000047615
498,44.79900000004843
499,44.803000000049245
499,44.80700000005006
500,44.811000000050875
500,44.81500000005169
501,44.819000000052505
501,44.82300000005332
502,44.8270000000032
502,44.83100000000402
503,44.83500000000483
504,44.83900000000565
505,44.84300000000646
506,44.84700000000728
506,44.85100000000809
507,44.85500000000891
507,44.85900000000972
508,44.86300000001054
508,44.86700000001135
508,44.87100000001217
509,44.87500000001298
509,44.8790000000138
509,44.88300000001461
509,44.887000000015426
509,44.89100000001624
508,44.895000000017056
506,44.89900000001787
505,44.903000000018686
503,44.9070000000195
502,44.911000000020316
500,44.91500000002113
498,44.919000000021946
497,44.92300000002276
496,44.927000000023575
495,44.93100000002439
494,44.935000000025205
493,44.93900000002602
493,44.943000000026835
492,44.94700000002765
492,44.951000000028465
491,44.95500000002928
491,44.959000000030095
491,44.96300000003091
491,44.967000000031724
491,44.97100000003254
491,44.975000000033354
491,44.97900000003417
491,44.983000000034984
491,44.9870000000358
492,44.991000000036614
492,44.99500000003743
492,44.999000000038244
492,45.00300000003906
492,45.007000000039874
492,45.01100000004069
492,45.0150000000415
492,45.01900000004232
492,45.02300000004313
492,45.02700000004395
492,45.03100000004476
492,45.03500000004558
492,45.03900000004639
493,45.04300000004721
492,45.04700000004802
492,45.05100000004884
492,45.05500000004965
492,45.05900000005047
492,45.06300000005128
492,45.0670000000521
492,45.07100000005291
492,45.07500000005373
492,45.07799999999977
492,45.08200000000058
493,45.0860000000014
492,45.09000000000221
492,45.09400000000303
492,45.09800000000384
492,45.10200000000466
492,45.10600000000547
492,45.11000000000629
492,45.1140000000071
492,45.11800000000792
492,45.12200000000873
492,45.12600000000955
492,45.13000000001036
492,45.13400000001118
492,45.13800000001199
492,45.14200000001281
492,45.14600000001362
492,45.15000000001444
492,45.15400000001525
492,45.15800000001607
492,45.16200000001688
492,45.166000000017696
492,45.17000000001851
492,45.174000000019326
492,45.17800000002014
492,45.182000000020956
492,45.18600000002177
492,45.190000000022586
492,45.1940000000234
492,45.198000000024216
492,45.20200000002503
492,45.206000000025846
492,45.21000000002666
492,45.214000000027475
492,45.21800000002829
492,45.222000000029105
493,45.22600000002992
493,45.230000000030735
493,45.23400000003155
493,45.238000000032365
493,45.24200000003318
494,45.246000000033995
494,45.25000000003481
494,45.254000000035624
494,45.25800000003644
494,45.262000000037254
494,45.26600000003807
494,45.270000000038884
494,45.2740000000397
493,45.278000000040514
493,45.28200000004133
493,45.286000000042144
492,45.29000000004296
492,45.29400000004377
492,45.29800000004459
492,45.3020000000454
492,45.30600000004622
492,45.31000000004703
492,45.31400000004785
492,45.31800000004866
493,45.32200000004948
493,45.32600000005029
492,45.330000000000176
491,45.33400000000099
490,45.338000000001806
490,45.34200000000262
493,45.346000000003436
501,45.35000000000425
513,45.354000000005065
527,45.35800000000588
539,45.362000000006695
543,45.36600000000751
536,45.370000000008325
520,45.37400000000914
501,45.378000000009955
485,45.38200000001077
478,45.386000000011585
478,45.3900000000124
484,45.394000000013214
489,45.39800000001403
492,45.402000000014844
493,45.40600000001566
493,45.410000000016474
493,45.41400000001729
492,45.418000000018104
492,45.42200000001892
492,45.426000000019734
492,45.43000000002055
492,45.43400000002136
492,45.43800000002218
493,45.44200000002299
493,45.44600000002381
493,45.45000000002462
493,45.45400000002544
493,45.45800000002625
493,45.46200000002707
493,45.46600000002788
494,45.4700000000287
494,45.47400000002951
494,45.47800000003033
494,45.48200000003114
495,45.48600000003196
495,45.49000000003277
495,45.49400000003359
495,45.4980000000344
495,45.50200000003522
495,45.50600000003603
496,45.51000000003685
496,45.51400000003766
497,45.51800000003848
497,45.52200000003929
498,45.526000000040106
498,45.53000000004092
499,45.534000000041736
499,45.53800000004255
500,45.542000000043366
500,45.54600000004418
501,45.550000000044996
502,45.55400000004581
503,45.558000000046626
503,45.56200000004744
504,45.566000000048255
505,45.57000000004907
505,45.574000000049885
505,45.5780000000507
506,45.58200000000058
506,45.5860000000014
507,45.59000000000221
507,45.59400000000303
508,45.59800000000384
508,45.60200000000466
508,45.60600000000547
508,45.61000000000629
507,45.6140000000071
506,45.61800000000792
504,45.62200000000873
503,45.62600000000955
501,45.63000000001036
499,45.63400000001118
498,45.63800000001199
496,45.64200000001281
495,45.64600000001362
494,45.65000000001444
493,45.65400000001525
493,45.65800000001607
492,45.66200000001688
491,45.666000000017696
491,45.67000000001851
490,45.674000000019326
490,45.67800000002014
490,45.682000000020956
490,45.68600000002177
490,45.690000000022586
490,45.6940000000234
490,45.698000000024216
490,45.70200000002503
490,45.706000000025846
490,45.71000000002666
490,45.714000000027475
490,45.71800000002829
491,45.722000000029105
491,45.72600000002992
491,45.730000000030735
491,45.73400000003155
491,45.738000000032365
491,45.74200000003318
491,45.746000000033995
490,45.75000000003481
491,45.754000000035624
491,45.75800000003644
491,45.762000000037254
491,45.76600000003807
491,45.770000000038884
491,45.7740000000397
491,45.778000000040514
491,45.78200000004133
491,45.786000000042144
491,45.79000000004296
491,45.79400000004377
491,45.79800000004459
491,45.8020000000454
491,45.80600000004622
491,45.81000000004703
491,45.81400000004785
491,45.81800000004866
491,45.82200000004948
491,45.82600000005029
491,45.83000000005111
491,45.83400000000099
491,45.838000000001806
491,45.84200000000262
491,45.846000000003436
491,45.85000000000425
491,45.854000000005065
491,45.85800000000588
491,45.862000000006695
491,45.86600000000751
491,45.870000000008325
490,45.87400000000914
490,45.878000000009955
491,45.88200000001077
491,45.886000000011585
491,45.8900000000124
491,45.894000000013214
491,45.89800000001403
490,45.902000000014844
490,45.90600000001566
490,45.910000000016474
490,45.91400000001729
491,45.918000000018104
491,45.92200000001892
491,45.926000000019734
491,45.93000000002055
491,45.93400000002136
491,45.93800000002218
491,45.94200000002299
491,45.94600000002381
491,45.95000000002462
492,45.95400000002544
492,45.95800000002625
493,45.96200000002707
493,45.96600000002788
493,45.9700000000287
493,45.97400000002951
492,45.97800000003033
492,45.98200000003114
492,45.98600000003196
492,45.99000000003277
491,45.99400000003359
491,45.9980000000344
491,46.00200000003522
491,46.00600000003603
491,46.01000000003685
490,46.01400000003766
490,46.01800000003848
491,46.02200000003929
491,46.026000000040106
491,46.03000000004092
491,46.034000000041736
491,46.03800000004255
491,46.042000000043366
490,46.04600000004418
489,46.050000000044996
490,46.05400000004581
493,46.058000000046626
501,46.06200000004744
513,46.066000000048255
527,46.07000000004907
538,46.074000000049885
542,46.0780000000507
534,46.082000000051515
518,46.086999999997964
500,46.09099999999878
484,46.094999999999594
477,46.09900000000041
477,46.103000000001224
482,46.10700000000204
487,46.11100000000285
490,46.11500000000367
491,46.11900000000448
492,46.1230000000053
492,46.12700000000611
492,46.13100000000693
492,46.13500000000774
492,46.13900000000856
492,46.14300000000937
492,46.14700000001019
491,46.151000000011
491,46.15500000001182
492,46.15900000001263
492,46.16300000001345
492,46.16700000001426
493,46.17100000001508
493,46.17500000001589
493,46.17900000001671
493,46.18300000001752
493,46.18700000001834
493,46.19100000001915
493,46.19500000001997
494,46.19900000002078
494,46.203000000021596
494,46.20700000002241
495,46.211000000023226
495,46.21500000002404
495,46.219000000024856
495,46.22300000002567
495,46.227000000026486
496,46.2310000000273
496,46.235000000028116
497,46.23900000002893
497,46.243000000029745
498,46.24700000003056
499,46.251000000031375
499,46.25500000003219
499,46.259000000033005
500,46.26300000003382
500,46.267000000034635
501,46.27100000003545
502,46.275000000036265
502,46.27900000003708
503,46.283000000037894
504,46.28700000003871
504,46.291000000039524
505,46.29500000004034
505,46.299000000041154
505,46.30300000004197
506,46.307000000042784
506,46.3110000000436
506,46.315000000044414
506,46.31900000004523
506,46.323000000046044
505,46.32700000004686
504,46.33100000004767
503,46.33500000004849
501,46.33899999999837
500,46.342999999999186
498,46.347
496,46.351000000000816
495,46.35500000000163
494,46.359000000002446
493,46.36300000000326
493,46.367000000004076
492,46.37100000000489
491,46.375000000005706
491,46.37900000000652
490,46.383000000007335
490,46.38700000000815
489,46.391000000008965
489,46.39500000000978
489,46.399000000010595
490,46.40300000001141
490,46.407000000012225
490,46.41100000001304
490,46.415000000013855
490,46.41900000001467
490,46.423000000015485
490,46.4270000000163
490,46.431000000017114
490,46.43500000001793
490,46.439000000018744
490,46.44300000001956
490,46.447000000020374
490,46.45100000002119
490,46.455000000022004
490,46.45900000002282
490,46.463000000023634
490,46.46700000002445
490,46.47100000002526
490,46.47500000002608
491,46.47900000002689
491,46.48300000002771
491,46.48700000002852
491,46.49100000002934
491,46.49500000003015
491,46.49900000003097
491,46.50300000003178
491,46.5070000000326
490,46.51100000003341
490,46.51500000003423
490,46.51900000003504
491,46.52300000003586
491,46.52700000003667
491,46.53100000003749
491,46.5350000000383
491,46.53900000003912
490,46.54300000003993
490,46.54700000004075
490,46.55100000004156
490,46.55500000004238
490,46.55900000004319
490,46.563000000044006
490,46.56700000004482
490,46.571000000045636
490,46.57500000004645
490,46.579000000047266
490,46.58300000004808
490,46.587000000048896
490,46.59099999999878
490,46.594999999999594
490,46.59900000000041
490,46.603000000001224
490,46.60700000000204
490,46.61100000000285
490,46.61500000000367
490,46.61900000000448
489,46.6230000000053
489,46.62700000000611
489,46.63100000000693
490,46.63500000000774
490,46.63900000000856
490,46.64300000000937
491,46.64700000001019
491,46.651000000011
491,46.65500000001182
491,46.65900000001263
491,46.66300000001345
491,46.66700000001426
492,46.67100000001508
492,46.67500000001589
492,46.67900000001671
492,46.68300000001752
491,46.68700000001834
491,46.69100000001915
491,46.69500000001997
490,46.69900000002078
490,46.703000000021596
489,46.70700000002241
489,46.711000000023226
489,46.71500000002404
490,46.719000000024856
490,46.72300000002567
490,46.727000000026486
490,46.7310000000273
490,46.735000000028116
490,46.73900000002893
490,46.743000000029745
489,46.74700000003056
489,46.751000000031375
488,46.75500000003219
489,46.759000000033005
492,46.76300000003382
499,46.767000000034635
511,46.77100000003545
524,46.775000000036265
536,46.77900000003708
540,46.783000000037894
534,46.78700000003871
519,46.791000000039524
500,46.79500000004034
484,46.799000000041154
476,46.80300000004197
476,46.807000000042784
480,46.8110000000436
486,46.815000000044414
489,46.81900000004523
490,46.823000000046044
490,46.82700000004686
490,46.83100000004767
490,46.83500000004849
490,46.8390000000493
490,46.842999999999186
490,46.847
490,46.851000000000816
490,46.85500000000163
490,46.859000000002446
490,46.86300000000326
491,46.867000000004076
491,46.87100000000489
491,46.875000000005706
491,46.87900000000652
492,46.883000000007335
492,46.88700000000815
492,46.891000000008965
492,46.89500000000978
492,46.899000000010595
492,46.90300000001141
493,46.907000000012225
493,46.91100000001304
493,46.915000000013855
493,46.91900000001467
494,46.923000000015485
494,46.9270000000163
494,46.931000000017114
495,46.93500000001793
495,46.939000000018744
496,46.94300000001956
496,46.947000000020374
496,46.95100000002119
497,46.955000000022004
498,46.95900000002282
498,46.963000000023634
499,46.96700000002445
500,46.97100000002526
500,46.97500000002608
501,46.97900000002689
502,46.98300000002771
502,46.98700000002852
503,46.99100000002934
503,46.99500000003015
504,46.99900000003097
505,47.00300000003178
505,47.0070000000326
505,47.01100000003341
506,47.01500000003423
506,47.01900000003504
505,47.02300000003586
505,47.02700000003667
504,47.03100000003749
503,47.0350000000383
502,47.03900000003912
500,47.04300000003993
499,47.04700000004075
497,47.05100000004156
496,47.05500000004238
494,47.05900000004319
493,47.063000000044006
492,47.06700000004482
491,47.071000000045636
490,47.07500000004645
490,47.079000000047266
490,47.08300000004808
490,47.087000000048896
490,47.09100000004971
489,47.094999999999594
489,47.09900000000041
489,47.103000000001224
489,47.10700000000204
489,47.11100000000285
489,47.11500000000367
489,47.11900000000448
489,47.1230000000053
489,47.12700000000611
489,47.13100000000693
489,47.13500000000774
489,47.13900000000856
489,47.14300000000937
489,47.14700000001019
489,47.151000000011
490,47.15500000001182
490,47.15900000001263
490,47.16300000001345
490,47.16700000001426
490,47.17100000001508
490,47.17500000001589
490,47.17900000001671
490,47.18300000001752
490,47.18700000001834
490,47.19100000001915
490,47.19500000001997
490,47.19900000002078
491,47.203000000021596
491,47.20700000002241
491,47.211000000023226
491,47.21500000002404
491,47.219000000024856
490,47.22300000002567
490,47.227000000026486
490,47.2310000000273
490,47.235000000028116
491,47.23900000002893
491,47.243000000029745
491,47.24700000003056
491,47.251000000031375
491,47.25500000003219
490,47.259000000033005
490,47.26300000003382
490,47.267000000034635
490,47.27100000003545
490,47.275000000036265
491,47.27900000003708
491,47.283000000037894
491,47.28700000003871
491,47.291000000039524
491,47.29500000004034
491,47.299000000041154
490,47.30300000004197
490,47.307000000042784
490,47.3110000000436
490,47.315000000044414
490,47.31900000004523
491,47.323000000046044
491,47.32700000004686
491,47.33100000004767
491,47.33500000004849
491,47.3390000000493
490,47.34300000005012
490,47.347
490,47.351000000000816
491,47.35500000000163
491,47.359000000002446
491,47.36300000000326
492,47.367000000004076
492,47.37100000000489
492,47.375000000005706
492,47.37900000000652
492,47.383000000007335
492,47.38700000000815
492,47.391000000008965
492,47.39500000000978
493,47.399000000010595
493,47.40300000001141
493,47.407000000012225
493,47.41100000001304
493,47.415000000013855
493,47.41900000001467
493,47.423000000015485
492,47.4270000000163
492,47.431000000017114
492,47.43500000001793
492,47.439000000018744
492,47.44300000001956
492,47.447000000020374
492,47.45100000002119
492,47.455000000022004
492,47.45900000002282
492,47.463000000023634
492,47.46700000002445
492,47.47100000002526
492,47.47500000002608
492,47.47900000002689
491,47.48300000002771
490,47.48700000002852
490,47.49100000002934
492,47.49500000003015
498,47.49900000003097
509,47.50300000003178
523,47.5070000000326
536,47.51100000003341
543,47.51500000003423
539,47.51900000003504
526,47.52300000003586
508,47.52700000003667
491,47.53100000003749
480,47.5350000000383
478,47.53900000003912
482,47.54300000003993
488,47.54700000004075
492,47.55100000004156
493,47.55500000004238
493,47.55900000004319
493,47.563000000044006
493,47.56700000004482
493,47.571000000045636
493,47.57500000004645
493,47.579000000047266
492,47.58300000004808
492,47.587000000048896
493,47.59100000004971
493,47.595000000050526
493,47.59900000000041
493,47.603000000001224
494,47.60700000000204
494,47.61100000000285
494,47.61500000000367
494,47.61900000000448
494,47.6230000000053
494,47.62700000000611
495,47.63100000000693
495,47.63500000000774
495,47.63900000000856
496,47.64300000000937
496,47.64700000001019
496,47.651000000011
496,47.65500000001182
497,47.65900000001263
497,47.66300000001345
497,47.66700000001426
497,47.67100000001508
498,47.67500000001589
499,47.67900000001671
499,47.68300000001752
500,47.68700000001834
501,47.69100000001915
501,47.69500000001997
502,47.69900000002078
503,47.703000000021596
503,47.70700000002241
504,47.711000000023226
505,47.71500000002404
506,47.719000000024856
506,47.72300000002567
507,47.727000000026486
508,47.7310000000273
508,47.735000000028116
509,47.73900000002893
509,47.743000000029745
509,47.74700000003056
510,47.751000000031375
509,47.75500000003219
509,47.759000000033005
509,47.76300000003382
508,47.767000000034635
507,47.77100000003545
505,47.775000000036265
503,47.77900000003708
501,47.783000000037894
499,47.78700000003871
498,47.791000000039524
496,47.79500000004034
495,47.799000000041154
494,47.80300000004197
494,47.807000000042784
493,47.8110000000436
493,47.815000000044414
492,47.81900000004523
492,47.823000000046044
492,47.82700000004686
491,47.83100000004767
491,47.83500000004849
491,47.8390000000493
492,47.84300000005012
492,47.84700000005093
492,47.851000000000816
492,47.85500000000163
492,47.859000000002446
491,47.86300000000326
491,47.867000000004076
491,47.87100000000489
492,47.875000000005706
492,47.87900000000652
492,47.883000000007335
492,47.88700000000815
492,47.891000000008965
492,47.89500000000978
492,47.899000000010595
492,47.90300000001141
492,47.907000000012225
492,47.91100000001304
492,47.915000000013855
493,47.91900000001467
493,47.923000000015485
493,47.9270000000163
493,47.931000000017114
493,47.93500000001793
493,47.939000000018744
493,47.94300000001956
492,47.947000000020374
492,47.95100000002119
493,47.955000000022004
493,47.95900000002282
493,47.963000000023634
493,47.96700000002445
493,47.97100000002526
493,47.97500000002608
493,47.97900000002689
492,47.98300000002771
492,47.98700000002852
492,47.99100000002934
492,47.99500000003015
493,47.99900000003097
493,48.00300000003178
493,48.0070000000326
493,48.01100000003341
493,48.01500000003423
493,48.01900000003504
492,48.02300000003586
492,48.02700000003667
492,48.03100000003749
492,48.0350000000383
493,48.03900000003912
493,48.04300000003993
493,48.04700000004075
493,48.05100000004156
493,48.05500000004238
493,48.05900000004319
492,48.063000000044006
492,48.06700000004482
492,48.071000000045636
492,48.07500000004645
493,48.079000000047266
493,48.08300000004808
493,48.087000000048896
493,48.09100000004971
493,48.095000000050526
493,48.09900000005134
493,48.103000000001224
493,48.10700000000204
493,48.11100000000285
493,48.11500000000367
494,48.11900000000448
494,48.1230000000053
494,48.12700000000611
495,48.13100000000693
495,48.13500000000774
495,48.13900000000856
495,48.14300000000937
495,48.14700000001019
494,48.151000000011
494,48.15500000001182
494,48.15900000001263
494,48.16300000001345
493,48.16700000001426
493,48.17100000001508
493,48.17500000001589
493,48.17900000001671
493,48.18300000001752
493,48.18700000001834
493,48.19100000001915
493,48.19500000001997
493,48.19900000002078
493,48.203000000021596
494,48.20700000002241
493,48.211000000023226
492,48.21500000002404
491,48.219000000024856
491,48.22300000002567
494,48.227000000026486
502,48.2310000000273
513,48.235000000028116
528,48.23900000002893
539,48.243000000029745
543,48.24700000003056
537,48.251000000031375
521,48.25500000003219
502,48.259000000033005
486,48.26300000003382
479,48.267000000034635
480,48.27100000003545
485,48.275000000036265
491,48.27900000003708
494,48.283000000037894
495,48.28700000003871
494,48.291000000039524
494,48.29500000004034
493,48.299000000041154
493,48.30300000004197
493,48.307000000042784
493,48.3110000000436
493,48.315000000044414
493,48.31900000004523
493,48.323000000046044
494,48.32700000004686
494,48.33100000004767
494,48.33500000004849
494,48.3390000000493
494,48.34300000005012
494,48.34700000005093
494,48.35100000005175
494,48.35500000000163
495,48.359000000002446
495,48.36300000000326
495,48.367000000004076
495,48.37100000000489
496,48.375000000005706
496,48.37900000000652
496,48.383000000007335
496,48.38700000000815
496,48.391000000008965
497,48.39500000000978
497,48.399000000010595
498,48.40300000001141
498,48.407000000012225
499,48.41100000001304
499,48.415000000013855
500,48.41900000001467
500,48.423000000015485
501,48.4270000000163
501,48.431000000017114
502,48.43500000001793
503,48.439000000018744
504,48.44300000001956
505,48.447000000020374
505,48.45100000002119
506,48.455000000022004
506,48.45900000002282
507,48.463000000023634
507,48.46700000002445
507,48.47100000002526
508,48.47500000002608
508,48.47900000002689
509,48.48300000002771
509,48.48700000002852
508,48.49100000002934
507,48.49500000003015
506,48.49900000003097
505,48.50300000003178
503,48.5070000000326
502,48.51100000003341
500,48.51500000003423
498,48.51900000003504
497,48.52300000003586
496,48.52700000003667
494,48.53100000003749
493,48.5350000000383
492,48.53900000003912
492,48.54300000003993
491,48.54700000004075
491,48.55100000004156
490,48.55500000004238
490,48.55900000004319
490,48.563000000044006
490,48.56700000004482
490,48.571000000045636
490,48.57500000004645
490,48.579000000047266
490,48.58300000004808
490,48.587000000048896
490,48.59100000004971
490,48.595000000050526
490,48.59900000005134
491,48.603000000052155
491,48.60700000000204
491,48.61100000000285
491,48.61500000000367
490,48.61900000000448
490,48.6230000000053
490,48.62700000000611
490,48.63100000000693
490,48.63500000000774
491,48.63900000000856
491,48.64300000000937
491,48.64700000001019
491,48.651000000011
491,48.65500000001182
491,48.65900000001263
491,48.66300000001345
491,48.66700000001426
491,48.67100000001508
491,48.67500000001589
491,48.67900000001671
491,48.68300000001752
490,48.68700000001834
490,48.69100000001915
491,48.69500000001997
491,48.69900000002078
491,48.703000000021596
491,48.70700000002241
490,48.711000000023226
490,48.71500000002404
490,48.719000000024856
491,48.72300000002567
491,48.727000000026486
491,48.7310000000273
491,48.735000000028116
490,48.73900000002893
490,48.743000000029745
490,48.74700000003056
490,48.751000000031375
490,48.75500000003219
490,48.759000000033005
490,48.76300000003382
490,48.767000000034635
490,48.77100000003545
490,48.775000000036265
490,48.77900000003708
490,48.783000000037894
490,48.78700000003871
490,48.791000000039524
490,48.79500000004034
490,48.799000000041154
490,48.80300000004197
490,48.807000000042784
490,48.8110000000436
490,48.815000000044414
490,48.81900000004523
490,48.823000000046044
490,48.82700000004686
490,48.83100000004767
490,48.83500000004849
490,48.8390000000493
491,48.84300000005012
491,48.84700000005093
491,48.85100000005175
491,48.85500000005256
491,48.859000000002446
491,48.86300000000326
492,48.867000000004076
492,48.87100000000489
492,48.875000000005706
492,48.87900000000652
492,48.883000000007335
492,48.88700000000815
492,48.891000000008965
491,48.89500000000978
491,48.899000000010595
490,48.90300000001141
490,48.907000000012225
490,48.91100000001304
490,48.915000000013855
490,48.91900000001467
490,48.923000000015485
490,48.9270000000163
490,48.931000000017114
490,48.93500000001793
490,48.939000000018744
490,48.94300000001956
490,48.947000000020374
489,48.95100000002119
489,48.955000000022004
489,48.95900000002282
490,48.963000000023634
495,48.96700000002445
504,48.97100000002526
517,48.97500000002608
531,48.97900000002689
540,48.98300000002771
539,48.98700000002852
528,48.99100000002934
510,48.99500000003015
492,48.99900000003097
480,49.00300000003178
476,49.0070000000326
479,49.01100000003341
484,49.01500000003423
489,49.01900000003504
491,49.02300000003586
491,49.02700000003667
491,49.03100000003749
491,49.0350000000383
491,49.03900000003912
491,49.04300000003993
491,49.04700000004075
491,49.05100000004156
491,49.05500000004238
491,49.05900000004319
491,49.063000000044006
491,49.06700000004482
491,49.071000000045636
491,49.07500000004645
492,49.079000000047266
492,49.08300000004808
492,49.087000000048896
493,49.09100000004971
493,49.095000000050526
493,49.09900000005134
493,49.103000000052155
493,49.10700000005297
493,49.11100000000285
493,49.11500000000367
494,49.11900000000448
494,49.1230000000053
494,49.12700000000611
495,49.13100000000693
495,49.13500000000774
495,49.13900000000856
495,49.14300000000937
496,49.14700000001019
497,49.151000000011
497,49.15500000001182
498,49.15900000001263
499,49.16300000001345
499,49.16700000001426
500,49.17100000001508
500,49.17500000001589
501,49.17900000001671
501,49.18300000001752
502,49.18700000001834
503,49.19100000001915
503,49.19500000001997
504,49.19900000002078
505,49.203000000021596
505,49.20700000002241
506,49.211000000023226
506,49.21500000002404
506,49.219000000024856
506,49.22300000002567
506,49.227000000026486
505,49.2310000000273
505,49.235000000028116
504,49.23900000002893
503,49.243000000029745
501,49.24700000003056
499,49.251000000031375
498,49.25500000003219
496,49.259000000033005
495,49.26300000003382
493,49.267000000034635
492,49.27100000003545
492,49.275000000036265
491,49.27900000003708
491,49.283000000037894
490,49.28700000003871
490,49.291000000039524
489,49.29500000004034
489,49.299000000041154
489,49.30300000004197
489,49.307000000042784
489,49.3110000000436
489,49.315000000044414
489,49.31900000004523
489,49.323000000046044
489,49.32700000004686
489,49.33100000004767
489,49.33500000004849
489,49.3390000000493
489,49.34300000005012
489,49.34700000005093
489,49.35100000005175
489,49.35500000005256
490,49.35900000005338
490,49.36300000000326
490,49.367000000004076
490,49.37100000000489
490,49.375000000005706
490,49.37900000000652
490,49.383000000007335
490,49.38700000000815
490,49.391000000008965
490,49.39500000000978
490,49.399000000010595
490,49.40300000001141
491,49.407000000012225
491,49.41100000001304
490,49.415000000013855
490,49.41900000001467
490,49.423000000015485
490,49.4270000000163
490,49.431000000017114
490,49.43500000001793
490,49.439000000018744
490,49.44300000001956
490,49.447000000020374
490,49.45100000002119
490,49.455000000022004
490,49.45900000002282
490,49.463000000023634
490,49.46700000002445
490,49.47100000002526
489,49.47500000002608
489,49.47900000002689
489,49.48300000002771
489,49.48700000002852
489,49.49100000002934
490,49.49500000003015
491,49.49900000003097
491,49.50300000003178
491,49.5070000000326
490,49.51100000003341
490,49.51500000003423
490,49.51900000003504
490,49.52300000003586
490,49.52700000003667
490,49.53100000003749
490,49.5350000000383
491,49.53900000003912
491,49.54300000003993
491,49.54700000004075
491,49.55100000004156
491,49.55500000004238
491,49.55900000004319
492,49.563000000044006
492,49.56700000004482
492,49.571000000045636
492,49.57500000004645
492,49.579000000047266
492,49.58300000004808
492,49.587000000048896
492,49.59100000004971
491,49.595000000050526
491,49.59900000005134
491,49.603000000052155
490,49.60700000005297
490,49.611000000053785
490,49.61499999999639
490,49.61899999999721
489,49.62299999999802
488,49.62699999999884
488,49.63099999999965
488,49.63500000000047
490,49.63900000000128
491,49.6430000000021
492,49.64700000000291
492,49.65100000000373
490,49.65500000000454
490,49.659000000005356
493,49.66300000000617
499,49.667000000006986
510,49.6710000000078
523,49.675000000008616
534,49.67900000000943
538,49.683000000010246
533,49.68700000001106
519,49.691000000011876
501,49.69500000001269
486,49.699000000013505
477,49.70300000001432
476,49.707000000015135
480,49.71100000001595
486,49.715000000016765
489,49.71900000001758
491,49.723000000018395
491,49.72700000001921
491,49.731000000020025
491,49.73500000002084
491,49.739000000021655
491,49.74300000002247
491,49.747000000023284
491,49.7510000000241
492,49.755000000024914
493,49.75900000002573
493,49.763000000026544
494,49.76700000002736
494,49.771000000028174
493,49.77500000002899
493,49.779000000029804
493,49.78300000003062
492,49.78700000003143
493,49.79100000003225
493,49.79500000003306
494,49.79900000003388
495,49.80300000003469
496,49.80700000003551
495,49.81100000003632
495,49.81500000003714
494,49.81900000003795
494,49.82300000003877
495,49.82700000003958
495,49.8310000000404
497,49.83500000004121
498,49.83900000004203
498,49.84300000004284
499,49.84700000004366
499,49.85100000004447
499,49.85500000004529
499,49.8590000000461
499,49.86300000004692
500,49.8669999999968
501,49.870999999997615
502,49.87499999999843
503,49.878999999999245
504,49.88300000000006
504,49.887000000000874
504,49.89100000000169
504,49.895000000002504
504,49.89900000000332
504,49.903000000004134
504,49.90700000000495
505,49.911000000005764
505,49.91500000000658
506,49.919000000007394
506,49.92300000000821
506,49.92700000000902
505,49.93100000000984
504,49.93500000001065
503,49.93900000001147
502,49.94300000001228
501,49.9470000000131
499,49.95100000001391
498,49.95500000001473
496,49.95900000001554
495,49.96300000001636
493,49.96700000001717
493,49.97100000001799
492,49.9750000000188
492,49.97900000001962
492,49.98300000002043
492,49.98700000002125
492,49.99100000002206
491,49.99500000002288
491,49.99900000002369
491,50.00300000002451
491,50.00700000002532
491,50.01100000002614
490,50.01500000002695
490,50.019000000027766
491,50.02300000002858
491,50.027000000029396
492,50.03100000003021
492,50.035000000031026
492,50.03900000003184
491,50.043000000032656
491,50.04700000003347
490,50.051000000034286
490,50.0550000000351
491,50.059000000035915
491,50.06300000003673
491,50.067000000037545
492,50.07100000003836
492,50.075000000039175
492,50.07900000003999
492,50.083000000040805
492,50.08700000004162
492,50.091000000042435
493,50.09500000004325
493,50.099000000044065
493,50.10300000004488
493,50.107000000045694
493,50.11100000004651
493,50.115000000047324
492,50.11800000000064
492,50.12200000000146
492,50.12600000000227
492,50.130000000003086
492,50.1340000000039
492,50.138000000004716
492,50.14200000000553
492,50.146000000006346
492,50.15000000000716
491,50.154000000007976
491,50.15800000000879
491,50.162000000009606
491,50.16600000001042
492,50.170000000011235
492,50.17400000001205
491,50.178000000012865
491,50.18200000001368
491,50.186000000014495
491,50.19000000001531
491,50.194000000016125
492,50.19800000001694
492,50.202000000017755
492,50.20600000001857
492,50.210000000019384
492,50.2140000000202
492,50.218000000021014
492,50.22200000002183
492,50.226000000022644
492,50.23000000002346
493,50.234000000024274
493,50.23800000002509
493,50.242000000025904
494,50.24600000002672
493,50.25000000002753
493,50.25400000002835
493,50.25800000002916
492,50.26200000002998
492,50.26600000003079
491,50.27000000003161
491,50.27400000003242
491,50.27800000003324
491,50.28200000003405
491,50.28600000003487
491,50.29000000003568
491,50.2940000000365
491,50.29800000003731
491,50.30200000003813
490,50.30600000003894
490,50.31000000003976
490,50.31400000004057
490,50.31800000004139
490,50.3220000000422
490,50.32600000004302
491,50.33000000004383
493,50.33400000004465
499,50.33800000004546
508,50.342000000046276
520,50.34600000004709
531,50.350000000047906
536,50.35400000004872
532,50.358000000049536
519,50.36200000005035
502,50.366000000051166
487,50.37000000000105
477,50.374000000001864
475,50.37800000000268
479,50.382000000003494
484,50.38600000000431
488,50.390000000005124
490,50.39400000000594
491,50.39800000000675
491,50.40200000000757
491,50.40600000000838
491,50.4100000000092
491,50.41400000001001
491,50.41800000001083
491,50.42200000001164
491,50.42600000001246
491,50.43000000001327
491,50.43400000001409
491,50.4380000000149
491,50.44200000001572
491,50.44600000001653
492,50.45000000001735
492,50.45400000001816
492,50.45800000001898
493,50.46200000001979
493,50.46600000002061
494,50.47000000002142
494,50.47400000002224
494,50.47800000002305
494,50.48200000002387
494,50.48600000002468
494,50.490000000025496
495,50.49400000002631
495,50.498000000027126
495,50.50200000002794
495,50.506000000028756
496,50.51000000002957
496,50.514000000030386
497,50.5180000000312
497,50.522000000032016
498,50.52600000003283
498,50.530000000033645
499,50.53400000003446
499,50.538000000035275
500,50.54200000003609
501,50.546000000036905
501,50.55000000003772
502,50.554000000038535
502,50.55800000003935
503,50.562000000040165
504,50.56600000004098
504,50.570000000041794
504,50.57400000004261
505,50.578000000043424
505,50.58200000004424
505,50.586000000045054
505,50.59000000004587
505,50.594000000046684
505,50.5980000000475
504,50.602000000048314
504,50.60600000004913
502,50.61000000004994
501,50.61400000005076
500,50.61800000005157
498,50.62200000000146
496,50.62600000000227
495,50.630000000003086
494,50.6340000000039
493,50.638000000004716
492,50.64200000000553
492,50.646000000006346
491,50.65000000000716
491,50.654000000007976
490,50.65800000000879
490,50.662000000009606
490,50.66600000001042
490,50.670000000011235
490,50.67400000001205
490,50.678000000012865
490,50.68200000001368
490,50.686000000014495
490,50.69000000001531
490,50.694000000016125
490,50.69800000001694
490,50.702000000017755
490,50.70600000001857
490,50.710000000019384
490,50.7140000000202
490,50.718000000021014
491,50.72200000002183
491,50.726000000022644
491,50.73000000002346
491,50.734000000024274
491,50.73800000002509
491,50.742000000025904
491,50.74600000002672
491,50.75000000002753
491,50.75400000002835
491,50.75800000002916
491,50.76200000002998
492,50.76600000003079
492,50.77000000003161
492,50.77400000003242
492,50.77800000003324
491,50.78200000003405
491,50.78600000003487
491,50.79000000003568
491,50.7940000000365
491,50.79800000003731
491,50.80200000003813
491,50.80600000003894
491,50.81000000003976
491,50.81400000004057
491,50.81800000004139
491,50.8220000000422
491,50.82600000004302
491,50.83000000004383
491,50.83400000004465
491,50.83800000004546
491,50.842000000046276
491,50.84600000004709
491,50.850000000047906
491,50.85400000004872
490,50.858000000049536
490,50.86200000005035
490,50.866000000051166
491,50.87000000005198
491,50.874000000001864
491,50.87800000000268
491,50.882000000003494
491,50.88600000000431
491,50.890000000005124
491,50.89400000000594
491,50.89800000000675
491,50.90200000000757
491,50.90600000000838
491,50.9100000000092
491,50.91400000001001
491,50.91800000001083
491,50.92200000001164
491,50.92600000001246
491,50.93000000001327
491,50.93400000001409
491,50.9380000000149
491,50.94200000001572
491,50.94600000001653
491,50.95000000001735
492,50.95400000001816
492,50.95800000001898
492,50.96200000001979
493,50.96600000002061
493,50.97000000002142
493,50.97400000002224
492,50.97800000002305
492,50.98200000002387
491,50.98600000002468
491,50.990000000025496
490,50.99400000002631
490,50.998000000027126
491,51.00200000002794
491,51.006000000028756
491,51.01000000002957
491,51.014000000030386
491,51.0180000000312
491,51.022000000032016
491,51.02600000003283
491,51.030000000033645
491,51.03400000003446
490,51.038000000035275
489,51.04200000003609
490,51.046000000036905
493,51.05000000003772
500,51.054000000038535
511,51.05800000003935
524,51.062000000040165
536,51.06600000004098
540,51.070000000041794
535,51.07400000004261
521,51.078000000043424
503,51.08200000004424
488,51.086000000045054
480,51.09000000004587
479,51.094000000046684
483,51.0980000000475
488,51.102000000048314
491,51.10600000004913
492,51.11000000004994
492,51.11400000005076
492,51.11800000005157
492,51.12200000005239
492,51.12600000000227
492,51.130000000003086
492,51.1340000000039
491,51.138000000004716
491,51.14200000000553
491,51.146000000006346
491,51.15000000000716
492,51.154000000007976
492,51.15800000000879
492,51.162000000009606
493,51.16600000001042
493,51.170000000011235
493,51.17400000001205
493,51.178000000012865
493,51.18200000001368
493,51.186000000014495
493,51.19000000001531
494,51.194000000016125
494,51.19800000001694
495,51.202000000017755
495,51.20600000001857
495,51.210000000019384
495,51.2140000000202
495,51.218000000021014
496,51.22200000002183
496,51.226000000022644
496,51.23000000002346
497,51.234000000024274
498,51.23800000002509
499,51.242000000025904
499,51.24600000002672
500,51.25000000002753
501,51.25400000002835
501,51.25800000002916
502,51.26200000002998
502,51.26600000003079
503,51.27000000003161
504,51.27400000003242
505,51.27800000003324
505,51.28200000003405
506,51.28600000003487
506,51.29000000003568
507,51.2940000000365
507,51.29800000003731
507,51.30200000003813
507,51.30600000003894
507,51.31000000003976
507,51.31400000004057
507,51.31800000004139
506,51.3220000000422
504,51.32600000004302
503,51.33000000004383
501,51.33400000004465
500,51.33800000004546
498,51.342000000046276
496,51.34600000004709
495,51.350000000047906
494,51.35400000004872
493,51.358000000049536
492,51.36200000005035
492,51.366000000051166
492,51.37000000005198
491,51.374000000052796
491,51.37800000000268
491,51.382000000003494
491,51.38600000000431
491,51.390000000005124
490,51.39400000000594
491,51.39800000000675
491,51.40200000000757
491,51.40600000000838
491,51.4100000000092
490,51.41400000001001
490,51.41800000001083
490,51.42200000001164
490,51.42600000001246
490,51.43000000001327
491,51.43400000001409
491,51.4380000000149
491,51.44200000001572
491,51.44600000001653
491,51.45000000001735
491,51.45400000001816
491,51.45800000001898
491,51.46200000001979
491,51.46600000002061
491,51.47000000002142
491,51.47400000002224
491,51.47800000002305
492,51.48200000002387
492,51.48600000002468
492,51.490000000025496
492,51.49400000002631
492,51.498000000027126
491,51.50200000002794
491,51.506000000028756
491,51.51000000002957
491,51.514000000030386
491,51.5180000000312
491,51.522000000032016
491,51.52600000003283
491,51.530000000033645
491,51.53400000003446
491,51.538000000035275
491,51.54200000003609
491,51.546000000036905
491,51.55000000003772
491,51.554000000038535
491,51.55800000003935
491,51.562000000040165
491,51.56600000004098
491,51.570000000041794
491,51.57400000004261
491,51.578000000043424
491,51.58200000004424
491,51.586000000045054
491,51.59000000004587
491,51.594000000046684
491,51.5980000000475
491,51.602000000048314
491,51.60600000004913
491,51.61000000004994
492,51.61400000005076
492,51.61800000005157
492,51.62200000005239
492,51.6260000000532
492,51.630000000003086
492,51.6340000000039
492,51.638000000004716
492,51.64200000000553
492,51.646000000006346
492,51.65000000000716
493,51.654000000007976
493,51.65800000000879
493,51.662000000009606
493,51.66600000001042
493,51.670000000011235
493,51.67400000001205
493,51.678000000012865
492,51.68200000001368
492,51.686000000014495
492,51.69000000001531
492,51.694000000016125
491,51.69800000001694
491,51.702000000017755
491,51.70600000001857
491,51.710000000019384
491,51.7140000000202
492,51.718000000021014
492,51.72200000002183
492,51.726000000022644
492,51.73000000002346
491,51.734000000024274
490,51.73800000002509
489,51.742000000025904
490,51.74600000002672
493,51.75000000002753
501,51.75400000002835
513,51.75800000002916
527,51.76200000002998
538,51.76600000003079
541,51.77000000003161
534,51.77400000003242
518,51.77800000003324
500,51.78200000003405
485,51.78600000003487
478,51.79000000003568
479,51.7940000000365
484,51.79800000003731
490,51.80200000003813
493,51.80600000003894
494,51.81000000003976
493,51.81400000004057
493,51.81800000004139
492,51.8220000000422
492,51.82600000004302
492,51.83000000004383
492,51.83400000004465
492,51.83800000004546
493,51.842000000046276
493,51.84600000004709
493,51.850000000047906
493,51.85400000004872
493,51.858000000049536
493,51.86200000005035
493,51.866000000051166
494,51.87000000005198
494,51.874000000052796
494,51.87800000005361
494,51.88199999999622
495,51.88599999999703
495,51.88999999999785
495,51.89399999999866
495,51.89799999999948
495,51.90200000000029
495,51.90600000000111
496,51.91000000000192
496,51.91400000000274
497,51.91800000000355
497,51.92200000000437
498,51.92600000000518
498,51.930000000006
499,51.93400000000681
499,51.93800000000763
500,51.94200000000844
500,51.946000000009256
501,51.95000000001007
502,51.954000000010886
503,51.9580000000117
503,51.962000000012516
504,51.96600000001333
505,51.970000000014146
505,51.97400000001496
506,51.978000000015776
506,51.98200000001659
507,51.986000000017405
507,51.99000000001822
508,51.994000000019035
509,51.99800000001985
509,52.002000000020665
509,52.00600000002148
509,52.010000000022295
509,52.01400000002311
508,52.018000000023925
507,52.02200000002474
505,52.026000000025554
503,52.03000000002637
502,52.034000000027184
500,52.038000000028
499,52.042000000028814
497,52.04600000002963
496,52.050000000030444
495,52.05400000003126
494,52.058000000032074
493,52.06200000003289
492,52.0660000000337
492,52.07000000003452
492,52.07400000003533
492,52.07800000003615
492,52.08200000003696
492,52.08600000003778
492,52.09000000003859
492,52.09400000003941
492,52.09800000004022
491,52.10200000004104
491,52.10600000004185
491,52.11000000004267
491,52.11400000004348
492,52.1180000000443
492,52.12200000004511
492,52.12600000004593
492,52.13000000004674
492,52.13500000000047
492,52.13900000000128
492,52.1430000000021
492,52.14700000000291
492,52.15100000000373
492,52.15500000000454
492,52.159000000005356
493,52.16300000000617
493,52.167000000006986
493,52.1710000000078
493,52.175000000008616
493,52.17900000000943
492,52.183000000010246
492,52.18700000001106
492,52.191000000011876
492,52.19500000001269
493,52.199000000013505
493,52.20300000001432
493,52.207000000015135
493,52.21100000001595
493,52.215000000016765
493,52.21900000001758
493,52.223000000018395
493,52.22700000001921
493,52.231000000020025
493,52.23500000002084
493,52.239000000021655
493,52.24300000002247
493,52.247000000023284
493,52.2510000000241
492,52.255000000024914
492,52.25900000002573
492,52.263000000026544
492,52.26700000002736
492,52.271000000028174
492,52.27500000002899
493,52.279000000029804
493,52.28300000003062
493,52.28700000003143
493,52.29100000003225
493,52.29500000003306
493,52.29900000003388
493,52.30300000003469
493,52.30700000003551
493,52.31100000003632
493,52.31500000003714
493,52.31900000003795
493,52.32300000003877
493,52.32700000003958
493,52.3310000000404
493,52.33500000004121
493,52.33900000004203
493,52.34300000004284
493,52.34700000004366
494,52.35100000004447
494,52.35500000004529
494,52.3590000000461
495,52.36300000004692
495,52.36700000004773
495,52.37100000004855
495,52.37500000004936
494,52.379000000050176
493,52.38300000005099
493,52.387000000000874
492,52.39100000000169
492,52.395000000002504
492,52.39900000000332
492,52.403000000004134
493,52.40700000000495
493,52.411000000005764
492,52.41500000000658
492,52.419000000007394
492,52.42300000000821
492,52.42700000000902
492,52.43100000000984
491,52.43500000001065
490,52.43900000001147
490,52.44300000001228
492,52.4470000000131
498,52.45100000001391
508,52.45500000001473
522,52.45900000001554
536,52.46300000001636
543,52.46700000001717
541,52.47100000001799
528,52.4750000000188
510,52.47900000001962
492,52.48300000002043
481,52.48700000002125
478,52.49100000002206
482,52.49500000002288
488,52.49900000002369
492,52.50300000002451
494,52.50700000002532
493,52.51100000002614
493,52.51500000002695
492,52.519000000027766
492,52.52300000002858
492,52.527000000029396
492,52.53100000003021
492,52.535000000031026
493,52.53900000003184
493,52.543000000032656
493,52.54700000003347
492,52.551000000034286
493,52.5550000000351
493,52.559000000035915
493,52.56300000003673
493,52.567000000037545
494,52.57100000003836
494,52.575000000039175
494,52.57900000003999
494,52.583000000040805
494,52.58700000004162
494,52.591000000042435
494,52.59500000004325
494,52.599000000044065
495,52.60300000004488
495,52.607000000045694
496,52.61100000004651
496,52.615000000047324
496,52.61900000004814
496,52.623000000048954
497,52.62700000004977
497,52.631000000050584
498,52.6350000000514
498,52.63900000000128
499,52.6430000000021
500,52.64700000000291
501,52.65100000000373
501,52.65500000000454
502,52.659000000005356
502,52.66300000000617
503,52.667000000006986
504,52.6710000000078
504,52.675000000008616
505,52.67900000000943
505,52.683000000010246
506,52.68700000001106
506,52.691000000011876
507,52.69500000001269
507,52.699000000013505
507,52.70300000001432
507,52.707000000015135
507,52.71100000001595
506,52.715000000016765
506,52.71900000001758
505,52.723000000018395
504,52.72700000001921
502,52.731000000020025
500,52.73500000002084
498,52.739000000021655
496,52.74300000002247
495,52.747000000023284
494,52.7510000000241
493,52.755000000024914
493,52.75900000002573
492,52.763000000026544
491,52.76700000002736
490,52.771000000028174
490,52.77500000002899
490,52.779000000029804
489,52.78300000003062
489,52.78700000003143
489,52.79100000003225
489,52.79500000003306
489,52.79900000003388
489,52.80300000003469
490,52.80700000003551
490,52.81100000003632
490,52.81500000003714
490,52.81900000003795
490,52.82300000003877
490,52.82700000003958
490,52.8310000000404
490,52.83500000004121
490,52.83900000004203
490,52.84300000004284
490,52.84700000004366
490,52.85100000004447
491,52.85500000004529
490,52.8590000000461
490,52.86300000004692
490,52.86700000004773
490,52.87100000004855
490,52.87500000004936
490,52.879000000050176
491,52.88300000005099
491,52.887000000051806
491,52.89100000000169
491,52.895000000002504
491,52.89900000000332
490,52.903000000004134
490,52.90700000000495
490,52.911000000005764
490,52.91500000000658
491,52.919000000007394
491,52.92300000000821
491,52.92700000000902
491,52.93100000000984
490,52.93500000001065
490,52.93900000001147
490,52.94300000001228
490,52.9470000000131
490,52.95100000001391
490,52.95500000001473
490,52.95900000001554
490,52.96300000001636
490,52.96700000001717
490,52.97100000001799
490,52.9750000000188
490,52.97900000001962
490,52.98300000002043
490,52.98700000002125
490,52.99100000002206
490,52.99500000002288
491,52.99900000002369
491,53.00300000002451
491,53.00700000002532
491,53.01100000002614
491,53.01500000002695
492,53.019000000027766
492,53.02300000002858
492,53.027000000029396
492,53.03100000003021
492,53.035000000031026
492,53.03900000003184
492,53.043000000032656
491,53.04700000003347
491,53.051000000034286
490,53.0550000000351
490,53.059000000035915
490,53.06300000003673
490,53.067000000037545
490,53.07100000003836
490,53.075000000039175
490,53.07900000003999
490,53.083000000040805
490,53.08700000004162
491,53.091000000042435
491,53.09500000004325
491,53.099000000044065
490,53.10300000004488
489,53.107000000045694
488,53.11100000004651
488,53.115000000047324
491,53.11900000004814
499,53.123000000048954
511,53.12700000004977
525,53.131000000050584
536,53.1350000000514
540,53.139000000052214
533,53.141999999998255
517,53.14599999999907
499,53.149999999999885
484,53.1540000000007
476,53.158000000001515
477,53.16200000000233
482,53.166000000003145
487,53.17000000000396
490,53.174000000004774
491,53.17800000000559
491,53.182000000006404
491,53.18600000000722
491,53.190000000008034
491,53.19400000000885
491,53.198000000009664
491,53.20200000001048
491,53.206000000011294
491,53.21000000001211
492,53.21400000001292
491,53.21800000001374
491,53.22200000001455
491,53.22600000001537
491,53.23000000001618
492,53.234000000017
492,53.23800000001781
493,53.24200000001863
493,53.24600000001944
493,53.25000000002026
493,53.25400000002107
494,53.25800000002189
494,53.2620000000227
494,53.26600000002352
494,53.27000000002433
494,53.27400000002515
495,53.27800000002596
495,53.28200000002678
495,53.28600000002759
496,53.29000000002841
496,53.29400000002922
496,53.29800000003004
497,53.30200000003085
497,53.306000000031666
498,53.31000000003248
499,53.314000000033296
499,53.31800000003411
500,53.322000000034926
501,53.32600000003574
502,53.330000000036556
502,53.33400000003737
503,53.338000000038186
503,53.342000000039
503,53.346000000039815
503,53.35000000004063
504,53.354000000041445
504,53.35800000004226
505,53.362000000043075
505,53.36600000004389
505,53.370000000044705
505,53.37400000004552
505,53.378000000046335
505,53.38200000004715
504,53.386000000047964
503,53.39000000004878
503,53.39399999999866
501,53.39799999999948
500,53.40200000000029
498,53.40600000000111
497,53.41000000000192
495,53.41400000000274
494,53.41800000000355
493,53.42200000000437
492,53.42600000000518
491,53.430000000006
491,53.43400000000681
491,53.43800000000763
491,53.44200000000844
491,53.446000000009256
491,53.45000000001007
491,53.454000000010886
490,53.4580000000117
490,53.462000000012516
490,53.46600000001333
490,53.470000000014146
490,53.47400000001496
491,53.478000000015776
491,53.48200000001659
490,53.486000000017405
490,53.49000000001822
490,53.494000000019035
490,53.49800000001985
490,53.502000000020665
490,53.50600000002148
491,53.510000000022295
491,53.51400000002311
491,53.518000000023925
491,53.52200000002474
491,53.526000000025554
492,53.53000000002637
491,53.534000000027184
491,53.538000000028
491,53.542000000028814
491,53.54600000002963
491,53.550000000030444
491,53.55400000003126
492,53.558000000032074
492,53.56200000003289
492,53.5660000000337
492,53.57000000003452
492,53.57400000003533
491,53.57800000003615
491,53.58200000003696
491,53.58600000003778
491,53.59000000003859
491,53.59400000003941
491,53.59800000004022
491,53.60200000004104
491,53.60600000004185
491,53.61000000004267
491,53.61400000004348
491,53.6180000000443
491,53.62200000004511
490,53.62600000004593
491,53.63000000004674
491,53.63400000004756
491,53.63800000004837
491,53.64200000004919
491,53.64599999999907
491,53.649999999999885
491,53.6540000000007
491,53.658000000001515
491,53.66200000000233
492,53.666000000003145
492,53.67000000000396
492,53.674000000004774
493,53.67800000000559
493,53.682000000006404
493,53.68600000000722
493,53.690000000008034
492,53.69400000000885
491,53.698000000009664
491,53.70200000001048
490,53.706000000011294
490,53.71000000001211
490,53.71400000001292
490,53.71800000001374
490,53.72200000001455
490,53.72600000001537
490,53.73000000001618
490,53.734000000017
490,53.73800000001781
490,53.74200000001863
490,53.74600000001944
490,53.75000000002026
490,53.75400000002107
489,53.75800000002189
489,53.7620000000227
490,53.76600000002352
493,53.77000000002433
501,53.77400000002515
512,53.77800000002596
525,53.78200000002678
535,53.78600000002759
537,53.79000000002841
529,53.79400000002922
513,53.79800000003004
496,53.80200000003085
482,53.806000000031666
475,53.81000000003248
476,53.814000000033296
481,53.81800000003411
486,53.822000000034926
490,53.82600000003574
491,53.830000000036556
491,53.83400000003737
491,53.838000000038186
491,53.842000000039
491,53.846000000039815
491,53.85000000004063
491,53.854000000041445
491,53.85800000004226
491,53.862000000043075
491,53.86600000004389
491,53.870000000044705
491,53.87400000004552
491,53.878000000046335
492,53.88200000004715
492,53.886000000047964
492,53.89000000004878
492,53.894000000049594
492,53.89799999999948
492,53.90200000000029
493,53.90600000000111
493,53.91000000000192
493,53.91400000000274
494,53.91800000000355
494,53.92200000000437
494,53.92600000000518
495,53.930000000006
495,53.93400000000681
495,53.93800000000763
495,53.94200000000844
495,53.946000000009256
496,53.95000000001007
496,53.954000000010886
497,53.9580000000117
498,53.962000000012516
498,53.96600000001333
499,53.970000000014146
500,53.97400000001496
500,53.978000000015776
501,53.98200000001659
501,53.986000000017405
501,53.99000000001822
502,53.994000000019035
503,53.99800000001985
503,54.002000000020665
504,54.00600000002148
504,54.010000000022295
505,54.01400000002311
505,54.018000000023925
505,54.02200000002474
505,54.026000000025554
504,54.03000000002637
504,54.034000000027184
503,54.038000000028
502,54.042000000028814
501,54.04600000002963
500,54.050000000030444
499,54.05400000003126
497,54.058000000032074
495,54.06200000003289
494,54.0660000000337
493,54.07000000003452
492,54.07400000003533
491,54.07800000003615
491,54.08200000003696
491,54.08600000003778
491,54.09000000003859
490,54.09400000003941
490,54.09800000004022
490,54.10200000004104
490,54.10600000004185
490,54.11000000004267
490,54.11400000004348
490,54.1180000000443
490,54.12200000004511
490,54.12600000004593
490,54.13000000004674
490,54.13400000004756
490,54.13800000004837
490,54.14200000004919
490,54.14600000005
490,54.15099999999645
490,54.154999999997266
490,54.15899999999808
491,54.162999999998895
491,54.16699999999971
491,54.171000000000525
491,54.17500000000134
491,54.179000000002155
491,54.18300000000297
491,54.187000000003785
491,54.1910000000046
491,54.195000000005415
491,54.19900000000623
491,54.203000000007044
492,54.20700000000786
492,54.211000000008674
492,54.21500000000949
492,54.219000000010304
491,54.22300000001112
491,54.227000000011934
491,54.23100000001275
491,54.235000000013564
491,54.23900000001438
491,54.24300000001519
491,54.24700000001601
491,54.25100000001682
491,54.25500000001764
491,54.25900000001845
491,54.26300000001927
491,54.26700000002008
491,54.2710000000209
491,54.27500000002171
491,54.27900000002253
491,54.28300000002334
491,54.28700000002416
491,54.29100000002497
491,54.29500000002579
491,54.2990000000266
492,54.30300000002742
491,54.30700000002823
491,54.31100000002905
491,54.31500000002986
492,54.31900000003068
492,54.32300000003149
492,54.32700000003231
492,54.33100000003312
492,54.335000000033936
492,54.33900000003475
492,54.343000000035566
492,54.34700000003638
493,54.351000000037196
493,54.35500000003801
493,54.359000000038826
493,54.36300000003964
493,54.367000000040456
492,54.37100000004127
491,54.375000000042085
491,54.3790000000429
491,54.383000000043715
491,54.38700000004453
491,54.391000000045345
491,54.39500000004616
491,54.399000000046975
491,54.40299999999686
491,54.40699999999767
491,54.41099999999849
491,54.4149999999993
491,54.41900000000012
491,54.42300000000093
491,54.42700000000175
490,54.43100000000256
489,54.43500000000338
489,54.43900000000419
492,54.44300000000501
499,54.44700000000582
510,54.45100000000664
524,54.45500000000745
536,54.45900000000827
541,54.46300000000908
536,54.4670000000099
522,54.47100000001071
504,54.475000000011526
488,54.47900000001234
479,54.483000000013156
478,54.48700000001397
483,54.491000000014786
488,54.4950000000156
491,54.499000000016416
492,54.50300000001723
492,54.507000000018046
492,54.51100000001886
492,54.515000000019675
492,54.51900000002049
492,54.523000000021305
492,54.52700000002212
492,54.531000000022935
492,54.53500000002375
492,54.539000000024565
492,54.54300000002538
492,54.547000000026195
492,54.55100000002701
493,54.555000000027825
493,54.55900000002864
493,54.563000000029454
493,54.56700000003027
493,54.571000000031084
494,54.5750000000319
494,54.579000000032714
494,54.58300000003353
494,54.587000000034344
494,54.59100000003516
495,54.595000000035974
495,54.59900000003679
496,54.6030000000376
496,54.60700000003842
496,54.61100000003923
497,54.61500000004005
497,54.61900000004086
497,54.62300000004168
498,54.62700000004249
498,54.63100000004331
499,54.63500000004412
500,54.63900000004494
500,54.64300000004575
501,54.64700000004657
502,54.65100000004738
502,54.654999999997266
503,54.65899999999808
503,54.662999999998895
504,54.66699999999971
505,54.671000000000525
505,54.67500000000134
506,54.679000000002155
507,54.68300000000297
507,54.687000000003785
508,54.6910000000046
508,54.695000000005415
508,54.69900000000623
507,54.703000000007044
507,54.70700000000786
506,54.711000000008674
505,54.71500000000949
504,54.719000000010304
502,54.72300000001112
501,54.727000000011934
499,54.73100000001275
498,54.735000000013564
496,54.73900000001438
495,54.74300000001519
494,54.74700000001601
493,54.75100000001682
492,54.75500000001764
492,54.75900000001845
492,54.76300000001927
492,54.76700000002008
491,54.7710000000209
491,54.77500000002171
491,54.77900000002253
491,54.78300000002334
491,54.78700000002416
491,54.79100000002497
491,54.79500000002579
491,54.7990000000266
491,54.80300000002742
491,54.80700000002823
491,54.81100000002905
492,54.81500000002986
491,54.81900000003068
491,54.82300000003149
491,54.82700000003231
491,54.83100000003312
491,54.835000000033936
492,54.83900000003475
492,54.843000000035566
492,54.84700000003638
492,54.851000000037196
492,54.85500000003801
492,54.859000000038826
492,54.86300000003964
492,54.867000000040456
492,54.87100000004127
492,54.875000000042085
492,54.8790000000429
492,54.883000000043715
492,54.88700000004453
492,54.891000000045345
492,54.89500000004616
492,54.899000000046975
492,54.90300000004779
492,54.90699999999767
492,54.91099999999849
492,54.9149999999993
492,54.91900000000012
492,54.92300000000093
492,54.92700000000175
492,54.93100000000256
492,54.93500000000338
492,54.93900000000419
492,54.94300000000501
492,54.94700000000582
492,54.95100000000664
492,54.95500000000745
492,54.95900000000827
492,54.96300000000908
492,54.9670000000099
492,54.97100000001071
492,54.975000000011526
492,54.97900000001234
492,54.983000000013156
492,54.98700000001397
492,54.991000000014786
492,54.9950000000156
492,54.999000000016416
493,55.00300000001723
493,55.007000000018046
493,55.01100000001886
493,55.015000000019675
492,55.01900000002049
492,55.023000000021305
493,55.02700000002212
493,55.031000000022935
494,55.03500000002375
494,55.039000000024565
494,55.04300000002538
494,55.047000000026195
494,55.05100000002701
493,55.055000000027825
492,55.05900000002864
492,55.063000000029454
491,55.06700000003027
491,55.071000000031084
492,55.0750000000319
492,55.079000000032714
492,55.08300000003353
492,55.087000000034344
492,55.09100000003516
492,55.095000000035974
492,55.09900000003679
492,55.1030000000376
492,55.10700000003842
491,55.11100000003923
490,55.11500000004005
490,55.11900000004086
491,55.12300000004168
495,55.12700000004249
503,55.13100000004331
516,55.13500000004412
529,55.13900000004494
539,55.14300000004575
541,55.14700000004657
532,55.15100000004738
515,55.1550000000482
497,55.15699999999767
484,55.16099999999849
479,55.1649999999993
480,55.16900000000012
486,55.17300000000093
491,55.17700000000175
493,55.18100000000256
493,55.18500000000338
493,55.18900000000419
493,55.19300000000501
492,55.19700000000582
492,55.20100000000664
492,55.20500000000745
493,55.20900000000827
493,55.21300000000908
493,55.2170000000099
493,55.22100000001071
493,55.225000000011526
493,55.22900000001234
493,55.233000000013156
494,55.23700000001397
494,55.241000000014786
494,55.2450000000156
494,55.249000000016416
494,55.25300000001723
494,55.257000000018046
494,55.26100000001886
495,55.265000000019675
495,55.26900000002049
495,55.273000000021305
496,55.27700000002212
496,55.281000000022935
496,55.28500000002375
497,55.289000000024565
497,55.29300000002538
497,55.297000000026195
497,55.30100000002701
498,55.305000000027825
498,55.30900000002864
499,55.313000000029454
500,55.31700000003027
501,55.321000000031084
501,55.3250000000319
502,55.329000000032714
503,55.33300000003353
504,55.337000000034344
504,55.34100000003516
505,55.345000000035974
505,55.34900000003679
506,55.3530000000376
507,55.35700000003842
507,55.36100000003923
508,55.36500000004005
508,55.36900000004086
509,55.37300000004168
509,55.37700000004249
509,55.38100000004331
508,55.38500000004412
508,55.38900000004494
507,55.39300000004575
506,55.39700000004657
504,55.40100000004738
503,55.4050000000482
501,55.40899999999808
500,55.412999999998895
498,55.41699999999971
496,55.421000000000525
495,55.42500000000134
494,55.429000000002155
493,55.43300000000297
493,55.437000000003785
493,55.4410000000046
492,55.445000000005415
492,55.44900000000623
492,55.453000000007044
492,55.45700000000786
491,55.461000000008674
491,55.46500000000949
491,55.469000000010304
491,55.47300000001112
491,55.477000000011934
492,55.48100000001275
492,55.485000000013564
492,55.48900000001438
492,55.49300000001519
492,55.49700000001601
492,55.50100000001682
492,55.50500000001764
492,55.50900000001845
492,55.51300000001927
492,55.51700000002008
492,55.5210000000209
492,55.52500000002171
492,55.52900000002253
492,55.53300000002334
492,55.53700000002416
492,55.54100000002497
492,55.54500000002579
492,55.5490000000266
492,55.55300000002742
492,55.55700000002823
492,55.56100000002905
492,55.56500000002986
493,55.56900000003068
493,55.57300000003149
492,55.57700000003231
492,55.58100000003312
492,55.585000000033936
492,55.58900000003475
492,55.593000000035566
492,55.59700000003638
493,55.601000000037196
493,55.60500000003801
493,55.609000000038826
492,55.61300000003964
492,55.617000000040456
492,55.62100000004127
492,55.625000000042085
492,55.6290000000429
492,55.633000000043715
492,55.63700000004453
492,55.641000000045345
492,55.64500000004616
492,55.649000000046975
492,55.65300000004779
492,55.657000000048605
492,55.66099999999849
492,55.6649999999993
492,55.66900000000012
492,55.67300000000093
492,55.67700000000175
492,55.68100000000256
493,55.68500000000338
493,55.68900000000419
493,55.69300000000501
493,55.69700000000582
493,55.70100000000664
492,55.70500000000745
492,55.70900000000827
493,55.71300000000908
493,55.7170000000099
493,55.72100000001071
493,55.725000000011526
494,55.72900000001234
494,55.733000000013156
494,55.73700000001397
495,55.741000000014786
494,55.7450000000156
494,55.749000000016416
494,55.75300000001723
493,55.757000000018046
493,55.76100000001886
493,55.765000000019675
492,55.76900000002049
492,55.773000000021305
492,55.77700000002212
492,55.781000000022935
492,55.78500000002375
492,55.789000000024565
493,55.79300000002538
493,55.797000000026195
493,55.80100000002701
493,55.805000000027825
493,55.80900000002864
492,55.813000000029454
491,55.81700000003027
490,55.821000000031084
491,55.8250000000319
497,55.829000000032714
506,55.83300000003353
520,55.837000000034344
533,55.84100000003516
541,55.845000000035974
540,55.84900000003679
528,55.8530000000376
510,55.85700000003842
492,55.86100000003923
480,55.86500000004005
478,55.86900000004086
481,55.87300000004168
487,55.87700000004249
492,55.88100000004331
494,55.88500000004412
494,55.88900000004494
493,55.89300000004575
493,55.89700000004657
493,55.90100000004738
493,55.9050000000482
493,55.90900000004901
493,55.912999999998895
493,55.91699999999971
493,55.921000000000525
494,55.92500000000134
494,55.929000000002155
494,55.93300000000297
494,55.937000000003785
494,55.9410000000046
494,55.945000000005415
494,55.94900000000623
494,55.953000000007044
495,55.95700000000786
495,55.961000000008674
495,55.96500000000949
495,55.969000000010304
495,55.97300000001112
495,55.977000000011934
496,55.98100000001275
496,55.985000000013564
496,55.98900000001438
497,55.99300000001519
497,55.99700000001601
498,56.00100000001682
498,56.00500000001764
499,56.00900000001845
499,56.01300000001927
499,56.01700000002008
500,56.0210000000209
501,56.02500000002171
501,56.02900000002253
502,56.03300000002334
503,56.03700000002416
504,56.04100000002497
504,56.04500000002579
505,56.0490000000266
505,56.05300000002742
506,56.05700000002823
506,56.06100000002905
507,56.06500000002986
507,56.06900000003068
508,56.07300000003149
508,56.07700000003231
508,56.08100000003312
509,56.085000000033936
508,56.08900000003475
508,56.093000000035566
507,56.09700000003638
506,56.101000000037196
504,56.10500000003801
502,56.109000000038826
501,56.11300000003964
499,56.117000000040456
497,56.12100000004127
496,56.125000000042085
495,56.1290000000429
494,56.133000000043715
493,56.13700000004453
492,56.141000000045345
492,56.14500000004616
491,56.149000000046975
491,56.15300000004779
491,56.157000000048605
491,56.16100000004942
491,56.16699999999971
491,56.171000000000525
491,56.17500000000134
491,56.179000000002155
490,56.18300000000297
491,56.187000000003785
491,56.1910000000046
491,56.195000000005415
491,56.19900000000623
491,56.203000000007044
491,56.20700000000786
491,56.211000000008674
491,56.21500000000949
491,56.219000000010304
491,56.22300000001112
491,56.227000000011934
491,56.23100000001275
491,56.235000000013564
491,56.23900000001438
491,56.24300000001519
492,56.24700000001601
492,56.25100000001682
492,56.25500000001764
491,56.25900000001845
491,56.26300000001927
491,56.26700000002008
491,56.2710000000209
491,56.27500000002171
491,56.27900000002253
492,56.28300000002334
492,56.28700000002416
492,56.29100000002497
491,56.29500000002579
491,56.2990000000266
491,56.30300000002742
491,56.30700000002823
491,56.31100000002905
491,56.31500000002986
491,56.31900000003068
491,56.32300000003149
491,56.32700000003231
491,56.33100000003312
491,56.335000000033936
491,56.33900000003475
491,56.343000000035566
490,56.34700000003638
490,56.351000000037196
491,56.35500000003801
491,56.359000000038826
491,56.36300000003964
491,56.367000000040456
491,56.37100000004127
490,56.375000000042085
490,56.3790000000429
491,56.383000000043715
491,56.38700000004453
491,56.391000000045345
491,56.39500000004616
491,56.399000000046975
491,56.40300000004779
491,56.407000000048605
491,56.41100000004942
491,56.415000000050235
491,56.41900000000012
491,56.42300000000093
491,56.42700000000175
491,56.43100000000256
491,56.43500000000338
491,56.43900000000419
492,56.44300000000501
492,56.44700000000582
492,56.45100000000664
493,56.45500000000745
493,56.45900000000827
493,56.46300000000908
493,56.4670000000099
493,56.47100000001071
492,56.475000000011526
492,56.47900000001234
492,56.483000000013156
491,56.48700000001397
491,56.491000000014786
491,56.4950000000156
491,56.499000000016416
491,56.50300000001723
491,56.507000000018046
491,56.51100000001886
491,56.515000000019675
491,56.51900000002049
491,56.523000000021305
492,56.52700000002212
491,56.531000000022935
491,56.53500000002375
489,56.539000000024565
489,56.54300000002538
490,56.547000000026195
495,56.55100000002701
505,56.555000000027825
519,56.55900000002864
532,56.563000000029454
541,56.56700000003027
539,56.571000000031084
527,56.5750000000319
509,56.579000000032714
491,56.58300000003353
479,56.587000000034344
476,56.59100000003516
479,56.595000000035974
485,56.59900000003679
490,56.6030000000376
492,56.60700000003842
492,56.61100000003923
492,56.61500000004005
492,56.61900000004086
491,56.62300000004168
491,56.62700000004249
491,56.63100000004331
491,56.63500000004412
491,56.63900000004494
491,56.64300000004575
492,56.64700000004657
492,56.65100000004738
492,56.6550000000482
492,56.65900000004901
492,56.66300000004983
492,56.66700000005064
492,56.671000000000525
492,56.67500000000134
493,56.679000000002155
493,56.68300000000297
494,56.687000000003785
494,56.6910000000046
494,56.695000000005415
494,56.69900000000623
494,56.703000000007044
494,56.70700000000786
495,56.711000000008674
495,56.71500000000949
495,56.719000000010304
496,56.72300000001112
497,56.727000000011934
497,56.73100000001275
498,56.735000000013564
498,56.73900000001438
498,56.74300000001519
499,56.74700000001601
500,56.75100000001682
500,56.75500000001764
501,56.75900000001845
502,56.76300000001927
503,56.76700000002008
503,56.7710000000209
504,56.77500000002171
505,56.77900000002253
505,56.78300000002334
505,56.78700000002416
506,56.79100000002497
506,56.79500000002579
506,56.7990000000266
507,56.80300000002742
507,56.80700000002823
507,56.81100000002905
506,56.81500000002986
505,56.81900000003068
504,56.82300000003149
503,56.82700000003231
501,56.83100000003312
500,56.835000000033936
498,56.83900000003475
497,56.843000000035566
496,56.84700000003638
495,56.851000000037196
493,56.85500000003801
492,56.859000000038826
492,56.86300000003964
491,56.867000000040456
491,56.87100000004127
490,56.875000000042085
490,56.8790000000429
490,56.883000000043715
490,56.88700000004453
490,56.891000000045345
490,56.89500000004616
490,56.899000000046975
490,56.90300000004779
490,56.907000000048605
490,56.91100000004942
490,56.915000000050235
490,56.91900000005105
490,56.92300000000093
491,56.92700000000175
491,56.93100000000256
491,56.93500000000338
491,56.93900000000419
491,56.94300000000501
491,56.94700000000582
491,56.95100000000664
491,56.95500000000745
491,56.95900000000827
491,56.96300000000908
491,56.9670000000099
491,56.97100000001071
491,56.975000000011526
491,56.97900000001234
491,56.983000000013156
491,56.98700000001397
491,56.991000000014786
491,56.9950000000156
491,56.999000000016416
491,57.00300000001723
491,57.007000000018046
491,57.01100000001886
491,57.015000000019675
491,57.01900000002049
491,57.023000000021305
491,57.02700000002212
491,57.031000000022935
491,57.03500000002375
491,57.039000000024565
491,57.04300000002538
491,57.047000000026195
491,57.05100000002701
491,57.055000000027825
491,57.05900000002864
491,57.063000000029454
490,57.06700000003027
490,57.071000000031084
490,57.0750000000319
490,57.079000000032714
491,57.08300000003353
491,57.087000000034344
491,57.09100000003516
491,57.095000000035974
491,57.09900000003679
491,57.1030000000376
491,57.10700000003842
491,57.11100000003923
491,57.11500000004005
491,57.11900000004086
492,57.12300000004168
492,57.12700000004249
493,57.13100000004331
493,57.13500000004412
493,57.13900000004494
493,57.14300000004575
492,57.14700000004657
492,57.15100000004738
492,57.1550000000482
492,57.15900000004901
491,57.16300000004983
491,57.16700000005064
491,57.17100000005146
491,57.17500000000134
490,57.179000000002155
490,57.18300000000297
490,57.187000000003785
491,57.1910000000046
491,57.195000000005415
491,57.19900000000623
491,57.203000000007044
491,57.20700000000786
491,57.211000000008674
491,57.21500000000949
490,57.219000000010304
489,57.22300000001112
489,57.227000000011934
492,57.23100000001275
500,57.235000000013564
512,57.23900000001438
525,57.24300000001519
537,57.24700000001601
540,57.25100000001682
533,57.25500000001764
517,57.25900000001845
498,57.26300000001927
483,57.26700000002008
476,57.2710000000209
477,57.27500000002171
482,57.27900000002253
487,57.28300000002334
491,57.28700000002416
492,57.29100000002497
492,57.29500000002579
491,57.2990000000266
491,57.30300000002742
491,57.30700000002823
491,57.31100000002905
491,57.31500000002986
491,57.31900000003068
492,57.32300000003149
492,57.32700000003231
492,57.33100000003312
492,57.335000000033936
492,57.33900000003475
492,57.343000000035566
492,57.34700000003638
492,57.351000000037196
492,57.35500000003801
493,57.359000000038826
493,57.36300000003964
493,57.367000000040456
493,57.37100000004127
493,57.375000000042085
493,57.3790000000429
494,57.383000000043715
494,57.38700000004453
495,57.391000000045345
495,57.39500000004616
496,57.399000000046975
496,57.40300000004779
497,57.407000000048605
497,57.41100000004942
497,57.415000000050235
498,57.41900000005105
498,57.423000000051864
498,57.42700000000175
499,57.43100000000256
500,57.43500000000338
501,57.43900000000419
502,57.44300000000501
502,57.44700000000582
503,57.45100000000664
503,57.45500000000745
503,57.45900000000827
503,57.46300000000908
503,57.4670000000099
503,57.47100000001071
504,57.475000000011526
505,57.47900000001234
505,57.483000000013156
506,57.48700000001397
506,57.491000000014786
505,57.4950000000156
504,57.499000000016416
503,57.50300000001723
502,57.507000000018046
501,57.51100000001886
500,57.515000000019675
499,57.51900000002049
498,57.523000000021305
496,57.52700000002212
495,57.531000000022935
494,57.53500000002375
493,57.539000000024565
492,57.54300000002538
491,57.547000000026195
491,57.55100000002701
490,57.555000000027825
490,57.55900000002864
490,57.563000000029454
490,57.56700000003027
491,57.571000000031084
491,57.5750000000319
491,57.579000000032714
490,57.58300000003353
490,57.587000000034344
490,57.59100000003516
491,57.595000000035974
491,57.59900000003679
491,57.6030000000376
491,57.60700000003842
491,57.61100000003923
491,57.61500000004005
491,57.61900000004086
491,57.62300000004168
491,57.62700000004249
491,57.63100000004331
492,57.63500000004412
492,57.63900000004494
492,57.64300000004575
492,57.64700000004657
491,57.65100000004738
491,57.6550000000482
491,57.65900000004901
491,57.66300000004983
492,57.66700000005064
492,57.67100000005146
492,57.67500000005227
492,57.679000000002155
492,57.68300000000297
492,57.687000000003785
492,57.6910000000046
492,57.695000000005415
492,57.69900000000623
492,57.703000000007044
492,57.70700000000786
492,57.711000000008674
492,57.71500000000949
492,57.719000000010304
492,57.72300000001112
492,57.727000000011934
492,57.73100000001275
492,57.735000000013564
491,57.73900000001438
491,57.74300000001519
491,57.74700000001601
491,57.75100000001682
491,57.75500000001764
492,57.75900000001845
492,57.76300000001927
492,57.76700000002008
492,57.7710000000209
492,57.77500000002171
492,57.77900000002253
492,57.78300000002334
492,57.78700000002416
492,57.79100000002497
493,57.79500000002579
493,57.7990000000266
493,57.80300000002742
493,57.80700000002823
493,57.81100000002905
493,57.81500000002986
493,57.81900000003068
493,57.82300000003149
493,57.82700000003231
492,57.83100000003312
492,57.835000000033936
491,57.83900000003475
491,57.843000000035566
491,57.84700000003638
491,57.851000000037196
491,57.85500000003801
491,57.859000000038826
490,57.86300000003964
490,57.867000000040456
491,57.87100000004127
491,57.875000000042085
492,57.8790000000429
492,57.883000000043715
492,57.88700000004453
491,57.891000000045345
490,57.89500000004616
491,57.899000000046975
495,57.90300000004779
503,57.907000000048605
514,57.91100000004942
527,57.915000000050235
537,57.91900000005105
538,57.923000000051864
529,57.92700000005268
513,57.93100000000256
495,57.93500000000338
482,57.93900000000419
476,57.94300000000501
477,57.94700000000582
482,57.95100000000664
487,57.95500000000745
491,57.95900000000827
492,57.96300000000908
492,57.9670000000099
493,57.97100000001071
492,57.975000000011526
492,57.97900000001234
492,57.983000000013156
491,57.98700000001397
491,57.991000000014786
492,57.9950000000156
492,57.999000000016416
493,58.00300000001723
493,58.007000000018046
494,58.01100000001886
494,58.015000000019675
493,58.01900000002049
493,58.023000000021305
493,58.02700000002212
493,58.031000000022935
493,58.03500000002375
494,58.039000000024565
494,58.04300000002538
495,58.047000000026195
495,58.05100000002701
495,58.055000000027825
495,58.05900000002864
495,58.063000000029454
495,58.06700000003027
496,58.071000000031084
496,58.0750000000319
497,58.079000000032714
497,58.08300000003353
498,58.087000000034344
499,58.09100000003516
499,58.095000000035974
500,58.09900000003679
500,58.1030000000376
500,58.10700000003842
501,58.11100000003923
502,58.11500000004005
502,58.11900000004086
503,58.12300000004168
503,58.12700000004249
504,58.13100000004331
504,58.13500000004412
504,58.13900000004494
505,58.14300000004575
505,58.14700000004657
505,58.15100000004738
506,58.1550000000482
506,58.15900000004901
506,58.16300000004983
505,58.16700000005064
504,58.17100000005146
503,58.17500000005227
502,58.17900000005309
501,58.17999999999872
499,58.183999999999536
498,58.18800000000035
496,58.192000000001165
495,58.19600000000198
494,58.200000000002795
493,58.20400000000361
493,58.208000000004425
492,58.21200000000524
492,58.216000000006055
492,58.22000000000687
491,58.224000000007685
491,58.2280000000085
490,58.232000000009315
490,58.23600000001013
490,58.240000000010944
490,58.24400000001176
490,58.248000000012574
491,58.25200000001339
491,58.256000000014204
491,58.26000000001502
491,58.264000000015834
491,58.26800000001665
491,58.272000000017464
491,58.27600000001828
491,58.28000000001909
491,58.28400000001991
491,58.28800000002072
492,58.29200000002154
492,58.29600000002235
492,58.30000000002317
492,58.30400000002398
491,58.3080000000248
492,58.31200000002561
492,58.31600000002643
492,58.32000000002724
492,58.32400000002806
492,58.32800000002887
491,58.33200000002969
491,58.3360000000305
491,58.34000000003132
492,58.34400000003213
492,58.34800000003295
493,58.35200000003376
493,58.35600000003458
492,58.36000000003539
492,58.36400000003621
492,58.36800000003702
492,58.372000000037836
492,58.37600000003865
492,58.380000000039466
492,58.38400000004028
492,58.388000000041096
492,58.39200000004191
492,58.396000000042726
491,58.40000000004354
491,58.404000000044356
491,58.40800000004517
491,58.412000000045985
491,58.4160000000468
491,58.420000000047615
491,58.42400000004843
491,58.428000000049245
491,58.43199999999913
492,58.43599999999994
492,58.44000000000076
492,58.44400000000157
492,58.44800000000239
492,58.4520000000032
492,58.45600000000402
492,58.46000000000483
492,58.46400000000565
492,58.46800000000646
492,58.47200000000728
492,58.47600000000809
493,58.48000000000891
493,58.48400000000972
493,58.48800000001054
493,58.49200000001135
493,58.49600000001217
493,58.50000000001298
492,58.5040000000138
492,58.50800000001461
491,58.512000000015426
491,58.51600000001624
491,58.520000000017056
491,58.52400000001787
491,58.528000000018686
491,58.5320000000195
491,58.536000000020316
491,58.54000000002113
491,58.544000000021946
491,58.54800000002276
491,58.552000000023575
491,58.55600000002439
491,58.560000000025205
491,58.56400000002602
490,58.568000000026835
489,58.57200000002765
491,58.576000000028465
495,58.58000000002928
504,58.584000000030095
517,58.58800000003091
530,58.592000000031724
539,58.59600000003254
540,58.600000000033354
530,58.60400000003417
513,58.608000000034984
495,58.6120000000358
482,58.616000000036614
477,58.62000000003743
479,58.624000000038244
484,58.62800000003906
489,58.632000000039874
492,58.63600000004069
492,58.6400000000415
492,58.64400000004232
492,58.64800000004313
492,58.65200000004395
491,58.65600000004476
491,58.66000000004558
491,58.66400000004639
491,58.66800000004721
492,58.67200000004802
492,58.67600000004884
492,58.68000000004965
493,58.683999999999536
493,58.68800000000035
492,58.692000000001165
493,58.69600000000198
493,58.700000000002795
493,58.70400000000361
493,58.708000000004425
493,58.71200000000524
493,58.716000000006055
493,58.72000000000687
494,58.724000000007685
494,58.7280000000085
495,58.732000000009315
495,58.73600000001013
495,58.740000000010944
495,58.74400000001176
496,58.748000000012574
496,58.75200000001339
496,58.756000000014204
497,58.76000000001502
497,58.764000000015834
498,58.76800000001665
499,58.772000000017464
499,58.77600000001828
500,58.78000000001909
501,58.78400000001991
501,58.78800000002072
502,58.79200000002154
503,58.79600000002235
503,58.80000000002317
504,58.80400000002398
504,58.8080000000248
505,58.81200000002561
505,58.81600000002643
506,58.82000000002724
506,58.82400000002806
506,58.82800000002887
506,58.83200000002969
506,58.8360000000305
506,58.84000000003132
506,58.84400000003213
505,58.84800000003295
504,58.85200000003376
502,58.85600000003458
500,58.86000000003539
499,58.86400000003621
497,58.86800000003702
496,58.872000000037836
495,58.87600000003865
494,58.880000000039466
493,58.88400000004028
492,58.888000000041096
492,58.89200000004191
491,58.896000000042726
491,58.90000000004354
491,58.904000000044356
490,58.90800000004517
490,58.912000000045985
490,58.9160000000468
490,58.920000000047615
490,58.92400000004843
490,58.928000000049245
490,58.93200000005006
490,58.93599999999994
490,58.94000000000076
490,58.94400000000157
490,58.94800000000239
490,58.9520000000032
490,58.95600000000402
491,58.96000000000483
491,58.96400000000565
491,58.96800000000646
491,58.97200000000728
491,58.97600000000809
491,58.98000000000891
491,58.98400000000972
491,58.98800000001054
491,58.99200000001135
492,58.99600000001217
492,59.00000000001298
492,59.0040000000138
492,59.00800000001461
492,59.012000000015426
491,59.01600000001624
491,59.020000000017056
491,59.02400000001787
491,59.028000000018686
491,59.0320000000195
492,59.036000000020316
492,59.04000000002113
492,59.044000000021946
491,59.04800000002276
491,59.052000000023575
491,59.05600000002439
491,59.060000000025205
491,59.06400000002602
491,59.068000000026835
491,59.07200000002765
491,59.076000000028465
491,59.08000000002928
492,59.084000000030095
492,59.08800000003091
491,59.092000000031724
491,59.09600000003254
491,59.100000000033354
491,59.10400000003417
491,59.108000000034984
491,59.1120000000358
491,59.116000000036614
491,59.12000000003743
491,59.124000000038244
491,59.12800000003906
492,59.132000000039874
491,59.13600000004069
491,59.1400000000415
491,59.14400000004232
491,59.14800000004313
492,59.15200000004395
492,59.15600000004476
492,59.16000000004558
492,59.16400000004639
492,59.16800000004721
492,59.17200000004802
492,59.17600000004884
492,59.18000000004965
492,59.18400000005047
492,59.19499999999814
493,59.198999999998954
493,59.20299999999977
494,59.20700000000058
494,59.2110000000014
494,59.21500000000221
493,59.21900000000303
492,59.22300000000384
492,59.22700000000466
491,59.23100000000547
491,59.23500000000629
491,59.2390000000071
491,59.24300000000792
492,59.24700000000873
492,59.25100000000955
492,59.25500000001036
492,59.25900000001118
492,59.26300000001199
492,59.26700000001281
492,59.27100000001362
491,59.27500000001444
490,59.27900000001525
490,59.28300000001607
490,59.28700000001688
494,59.291000000017696
501,59.29500000001851
512,59.299000000019326
525,59.30300000002014
536,59.307000000020956
540,59.31100000002177
533,59.315000000022586
519,59.3190000000234
501,59.323000000024216
486,59.32700000002503
479,59.331000000025846
480,59.33500000002666
484,59.339000000027475
489,59.34300000002829
492,59.347000000029105
493,59.35100000002992
492,59.355000000030735
492,59.35900000003155
492,59.363000000032365
492,59.36700000003318
492,59.371000000033995
493,59.37500000003481
493,59.379000000035624
493,59.38300000003644
493,59.387000000037254
493,59.39100000003807
493,59.395000000038884
493,59.3990000000397
493,59.403000000040514
493,59.40700000004133
494,59.411000000042144
494,59.41500000004296
494,59.41900000004377
494,59.42300000004459
494,59.4270000000454
494,59.43100000004622
495,59.43500000004703
495,59.43900000004785
495,59.44300000004866
495,59.446999999998546
496,59.45099999999936
496,59.455000000000176
497,59.45900000000099
497,59.463000000001806
497,59.46700000000262
498,59.471000000003436
498,59.47500000000425
499,59.479000000005065
499,59.48300000000588
500,59.487000000006695
501,59.49100000000751
502,59.495000000008325
502,59.49900000000914
503,59.503000000009955
504,59.50700000001077
504,59.511000000011585
505,59.5150000000124
506,59.519000000013214
506,59.52300000001403
507,59.527000000014844
507,59.53100000001566
508,59.535000000016474
508,59.53900000001729
508,59.543000000018104
508,59.54700000001892
508,59.551000000019734
507,59.55500000002055
507,59.55900000002136
506,59.56300000002218
505,59.56700000002299
503,59.57100000002381
502,59.57500000002462
500,59.57900000002544
498,59.58300000002625
497,59.58700000002707
495,59.59100000002788
494,59.5950000000287
493,59.59900000002951
492,59.60300000003033
492,59.60700000003114
492,59.61100000003196
492,59.61500000003277
492,59.61900000003359
491,59.6230000000344
491,59.62700000003522
491,59.63100000003603
491,59.63500000003685
491,59.63900000003766
491,59.64300000003848
491,59.64700000003929
491,59.651000000040106
491,59.65500000004092
491,59.659000000041736
491,59.66300000004255
492,59.667000000043366
492,59.67100000004418
492,59.675000000044996
492,59.67900000004581
492,59.683000000046626
492,59.68700000004744
492,59.691000000048255
492,59.69500000004907
492,59.698999999998954
492,59.70299999999977
492,59.70700000000058
492,59.7110000000014
492,59.71500000000221
492,59.71900000000303
492,59.72300000000384
492,59.72700000000466
492,59.73100000000547
493,59.73500000000629
492,59.7390000000071
492,59.74300000000792
492,59.74700000000873
492,59.75100000000955
492,59.75500000001036
492,59.75900000001118
492,59.76300000001199
492,59.76700000001281
492,59.77100000001362
492,59.77500000001444
493,59.77900000001525
492,59.78300000001607
492,59.78700000001688
492,59.791000000017696
492,59.79500000001851
492,59.799000000019326
492,59.80300000002014
492,59.807000000020956
493,59.81100000002177
493,59.815000000022586
492,59.8190000000234
492,59.823000000024216
492,59.82700000002503
492,59.831000000025846
492,59.83500000002666
492,59.839000000027475
492,59.84300000002829
492,59.847000000029105
493,59.85100000002992
493,59.855000000030735
493,59.85900000003155
493,59.863000000032365
493,59.86700000003318
493,59.871000000033995
493,59.87500000003481
493,59.879000000035624
493,59.88300000003644
493,59.887000000037254
494,59.89100000003807
494,59.895000000038884
494,59.8990000000397
494,59.903000000040514
495,59.90700000004133
495,59.911000000042144
495,59.91500000004296
494,59.91900000004377
494,59.92300000004459
493,59.9270000000454
493,59.93100000004622
493,59.93500000004703
492,59.93900000004785
492,59.94300000004866
492,59.94700000004948
492,59.95099999999936
493,59.955000000000176
493,59.95900000000099
493,59.963000000001806
493,59.96700000000262
493,59.971000000003436
493,59.97500000000425
492,59.979000000005065
491,59.98300000000588
491,59.987000000006695
492,59.99100000000751
498,59.995000000008325
508,59.99900000000914
521,60.003000000009955
534,60.00700000001077
541,60.011000000011585
538,60.0150000000124
526,60.019000000013214
508,60.02300000001403
491,60.027000000014844
480,60.03100000001566
478,60.035000000016474
482,60.03900000001729
488,60.043000000018104
493,60.04700000001892
494,60.051000000019734
494,60.05500000002055
494,60.05900000002136
493,60.06300000002218
493,60.06700000002299
493,60.07100000002381
493,60.07500000002462
493,60.07900000002544
493,60.08300000002625
494,60.08700000002707
494,60.09100000002788
494,60.0950000000287
494,60.09900000002951
494,60.10300000003033
494,60.10700000003114
494,60.11100000003196
495,60.11500000003277
495,60.11900000003359
495,60.1230000000344
495,60.12700000003522
496,60.13100000003603
496,60.13500000003685
496,60.13900000003766
496,60.14300000003848
496,60.14700000003929
497,60.151000000040106
497,60.15500000004092
497,60.159000000041736
498,60.16300000004255
498,60.167000000043366
499,60.17100000004418
499,60.175000000044996
500,60.17900000004581
500,60.183000000046626
501,60.18700000004744
501,60.191000000048255
502,60.19500000004907
503,60.199000000049885
503,60.19800000000239
504,60.2020000000032
505,60.20600000000402
506,60.21000000000483
506,60.21400000000565
507,60.21800000000646
507,60.22200000000728
508,60.22600000000809
508,60.23000000000891
508,60.23400000000972
509,60.23800000001054
509,60.24200000001135
509,60.24600000001217
509,60.25000000001298
508,60.2540000000138
507,60.25800000001461
506,60.262000000015426
504,60.26600000001624
503,60.270000000017056
501,60.27400000001787
500,60.278000000018686
499,60.2820000000195
497,60.286000000020316
496,60.29000000002113
495,60.294000000021946
494,60.29800000002276
494,60.302000000023575
493,60.30600000002439
493,60.310000000025205
493,60.31400000002602
493,60.318000000026835
493,60.32200000002765
493,60.326000000028465
492,60.33000000002928
492,60.334000000030095
492,60.33800000003091
492,60.342000000031724
492,60.34600000003254
492,60.350000000033354
492,60.35400000003417
492,60.358000000034984
492,60.3620000000358
493,60.366000000036614
493,60.37000000003743
493,60.374000000038244
493,60.37800000003906
492,60.382000000039874
492,60.38600000004069
492,60.3900000000415
492,60.39400000004232
492,60.39800000004313
493,60.40200000004395
493,60.40600000004476
493,60.41000000004558
493,60.41400000004639
493,60.41800000004721
493,60.42200000004802
493,60.42600000004884
492,60.43000000004965
492,60.43400000005047
492,60.43800000005128
493,60.4420000000521
493,60.44600000005291
493,60.450000000002795
493,60.45400000000361
492,60.458000000004425
492,60.46200000000524
492,60.466000000006055
492,60.47000000000687
492,60.474000000007685
492,60.4780000000085
492,60.482000000009315
492,60.48600000001013
492,60.490000000010944
492,60.49400000001176
492,60.498000000012574
492,60.50200000001339
492,60.506000000014204
492,60.51000000001502
492,60.514000000015834
492,60.51800000001665
492,60.522000000017464
492,60.52600000001828
492,60.53000000001909
492,60.53400000001991
492,60.53800000002072
492,60.54200000002154
491,60.54600000002235
491,60.55000000002317
492,60.55400000002398
492,60.5580000000248
492,60.56200000002561
492,60.56600000002643
492,60.57000000002724
492,60.57400000002806
493,60.57800000002887
493,60.58200000002969
493,60.5860000000305
493,60.59000000003132
494,60.59400000003213
494,60.59800000003295
494,60.60200000003376
494,60.60600000003458
493,60.61000000003539
493,60.61400000003621
492,60.61800000003702
491,60.622000000037836
491,60.62600000003865
491,60.630000000039466
491,60.63400000004028
491,60.638000000041096
491,60.64200000004191
492,60.646000000042726
492,60.65000000004354
492,60.654000000044356
492,60.65800000004517
492,60.662000000045985
491,60.6660000000468
490,60.670000000047615
489,60.67400000004843
489,60.678000000049245
493,60.68200000005006
500,60.686000000050875
512,60.69000000005169
526,60.694000000052505
538,60.69800000005332
541,60.7020000000032
534,60.70600000000402
518,60.71000000000483
499,60.71400000000565
484,60.71800000000646
477,60.72200000000728
477,60.72600000000809
483,60.73000000000891
488,60.73400000000972
491,60.73800000001054
492,60.74200000001135
492,60.74600000001217
491,60.75000000001298
491,60.7540000000138
491,60.75800000001461
491,60.762000000015426
492,60.76600000001624
492,60.770000000017056
492,60.77400000001787
492,60.778000000018686
492,60.7820000000195
492,60.786000000020316
492,60.79000000002113
492,60.794000000021946
493,60.79800000002276
493,60.802000000023575
493,60.80600000002439
493,60.810000000025205
493,60.81400000002602
493,60.818000000026835
493,60.82200000002765
494,60.826000000028465
494,60.83000000002928
494,60.834000000030095
495,60.83800000003091
495,60.842000000031724
495,60.84600000003254
496,60.850000000033354
496,60.85400000003417
497,60.858000000034984
497,60.8620000000358
497,60.866000000036614
498,60.87000000003743
498,60.874000000038244
499,60.87800000003906
500,60.882000000039874
501,60.88600000004069
501,60.8900000000415
502,60.89400000004232
502,60.89800000004313
503,60.90200000004395
503,60.90600000004476
504,60.91000000004558
504,60.91400000004639
505,60.91800000004721
505,60.92200000004802
506,60.92600000004884
507,60.93000000004965
507,60.93400000005047
507,60.93800000005128
507,60.9420000000521
506,60.94600000005291
505,60.95000000005373
504,60.9520000000032
503,60.95600000000402
502,60.96000000000483
500,60.96400000000565
499,60.96800000000646
497,60.97200000000728
496,60.97600000000809
494,60.98000000000891
493,60.98400000000972
492,60.98800000001054
491,60.99200000001135
491,60.99600000001217
491,61.00000000001298
490,61.0040000000138
490,61.00800000001461
490,61.012000000015426
490,61.01600000001624
490,61.020000000017056
490,61.02400000001787
490,61.028000000018686
490,61.0320000000195
490,61.036000000020316
490,61.04000000002113
490,61.044000000021946
490,61.04800000002276
490,61.052000000023575
490,61.05600000002439
490,61.060000000025205
490,61.06400000002602
490,61.068000000026835
490,61.07200000002765
490,61.076000000028465
491,61.08000000002928
491,61.084000000030095
491,61.08800000003091
491,61.092000000031724
491,61.09600000003254
491,61.100000000033354
490,61.10400000003417
491,61.108000000034984
491,61.1120000000358
491,61.116000000036614
491,61.12000000003743
491,61.124000000038244
491,61.12800000003906
491,61.132000000039874
490,61.13600000004069
490,61.1400000000415
490,61.14400000004232
490,61.14800000004313
490,61.15200000004395
490,61.15600000004476
490,61.16000000004558
491,61.16400000004639
490,61.16800000004721
490,61.17200000004802
490,61.17600000004884
490,61.18000000004965
490,61.18400000005047
490,61.18800000005128
490,61.1920000000521
490,61.19600000005291
490,61.20000000005373
490,61.203999999996334
490,61.20799999999715
490,61.211999999997964
490,61.21599999999878
490,61.219999999999594
491,61.22400000000041
491,61.228000000001224
491,61.23200000000204
491,61.23600000000285
491,61.24000000000367
491,61.24400000000448
491,61.2480000000053
491,61.25200000000611
492,61.25600000000693
492,61.26000000000774
492,61.26400000000856
492,61.26800000000937
492,61.27200000001019
492,61.276000000011
492,61.28000000001182
491,61.28400000001263
491,61.28800000001345
490,61.29200000001426
490,61.29600000001508
489,61.30000000001589
490,61.30400000001671
490,61.30800000001752
490,61.31200000001834
490,61.31600000001915
491,61.32000000001997
491,61.32400000002078
491,61.328000000021596
490,61.33200000002241
490,61.336000000023226
489,61.34000000002404
488,61.344000000024856
488,61.34800000002567
491,61.352000000026486
497,61.3560000000273
508,61.360000000028116
522,61.36400000002893
534,61.368000000029745
540,61.37200000003056
536,61.376000000031375
521,61.38000000003219
503,61.384000000033005
486,61.38800000003382
477,61.392000000034635
476,61.39600000003545
481,61.400000000036265
486,61.40400000003708
490,61.408000000037894
491,61.41200000003871
491,61.416000000039524
491,61.42000000004034
491,61.424000000041154
491,61.42800000004197
491,61.432000000042784
491,61.4360000000436
491,61.440000000044414
491,61.44400000004523
492,61.448000000046044
492,61.45200000004686
492,61.45599999999674
492,61.45999999999756
492,61.46399999999837
492,61.467999999999186
492,61.472
493,61.476000000000816
493,61.48000000000163
493,61.484000000002446
493,61.48800000000326
493,61.492000000004076
494,61.49600000000489
494,61.500000000005706
494,61.50400000000652
494,61.508000000007335
495,61.51200000000815
495,61.516000000008965
496,61.52000000000978
496,61.524000000010595
497,61.52800000001141
497,61.532000000012225
497,61.53600000001304
498,61.540000000013855
498,61.54400000001467
498,61.548000000015485
499,61.5520000000163
500,61.556000000017114
500,61.56000000001793
501,61.564000000018744
502,61.56800000001956
502,61.572000000020374
503,61.57600000002119
503,61.580000000022004
504,61.58400000002282
504,61.588000000023634
504,61.59200000002445
505,61.59600000002526
505,61.60000000002608
506,61.60400000002689
506,61.60800000002771
506,61.61200000002852
505,61.61600000002934
504,61.62000000003015
503,61.62400000003097
502,61.62800000003178
501,61.6320000000326
500,61.63600000003341
498,61.64000000003423
497,61.64400000003504
496,61.64800000003586
494,61.65200000003667
493,61.65600000003749
492,61.6600000000383
492,61.66400000003912
491,61.66800000003993
491,61.67200000004075
490,61.67600000004156
490,61.68000000004238
491,61.68400000004319
491,61.688000000044006
490,61.69200000004482
490,61.696000000045636
490,61.70000000004645
490,61.704000000047266
490,61.70799999999715
490,61.711999999997964
491,61.71599999999878
491,61.719999999999594
491,61.72400000000041
491,61.728000000001224
491,61.73200000000204
491,61.73600000000285
491,61.74000000000367
490,61.74400000000448
490,61.7480000000053
490,61.75200000000611
490,61.75600000000693
491,61.76000000000774
491,61.76400000000856
492,61.76800000000937
492,61.77200000001019
492,61.776000000011
492,61.78000000001182
492,61.78400000001263
492,61.78800000001345
491,61.79200000001426
492,61.79600000001508
492,61.80000000001589
492,61.80400000001671
492,61.80800000001752
492,61.81200000001834
492,61.81600000001915
491,61.82000000001997
491,61.82400000002078
490,61.828000000021596
490,61.83200000002241
490,61.836000000023226
491,61.84000000002404
491,61.844000000024856
491,61.84800000002567
490,61.852000000026486
490,61.8560000000273
489,61.860000000028116
489,61.86400000002893
489,61.868000000029745
490,61.87200000003056
492,61.876000000031375
492,61.88000000003219
492,61.884000000033005
492,61.88800000003382
491,61.892000000034635
491,61.89600000003545
491,61.900000000036265
492,61.90400000003708
493,61.908000000037894
493,61.91200000003871
493,61.916000000039524
493,61.92000000004034
493,61.924000000041154
493,61.92800000004197
492,61.932000000042784
492,61.9360000000436
491,61.940000000044414
491,61.94400000004523
491,61.948000000046044
491,61.95200000004686
491,61.95600000004767
491,61.963000000001806
490,61.96700000000262
490,61.971000000003436
490,61.97500000000425
490,61.979000000005065
491,61.98300000000588
491,61.987000000006695
491,61.99100000000751
490,61.995000000008325
489,61.99900000000914
489,62.003000000009955
491,62.00700000001077
495,62.011000000011585
504,62.0150000000124
516,62.019000000013214
528,62.02300000001403
536,62.027000000014844
536,62.03100000001566
525,62.035000000016474
509,62.03900000001729
491,62.043000000018104
479,62.04700000001892
475,62.051000000019734
478,62.05500000002055
483,62.05900000002136
488,62.06300000002218
490,62.06700000002299
491,62.07100000002381
491,62.07500000002462
491,62.07900000002544
491,62.08300000002625
491,62.08700000002707
491,62.09100000002788
491,62.0950000000287
491,62.09900000002951
491,62.10300000003033
492,62.10700000003114
492,62.11100000003196
492,62.11500000003277
492,62.11900000003359
492,62.1230000000344
492,62.12700000003522
493,62.13100000003603
493,62.13500000003685
493,62.13900000003766
493,62.14300000003848
493,62.14700000003929
493,62.151000000040106
492,62.15500000004092
493,62.159000000041736
493,62.16300000004255
494,62.167000000043366
494,62.17100000004418
494,62.175000000044996
494,62.17900000004581
494,62.183000000046626
495,62.18700000004744
496,62.191000000048255
497,62.19500000004907
499,62.199000000049885
500,62.2030000000507
500,62.207000000051515
501,62.21100000005233
501,62.21500000000221
501,62.21900000000303
501,62.22300000000384
502,62.22700000000466
502,62.23100000000547
503,62.23500000000629
503,62.2390000000071
503,62.24300000000792
504,62.24700000000873
504,62.25100000000955
504,62.25500000001036
504,62.25900000001118
504,62.26300000001199
504,62.26700000001281
504,62.27100000001362
503,62.27500000001444
502,62.27900000001525
501,62.28300000001607
500,62.28700000001688
499,62.291000000017696
498,62.29500000001851
496,62.299000000019326
495,62.30300000002014
494,62.307000000020956
493,62.31100000002177
492,62.315000000022586
491,62.3190000000234
491,62.323000000024216
491,62.32700000002503
491,62.331000000025846
490,62.33500000002666
490,62.339000000027475
489,62.34300000002829
489,62.347000000029105
489,62.35100000002992
489,62.355000000030735
490,62.35900000003155
490,62.363000000032365
490,62.36700000003318
490,62.371000000033995
490,62.37500000003481
490,62.379000000035624
490,62.38300000003644
490,62.387000000037254
490,62.39100000003807
490,62.395000000038884
490,62.3990000000397
490,62.403000000040514
490,62.40700000004133
491,62.411000000042144
491,62.41500000004296
491,62.41900000004377
491,62.42300000004459
491,62.4270000000454
491,62.43100000004622
491,62.43500000004703
491,62.43900000004785
491,62.44300000004866
491,62.44700000004948
491,62.45100000005029
491,62.45500000005111
491,62.45900000005192
491,62.46300000005274
491,62.46700000000262
491,62.471000000003436
491,62.47500000000425
491,62.479000000005065
491,62.48300000000588
491,62.487000000006695
491,62.49100000000751
491,62.495000000008325
491,62.49900000000914
491,62.503000000009955
491,62.50700000001077
491,62.511000000011585
491,62.5150000000124
491,62.519000000013214
491,62.52300000001403
492,62.527000000014844
492,62.53100000001566
492,62.535000000016474
492,62.53900000001729
492,62.543000000018104
492,62.54700000001892
492,62.551000000019734
492,62.55500000002055
492,62.55900000002136
492,62.56300000002218
492,62.56700000002299
491,62.57100000002381
491,62.57500000002462
490,62.57900000002544
490,62.58300000002625
490,62.58700000002707
490,62.59100000002788
490,62.5950000000287
491,62.59900000002951
491,62.60300000003033
491,62.60700000003114
491,62.61100000003196
491,62.61500000003277
491,62.61900000003359
490,62.6230000000344
489,62.62700000003522
489,62.63100000003603
490,62.63500000003685
495,62.63900000003766
504,62.64300000003848
517,62.64700000003929
531,62.651000000040106
539,62.65500000004092
539,62.659000000041736
527,62.66300000004255
510,62.667000000043366
492,62.67100000004418
479,62.675000000044996
475,62.67900000004581
478,62.683000000046626
484,62.68700000004744
489,62.691000000048255
491,62.69500000004907
492,62.699000000049885
491,62.7030000000507
491,62.707000000051515
491,62.71100000005233
491,62.715000000053145
491,62.71900000000303
491,62.72300000000384
491,62.72700000000466
491,62.73100000000547
491,62.73500000000629
491,62.7390000000071
491,62.74300000000792
492,62.74700000000873
492,62.75100000000955
492,62.75500000001036
493,62.75900000001118
493,62.76300000001199
493,62.76700000001281
493,62.77100000001362
493,62.77500000001444
494,62.77900000001525
494,62.78300000001607
494,62.78700000001688
494,62.791000000017696
495,62.79500000001851
495,62.799000000019326
495,62.80300000002014
496,62.807000000020956
496,62.81100000002177
496,62.815000000022586
497,62.8190000000234
497,62.823000000024216
498,62.82700000002503
498,62.831000000025846
499,62.83500000002666
500,62.839000000027475
500,62.84300000002829
501,62.847000000029105
502,62.85100000002992
502,62.855000000030735
503,62.85900000003155
503,62.863000000032365
504,62.86700000003318
504,62.871000000033995
505,62.87500000003481
505,62.879000000035624
505,62.88300000003644
506,62.887000000037254
506,62.89100000003807
506,62.895000000038884
505,62.8990000000397
504,62.903000000040514
503,62.90700000004133
502,62.911000000042144
501,62.91500000004296
499,62.91900000004377
498,62.92300000004459
496,62.9270000000454
495,62.93100000004622
494,62.93500000004703
493,62.93900000004785
492,62.94300000004866
492,62.94700000004948
491,62.95100000005029
491,62.95500000005111
491,62.95900000005192
490,62.96300000005274
490,62.96700000005355
490,62.97099999999616
490,62.974999999996975
490,62.97899999999779
490,62.982999999998604
490,62.98699999999942
490,62.991000000000234
491,62.99500000000105
491,62.999000000001864
491,63.00300000000268
491,63.007000000003494
491,63.01100000000431
491,63.015000000005124
491,63.01900000000594
491,63.02300000000675
491,63.02700000000757
491,63.03100000000838
491,63.0350000000092
491,63.03900000001001
492,63.04300000001083
492,63.04700000001164
492,63.05100000001246
492,63.05500000001327
492,63.05900000001409
492,63.0630000000149
492,63.06700000001572
492,63.07100000001653
492,63.07500000001735
492,63.07900000001816
492,63.08300000001898
492,63.08700000001979
492,63.09100000002061
492,63.09500000002142
492,63.09900000002224
491,63.10300000002305
491,63.10700000002387
491,63.11100000002468
491,63.115000000025496
491,63.11900000002631
491,63.123000000027126
492,63.12700000002794
492,63.131000000028756
492,63.13500000002957
491,63.139000000030386
491,63.1430000000312
491,63.147000000032016
491,63.15100000003283
491,63.155000000033645
491,63.15900000003446
492,63.163000000035275
492,63.16700000003609
492,63.171000000036905
492,63.17500000003772
492,63.179000000038535
492,63.18300000003935
492,63.187000000040165
492,63.19100000004098
492,63.195000000041794
492,63.19900000004261
493,63.203000000043424
493,63.20700000004424
493,63.211000000045054
494,63.21500000004587
494,63.219000000046684
494,63.22299999999657
493,63.22699999999738
492,63.2309999999982
492,63.23499999999901
491,63.23899999999983
491,63.24300000000064
491,63.24700000000146
491,63.25100000000227
491,63.255000000003086
491,63.2590000000039
491,63.263000000004716
491,63.26700000000553
491,63.271000000006346
491,63.27500000000716
492,63.279000000007976
492,63.28300000000879
492,63.287000000009606
491,63.29100000001042
490,63.295000000011235
490,63.29900000001205
494,63.303000000012865
502,63.30700000001368
513,63.311000000014495
527,63.31500000001531
538,63.319000000016125
541,63.32300000001694
533,63.327000000017755
518,63.33100000001857
499,63.335000000019384
485,63.3390000000202
478,63.343000000021014
479,63.34700000002183
484,63.351000000022644
489,63.35500000002346
492,63.359000000024274
493,63.36300000002509
493,63.367000000025904
492,63.37100000002672
492,63.37500000002753
492,63.37900000002835
492,63.38300000002916
492,63.38700000002998
492,63.39100000003079
492,63.39500000003161
493,63.39900000003242
493,63.40300000003324
493,63.40700000003405
493,63.41100000003487
493,63.41500000003568
493,63.4190000000365
493,63.42300000003731
493,63.42700000003813
493,63.43100000003894
494,63.43500000003976
494,63.43900000004057
494,63.44300000004139
495,63.4470000000422
495,63.45100000004302
495,63.45500000004383
495,63.45900000004465
496,63.46300000004546
496,63.467000000046276
496,63.47100000004709
497,63.474999999996975
497,63.47899999999779
498,63.482999999998604
498,63.48699999999942
499,63.491000000000234
499,63.49500000000105
500,63.499000000001864
500,63.50300000000268
501,63.507000000003494
502,63.51100000000431
503,63.515000000005124
504,63.51900000000594
504,63.52300000000675
505,63.52700000000757
506,63.53100000000838
506,63.5350000000092
506,63.53900000001001
507,63.54300000001083
507,63.54700000001164
507,63.55100000001246
508,63.55500000001327
508,63.55900000001409
508,63.5630000000149
507,63.56700000001572
506,63.57100000001653
505,63.57500000001735
503,63.57900000001816
501,63.58300000001898
499,63.58700000001979
498,63.59100000002061
496,63.59500000002142
495,63.59900000002224
494,63.60300000002305
494,63.60700000002387
493,63.61100000002468
492,63.615000000025496
492,63.61900000002631
492,63.623000000027126
491,63.62700000002794
491,63.631000000028756
491,63.63500000002957
491,63.639000000030386
491,63.6430000000312
491,63.647000000032016
491,63.65100000003283
491,63.655000000033645
491,63.65900000003446
491,63.663000000035275
491,63.66700000003609
491,63.671000000036905
491,63.67500000003772
491,63.679000000038535
491,63.68300000003935
491,63.687000000040165
492,63.69100000004098
492,63.695000000041794
492,63.69900000004261
492,63.703000000043424
492,63.70700000004424
492,63.711000000045054
492,63.71500000004587
492,63.719000000046684
492,63.7230000000475
492,63.72699999999738
492,63.7309999999982
492,63.73499999999901
492,63.73899999999983
492,63.74300000000064
492,63.74700000000146
492,63.75100000000227
492,63.755000000003086
492,63.7590000000039
492,63.763000000004716
492,63.76700000000553
492,63.771000000006346
492,63.77500000000716
492,63.779000000007976
492,63.78300000000879
492,63.787000000009606
492,63.79100000001042
492,63.795000000011235
492,63.79900000001205
492,63.803000000012865
492,63.80700000001368
492,63.811000000014495
492,63.81500000001531
492,63.819000000016125
492,63.82300000001694
492,63.827000000017755
492,63.83100000001857
492,63.835000000019384
492,63.8390000000202
493,63.843000000021014
493,63.84700000002183
492,63.851000000022644
492,63.85500000002346
493,63.859000000024274
493,63.86300000002509
494,63.867000000025904
494,63.87100000002672
494,63.87500000002753
494,63.87900000002835
493,63.88300000002916
493,63.88700000002998
492,63.89100000003079
492,63.89500000003161
492,63.89900000003242
491,63.90300000003324
491,63.90700000003405
491,63.91100000003487
491,63.91500000003568
491,63.9190000000365
492,63.92300000003731
492,63.92700000003813
492,63.93100000003894
492,63.93500000003976
492,63.93900000004057
492,63.94300000004139
490,63.9470000000422
489,63.95100000004302
489,63.95500000004383
493,63.95900000004465
501,63.96300000004546
513,63.967000000046276
528,63.97100000004709
539,63.975000000047906
542,63.978000000001224
534,63.98200000000204
517,63.98600000000285
499,63.99000000000367
484,63.99400000000448
478,63.9980000000053
479,64.00200000000612
485,64.00600000000694
490,64.01000000000775
493,64.01400000000856
493,64.01800000000938
493,64.0220000000102
492,64.02600000001101
492,64.03000000001182
492,64.03400000001264
492,64.03800000001345
492,64.04200000001427
493,64.04600000001508
493,64.0500000000159
493,64.05400000001671
493,64.05800000001753
493,64.06200000001834
493,64.06600000001916
493,64.07000000001997
494,64.07400000002079
494,64.0780000000216
494,64.08200000002242
495,64.08600000002323
495,64.09000000002405
495,64.09400000002486
495,64.09800000002568
495,64.1020000000265
495,64.10600000002731
496,64.11000000002812
496,64.11400000002894
496,64.11800000002975
497,64.12200000003057
497,64.12600000003138
498,64.1300000000322
498,64.13400000003301
498,64.13800000003383
499,64.14200000003464
499,64.14600000003546
500,64.15000000003627
500,64.15400000003709
501,64.1580000000379
502,64.16200000003872
503,64.16600000003953
504,64.17000000004035
504,64.17400000004116
505,64.17800000004198
505,64.18200000004279
506,64.1860000000436
506,64.19000000004442
507,64.19400000004524
508,64.19800000004605
508,64.20200000004687
509,64.20600000004768
509,64.2100000000485
509,64.21400000004931
508,64.21800000005013
508,64.22200000005094
507,64.22600000005176
505,64.23000000000164
504,64.23400000000245
502,64.23800000000327
501,64.24200000000408
499,64.2460000000049
498,64.25000000000571
496,64.25400000000653
495,64.25800000000734
494,64.26200000000816
493,64.26600000000897
493,64.27000000000979
492,64.2740000000106
492,64.27800000001142
492,64.28200000001223
492,64.28600000001305
492,64.29000000001386
492,64.29400000001468
492,64.29800000001549
492,64.3020000000163
492,64.30600000001712
492,64.31000000001794
492,64.31400000001875
492,64.31800000001957
492,64.32200000002038
493,64.3260000000212
493,64.33000000002201
492,64.33400000002283
492,64.33800000002364
492,64.34200000002446
492,64.34600000002527
492,64.35000000002609
492,64.3540000000269
493,64.35800000002772
493,64.36200000002853
493,64.36600000002935
493,64.37000000003016
493,64.37400000003097
493,64.37800000003179
493,64.3820000000326
493,64.38600000003342
493,64.39000000003423
493,64.39400000003505
493,64.39800000003586
493,64.40200000003668
493,64.4060000000375
493,64.41000000003831
493,64.41400000003912
493,64.41800000003994
493,64.42200000004075
493,64.42600000004157
493,64.43000000004238
493,64.4340000000432
493,64.43800000004401
493,64.44200000004483
493,64.44600000004564
493,64.45000000004646
493,64.45400000004727
492,64.45800000004809
492,64.4620000000489
492,64.46600000004972
492,64.47000000005053
492,64.47400000005135
492,64.47800000005216
493,64.48200000000205
493,64.48600000000286
493,64.49000000000368
493,64.49400000000449
493,64.4980000000053
493,64.50200000000612
493,64.50600000000694
493,64.51000000000775
493,64.51400000000856
493,64.51800000000938
493,64.5220000000102
494,64.52600000001101
494,64.53000000001182
495,64.53400000001264
495,64.53800000001345
495,64.54200000001427
494,64.54600000001508
493,64.5500000000159
493,64.55400000001671
493,64.55800000001753
492,64.56200000001834
492,64.56600000001916
492,64.57000000001997
492,64.57400000002079
492,64.5780000000216
492,64.58200000002242
492,64.58600000002323
492,64.59000000002405
492,64.59400000002486
492,64.59800000002568
493,64.6020000000265
493,64.60600000002731
492,64.61000000002812
490,64.61400000002894
489,64.61800000002975
490,64.62200000003057
494,64.62600000003138
503,64.6300000000322
516,64.63400000003301
531,64.63800000003383
541,64.64200000003464
542,64.64600000003546
532,64.65000000003627
514,64.65400000003709
495,64.6580000000379
482,64.66200000003872
477,64.66600000003953
479,64.67000000004035
485,64.67400000004116
490,64.67800000004198
492,64.68200000004279
493,64.6860000000436
492,64.69000000004442
492,64.69400000004524
492,64.69800000004605
491,64.70200000004687
491,64.70600000004768
491,64.7100000000485
491,64.71400000004931
492,64.71800000005013
492,64.72200000005094
492,64.72600000005176
493,64.73000000005257
493,64.73400000000245
493,64.73800000000327
493,64.74200000000408
493,64.7460000000049
493,64.75000000000571
493,64.75400000000653
493,64.75800000000734
494,64.76200000000816
494,64.76600000000897
494,64.77000000000979
494,64.7740000000106
494,64.77800000001142
495,64.78200000001223
495,64.78600000001305
495,64.79000000001386
496,64.79400000001468
496,64.79800000001549
497,64.8020000000163
497,64.80600000001712
498,64.81000000001794
498,64.81400000001875
499,64.81800000001957
499,64.82200000002038
500,64.8260000000212
500,64.83000000002201
501,64.83400000002283
502,64.83800000002364
503,64.84200000002446
504,64.84600000002527
504,64.85000000002609
505,64.8540000000269
505,64.85800000002772
505,64.86200000002853
506,64.86600000002935
506,64.87000000003016
506,64.87400000003097
507,64.87800000003179
508,64.8820000000326
507,64.88600000003342
507,64.89000000003423
506,64.89400000003505
504,64.89800000003586
502,64.90200000003668
501,64.9060000000375
499,64.91000000003831
497,64.91400000003912
496,64.91800000003994
495,64.92200000004075
494,64.92600000004157
493,64.93000000004238
492,64.9340000000432
492,64.93800000004401
491,64.94200000004483
490,64.94600000004564
490,64.95000000004646
490,64.95400000004727
490,64.95800000004809
490,64.9620000000489
490,64.96600000004972
490,64.97000000005053
490,64.97400000005135
490,64.97800000005216
490,64.98200000005298
490,64.98699999999943
490,64.99100000000024
490,64.99500000000106
490,64.99900000000187
490,65.00300000000269
490,65.0070000000035
491,65.01100000000432
491,65.01500000000513
491,65.01900000000595
490,65.02300000000676
490,65.02700000000758
491,65.03100000000839
491,65.0350000000092
491,65.03900000001002
491,65.04300000001084
491,65.04700000001165
491,65.05100000001246
491,65.05500000001328
491,65.0590000000141
491,65.06300000001491
491,65.06700000001572
491,65.07100000001654
490,65.07500000001735
491,65.07900000001817
491,65.08300000001898
491,65.0870000000198
491,65.09100000002061
491,65.09500000002143
491,65.09900000002224
491,65.10300000002306
490,65.10700000002387
490,65.11100000002469
490,65.1150000000255
491,65.11900000002632
491,65.12300000002713
491,65.12700000002795
491,65.13100000002876
491,65.13500000002958
490,65.13900000003039
490,65.14300000003121
490,65.14700000003202
490,65.15100000003284
491,65.15500000003365
491,65.15900000003447
491,65.16300000003528
491,65.1670000000361
492,65.17100000003691
492,65.17500000003773
492,65.17900000003854
492,65.18300000003936
492,65.18700000004017
492,65.19100000004099
492,65.1950000000418
493,65.19900000004262
492,65.20300000004343
492,65.20700000004425
491,65.21100000004506
491,65.21500000004588
490,65.21900000004669
490,65.2230000000475
490,65.22700000004832
490,65.23100000004914
490,65.23500000004995
490,65.23899999999983
490,65.24300000000065
490,65.24700000000146
491,65.25100000000228
491,65.2550000000031
491,65.25900000000391
491,65.26300000000472
490,65.26700000000554
489,65.27100000000635
488,65.27500000000717
489,65.27900000000798
494,65.2830000000088
503,65.28700000000961
516,65.29100000001043
530,65.29500000001124
539,65.29900000001206
539,65.30300000001287
529,65.30700000001369
511,65.3110000000145
492,65.31500000001532
480,65.31900000001613
476,65.32300000001695
478,65.32700000001776
484,65.33100000001858
489,65.33500000001939
491,65.3390000000202
491,65.34300000002102
491,65.34700000002184
491,65.35100000002265
490,65.35500000002347
490,65.35900000002428
490,65.3630000000251
490,65.36700000002591
491,65.37100000002673
491,65.37500000002754
491,65.37900000002836
491,65.38300000002917
491,65.38700000002999
492,65.3910000000308
492,65.39500000003162
492,65.39900000003243
493,65.40300000003324
493,65.40700000003406
493,65.41100000003487
493,65.41500000003569
493,65.4190000000365
493,65.42300000003732
493,65.42700000003813
493,65.43100000003895
494,65.43500000003976
494,65.43900000004058
495,65.4430000000414
495,65.44700000004221
496,65.45100000004302
496,65.45500000004384
496,65.45900000004465
496,65.46300000004547
497,65.46700000004628
497,65.4710000000471
498,65.47500000004791
498,65.47900000004873
499,65.48300000004954
500,65.48700000005036
501,65.49100000000024
502,65.49500000000106
502,65.49900000000187
502,65.50300000000269
503,65.5070000000035
503,65.51100000000432
504,65.51500000000513
504,65.51900000000595
505,65.52300000000676
505,65.52700000000758
505,65.53100000000839
505,65.5350000000092
505,65.53900000001002
505,65.54300000001084
504,65.54700000001165
503,65.55100000001246
502,65.55500000001328
501,65.5590000000141
500,65.56300000001491
499,65.56700000001572
497,65.57100000001654
496,65.57500000001735
494,65.57900000001817
493,65.58300000001898
492,65.5870000000198
492,65.59100000002061
491,65.59500000002143
491,65.59900000002224
491,65.60300000002306
491,65.60700000002387
490,65.61100000002469
490,65.6150000000255
490,65.61900000002632
490,65.62300000002713
490,65.62700000002795
490,65.63100000002876
489,65.63500000002958
489,65.63900000003039
489,65.64300000003121
490,65.64700000003202
490,65.65100000003284
491,65.65500000003365
491,65.65900000003447
491,65.66300000003528
491,65.6670000000361
491,65.67100000003691
491,65.67500000003773
491,65.67900000003854
491,65.68300000003936
491,65.68700000004017
492,65.69100000004099
491,65.6950000000418
491,65.69900000004262
491,65.70300000004343
491,65.70700000004425
491,65.71100000004506
491,65.71500000004588
491,65.71900000004669
491,65.7230000000475
491,65.72700000004832
491,65.73100000004914
491,65.73500000004995
491,65.73900000005077
491,65.74300000000065
491,65.74700000000146
491,65.75100000000228
491,65.7550000000031
491,65.75900000000391
491,65.76300000000472
491,65.76700000000554
491,65.77100000000635
491,65.77500000000717
491,65.77900000000798
491,65.7830000000088
491,65.78700000000961
491,65.79100000001043
491,65.79500000001124
491,65.79900000001206
491,65.80300000001287
491,65.80700000001369
491,65.8110000000145
492,65.81500000001532
492,65.81900000001613
493,65.82300000001695
493,65.82700000001776
492,65.83100000001858
492,65.83500000001939
492,65.8390000000202
492,65.84300000002102
492,65.84700000002184
491,65.85100000002265
491,65.85500000002347
491,65.85900000002428
490,65.8630000000251
490,65.86700000002591
490,65.87100000002673
490,65.87500000002754
490,65.87900000002836
490,65.88300000002917
491,65.88700000002999
491,65.8910000000308
491,65.89500000003162
491,65.89900000003243
491,65.90300000003324
490,65.90700000003406
489,65.91100000003487
488,65.91500000003569
489,65.9190000000365
493,65.92300000003732
501,65.92700000003813
513,65.93100000003895
526,65.93500000003976
536,65.93900000004058
537,65.9430000000414
529,65.94700000004221
513,65.95100000004302
495,65.95500000004384
481,65.95900000004465
475,65.96300000004547
477,65.96700000004628
482,65.9710000000471
487,65.97500000004791
490,65.97900000004873
491,65.98300000004954
491,65.98700000005036
491,65.99100000005117
491,65.99500000000106
491,65.99900000000187
491,66.00300000000269
491,66.0070000000035
491,66.01100000000432
491,66.01500000000513
491,66.01900000000595
491,66.02300000000676
491,66.02700000000758
491,66.03100000000839
492,66.0350000000092
492,66.03900000001002
493,66.04300000001084
493,66.04700000001165
494,66.05100000001246
493,66.05500000001328
493,66.0590000000141
493,66.06300000001491
493,66.06700000001572
493,66.07100000001654
494,66.07500000001735
494,66.07900000001817
495,66.08300000001898
495,66.0870000000198
495,66.09100000002061
496,66.09500000002143
496,66.09900000002224
496,66.10300000002306
497,66.10700000002387
497,66.11100000002469
498,66.1150000000255
499,66.11900000002632
500,66.12300000002713
500,66.12700000002795
501,66.13100000002876
501,66.13500000002958
502,66.13900000003039
502,66.14300000003121
502,66.14700000003202
503,66.15100000003284
503,66.15500000003365
503,66.15900000003447
504,66.16300000003528
504,66.1670000000361
505,66.17100000003691
505,66.17500000003773
505,66.17900000003854
504,66.18300000003936
504,66.18700000004017
503,66.19100000004099
502,66.1950000000418
501,66.19900000004262
499,66.20300000004343
498,66.20700000004425
496,66.21100000004506
495,66.21500000004588
494,66.21900000004669
493,66.2230000000475
492,66.22700000004832
492,66.23100000004914
491,66.23500000004995
491,66.23900000005077
491,66.24300000005158
491,66.24700000000146
491,66.25100000000228
491,66.2550000000031
490,66.25900000000391
490,66.26300000000472
490,66.26700000000554
490,66.27100000000635
490,66.27500000000717
490,66.27900000000798
490,66.2830000000088
490,66.28700000000961
490,66.29100000001043
490,66.29500000001124
490,66.29900000001206
490,66.30300000001287
491,66.30700000001369
491,66.3110000000145
491,66.31500000001532
491,66.31900000001613
491,66.32300000001695
491,66.32700000001776
491,66.33100000001858
491,66.33500000001939
491,66.3390000000202
491,66.34300000002102
491,66.34700000002184
492,66.35100000002265
491,66.35500000002347
491,66.35900000002428
491,66.3630000000251
491,66.36700000002591
491,66.37100000002673
491,66.37500000002754
491,66.37900000002836
490,66.38300000002917
490,66.38700000002999
490,66.3910000000308
491,66.39500000003162
491,66.39900000003243
491,66.40300000003324
491,66.40700000003406
491,66.41100000003487
491,66.41500000003569
491,66.4190000000365
491,66.42300000003732
491,66.42700000003813
491,66.43100000003895
492,66.43500000003976
492,66.43900000004058
492,66.4430000000414
492,66.44700000004221
492,66.45100000004302
492,66.45500000004384
492,66.45900000004465
492,66.46300000004547
492,66.46700000004628
492,66.4710000000471
492,66.47500000004791
492,66.47900000004873
492,66.48300000004954
491,66.48700000005036
491,66.49100000005117
490,66.49500000005199
490,66.49900000000187
490,66.50300000000269
490,66.5070000000035
490,66.51100000000432
490,66.51500000000513
490,66.51900000000595
490,66.52300000000676
490,66.52700000000758
490,66.53100000000839
490,66.5350000000092
490,66.53900000001002
490,66.54300000001084
489,66.54700000001165
489,66.55100000001246
489,66.55500000001328
491,66.5590000000141
497,66.56300000001491
507,66.56700000001572
520,66.57100000001654
532,66.57500000001735
538,66.57900000001817
534,66.58300000001898
521,66.5870000000198
503,66.59100000002061
486,66.59500000002143
477,66.59900000002224
475,66.60300000002306
479,66.60700000002387
485,66.61100000002469
489,66.6150000000255
491,66.61900000002632
491,66.62300000002713
491,66.62700000002795
491,66.63100000002876
491,66.63500000002958
491,66.63900000003039
491,66.64300000003121
491,66.64700000003202
491,66.65100000003284
491,66.65500000003365
491,66.65900000003447
492,66.66300000003528
492,66.6670000000361
492,66.67100000003691
492,66.67500000003773
492,66.67900000003854
492,66.68300000003936
493,66.68700000004017
493,66.69100000004099
493,66.6950000000418
493,66.69900000004262
493,66.70300000004343
494,66.70700000004425
494,66.71100000004506
494,66.71500000004588
495,66.71900000004669
495,66.7230000000475
496,66.72700000004832
496,66.73100000004914
496,66.73500000004995
496,66.73900000005077
497,66.74300000005158
497,66.7470000000524
497,66.75100000000228
498,66.7550000000031
499,66.75900000000391
500,66.76300000000472
501,66.76700000000554
501,66.77100000000635
502,66.77500000000717
502,66.77900000000798
503,66.7830000000088
503,66.78700000000961
503,66.79100000001043
504,66.79500000001124
504,66.79900000001206
505,66.80300000001287
505,66.80700000001369
505,66.8110000000145
505,66.81500000001532
505,66.81900000001613
504,66.82300000001695
503,66.82700000001776
502,66.83100000001858
501,66.83500000001939
500,66.8390000000202
499,66.84300000002102
498,66.84700000002184
496,66.85100000002265
495,66.85500000002347
494,66.85900000002428
493,66.8630000000251
492,66.86700000002591
491,66.87100000002673
491,66.87500000002754
491,66.87900000002836
491,66.88300000002917
491,66.88700000002999
491,66.8910000000308
491,66.89500000003162
491,66.89900000003243
490,66.90300000003324
490,66.90700000003406
490,66.91100000003487
490,66.91500000003569
490,66.9190000000365
491,66.92300000003732
491,66.92700000003813
491,66.93100000003895
491,66.93500000003976
491,66.93900000004058
491,66.9430000000414
491,66.94700000004221
491,66.95100000004302
491,66.95500000004384
491,66.95900000004465
491,66.96300000004547
491,66.96700000004628
492,66.9710000000471
492,66.97500000004791
492,66.97900000004873
492,66.98300000004954
492,66.98700000005036
491,66.99100000005117
491,66.99500000005199
491,66.9990000000528
492,67.00199999999884
492,67.00599999999966
492,67.01000000000047
492,67.01400000000129
492,67.0180000000021
491,67.02200000000292
491,67.02600000000373
491,67.03000000000455
491,67.03400000000536
491,67.03800000000618
491,67.042000000007
492,67.04600000000781
492,67.05000000000862
492,67.05400000000944
491,67.05800000001025
491,67.06200000001107
491,67.06600000001188
491,67.0700000000127
491,67.07400000001351
491,67.07800000001433
492,67.08200000001514
492,67.08600000001596
492,67.09000000001677
492,67.09400000001759
492,67.0980000000184
492,67.10200000001922
492,67.10600000002003
492,67.11000000002085
492,67.11400000002166
492,67.11800000002248
492,67.12200000002329
493,67.1260000000241
493,67.13000000002492
493,67.13400000002574
492,67.13800000002655
491,67.14200000002737
491,67.14600000002818
490,67.150000000029
490,67.15400000002981
490,67.15800000003063
490,67.16200000003144
491,67.16600000003226
491,67.17000000003307
491,67.17400000003389
491,67.1780000000347
491,67.18200000003552
491,67.18600000003633
491,67.19000000003714
491,67.19400000003796
491,67.19800000003877
490,67.20200000003959
489,67.2060000000404
489,67.21000000004122
491,67.21400000004203
498,67.21800000004285
508,67.22200000004366
522,67.22600000004448
534,67.2300000000453
540,67.23400000004611
537,67.23800000004692
523,67.24200000004774
505,67.24600000004855
488,67.25000000004937
479,67.25399999999925
477,67.25800000000007
481,67.26200000000088
486,67.2660000000017
490,67.27000000000251
492,67.27400000000333
492,67.27800000000414
492,67.28200000000496
491,67.28600000000577
491,67.29000000000659
491,67.2940000000074
491,67.29800000000822
491,67.30200000000903
491,67.30600000000985
492,67.31000000001066
492,67.31400000001148
492,67.31800000001229
492,67.3220000000131
493,67.32600000001392
493,67.33000000001473
493,67.33400000001555
493,67.33800000001636
493,67.34200000001718
493,67.346000000018
493,67.35000000001881
493,67.35400000001962
494,67.35800000002044
494,67.36200000002125
494,67.36600000002207
495,67.37000000002288
495,67.3740000000237
495,67.37800000002451
496,67.38200000002533
496,67.38600000002614
496,67.39000000002696
497,67.39400000002777
497,67.39800000002859
498,67.4020000000294
499,67.40600000003022
499,67.41000000003103
500,67.41400000003185
501,67.41800000003266
501,67.42200000003348
502,67.42600000003429
502,67.43000000003511
503,67.43400000003592
504,67.43800000003674
504,67.44200000003755
505,67.44600000003837
506,67.45000000003918
506,67.45400000004
506,67.45800000004081
506,67.46200000004163
506,67.46600000004244
506,67.47000000004326
506,67.47400000004407
506,67.47800000004489
505,67.4820000000457
504,67.48600000004652
503,67.49000000004733
501,67.49400000004815
499,67.49800000004896
497,67.50200000004978
496,67.50599999999966
495,67.51000000000047
494,67.51400000000129
493,67.5180000000021
493,67.52200000000292
492,67.52600000000373
492,67.53000000000455
492,67.53400000000536
491,67.53800000000618
491,67.542000000007
491,67.54600000000781
490,67.55000000000862
490,67.55400000000944
490,67.55800000001025
491,67.56200000001107
491,67.56600000001188
491,67.5700000000127
491,67.57400000001351
491,67.57800000001433
491,67.58200000001514
491,67.58600000001596
491,67.59000000001677
491,67.59400000001759
491,67.5980000000184
491,67.60200000001922
491,67.60600000002003
491,67.61000000002085
492,67.61400000002166
491,67.61800000002248
491,67.62200000002329
491,67.6260000000241
492,67.63000000002492
492,67.63400000002574
492,67.63800000002655
492,67.64200000002737
492,67.64600000002818
492,67.650000000029
492,67.65400000002981
491,67.65800000003063
491,67.66200000003144
491,67.66600000003226
491,67.67000000003307
492,67.67400000003389
492,67.6780000000347
492,67.68200000003552
492,67.68600000003633
492,67.69000000003714
492,67.69400000003796
492,67.69800000003877
491,67.70200000003959
491,67.7060000000404
491,67.71000000004122
491,67.71400000004203
491,67.71800000004285
491,67.72200000004366
492,67.72600000004448
492,67.7300000000453
492,67.73400000004611
492,67.73800000004692
492,67.74200000004774
492,67.74600000004855
492,67.75000000004937
492,67.75400000005018
492,67.75800000000007
492,67.76200000000088
492,67.7660000000017
492,67.77000000000251
492,67.77400000000333
493,67.77800000000414
493,67.78200000000496
493,67.78600000000577
493,67.79000000000659
493,67.7940000000074
492,67.79800000000822
492,67.80200000000903
491,67.80600000000985
491,67.81000000001066
491,67.81400000001148
491,67.81800000001229
491,67.8220000000131
491,67.82600000001392
491,67.83000000001473
491,67.83400000001555
491,67.83800000001636
491,67.84200000001718
492,67.846000000018
492,67.85000000001881
491,67.85400000001962
491,67.85800000002044
489,67.86200000002125
488,67.86600000002207
489,67.87000000002288
494,67.8740000000237
503,67.87800000002451
515,67.88200000002533
529,67.88600000002614
538,67.89000000002696
539,67.89400000002777
529,67.89800000002859
512,67.9020000000294
495,67.90600000003022
482,67.91000000003103
477,67.91400000003185
480,67.91800000003266
485,67.92200000003348
490,67.92600000003429
492,67.93000000003511
493,67.93400000003592
492,67.93800000003674
492,67.94200000003755
491,67.94600000003837
491,67.95000000003918
491,67.95400000004
492,67.95800000004081
492,67.96200000004163
492,67.96600000004244
492,67.97000000004326
492,67.97400000004407
492,67.97800000004489
492,67.9820000000457
492,67.98600000004652
492,67.99000000004733
493,67.99400000004815
493,67.99800000004896
494,68.00200000004978
494,68.00600000005059
494,68.01099999999704
494,68.01499999999785
495,68.01899999999867
495,68.02299999999948
495,68.0270000000003
495,68.03100000000111
495,68.03500000000193
496,68.03900000000274
496,68.04300000000356
497,68.04700000000437
497,68.05100000000519
498,68.055000000006
498,68.05900000000682
498,68.06300000000763
499,68.06700000000845
500,68.07100000000926
500,68.07500000001008
501,68.0790000000109
502,68.08300000001171
503,68.08700000001252
504,68.09100000001334
504,68.09500000001415
505,68.09900000001497
505,68.10300000001578
506,68.1070000000166
506,68.11100000001741
507,68.11500000001823
507,68.11900000001904
508,68.12300000001986
508,68.12700000002067
508,68.13100000002149
507,68.1350000000223
507,68.13900000002312
505,68.14300000002393
504,68.14700000002475
502,68.15100000002556
501,68.15500000002638
499,68.15900000002719
497,68.163000000028
496,68.16700000002882
495,68.17100000002964
494,68.17500000003045
493,68.17900000003127
493,68.18300000003208
492,68.1870000000329
491,68.19100000003371
491,68.19500000003453
491,68.19900000003534
491,68.20300000003616
491,68.20700000003697
492,68.21100000003779
492,68.2150000000386
492,68.21900000003941
491,68.22300000004023
491,68.22700000004104
491,68.23100000004186
491,68.23500000004267
491,68.23900000004349
492,68.2430000000443
492,68.24700000004512
492,68.25100000004593
492,68.25500000004675
492,68.25900000004756
492,68.26299999999745
492,68.26699999999826
492,68.27099999999908
492,68.27499999999989
492,68.2790000000007
492,68.28300000000152
492,68.28700000000234
492,68.29100000000315
492,68.29500000000397
492,68.29900000000478
492,68.3030000000056
492,68.30700000000641
492,68.31100000000723
492,68.31500000000804
492,68.31900000000886
492,68.32300000000967
492,68.32700000001049
492,68.3310000000113
492,68.33500000001212
492,68.33900000001293
492,68.34300000001375
492,68.34700000001456
492,68.35100000001538
492,68.35500000001619
492,68.359000000017
492,68.36300000001782
492,68.36700000001863
492,68.37100000001945
492,68.37500000002026
492,68.37900000002108
492,68.3830000000219
492,68.38700000002271
492,68.39100000002352
493,68.39500000002434
493,68.39900000002515
493,68.40300000002597
493,68.40700000002678
493,68.4110000000276
493,68.41500000002841
493,68.41900000002923
493,68.42300000003004
493,68.42700000003086
494,68.43100000003167
494,68.43500000003249
495,68.4390000000333
495,68.44300000003412
494,68.44700000003493
494,68.45100000003575
493,68.45500000003656
492,68.45900000003738
492,68.46300000003819
492,68.46700000003901
492,68.47100000003982
492,68.47500000004064
492,68.47900000004145
492,68.48300000004227
492,68.48700000004308
492,68.4910000000439
492,68.49500000004471
493,68.49900000004553
493,68.50300000004634
492,68.50700000004716
491,68.51100000004797
490,68.51499999999785
490,68.51899999999867
493,68.52299999999948
501,68.5270000000003
512,68.53100000000111
526,68.53500000000193
538,68.53900000000274
542,68.54300000000356
535,68.54700000000437
519,68.55100000000519
501,68.555000000006
486,68.55900000000682
479,68.56300000000763
479,68.56700000000845
485,68.57100000000926
490,68.57500000001008
493,68.5790000000109
494,68.58300000001171
493,68.58700000001252
493,68.59100000001334
493,68.59500000001415
493,68.59900000001497
493,68.60300000001578
493,68.6070000000166
493,68.61100000001741
493,68.61500000001823
493,68.61900000001904
493,68.62300000001986
493,68.62700000002067
494,68.63100000002149
494,68.6350000000223
494,68.63900000002312
494,68.64300000002393
494,68.64700000002475
494,68.65100000002556
495,68.65500000002638
495,68.65900000002719
495,68.663000000028
495,68.66700000002882
496,68.67100000002964
496,68.67500000003045
496,68.67900000003127
497,68.68300000003208
497,68.6870000000329
497,68.69100000003371
498,68.69500000003453
498,68.69900000003534
498,68.70300000003616
499,68.70700000003697
499,68.71100000003779
500,68.7150000000386
500,68.71900000003941
501,68.72300000004023
502,68.72700000004104
503,68.73100000004186
503,68.73500000004267
504,68.73900000004349
504,68.7430000000443
504,68.74700000004512
505,68.75100000004593
505,68.75500000004675
506,68.75900000004756
507,68.76300000004838
507,68.76699999999826
508,68.77099999999908
508,68.77499999999989
508,68.7790000000007
507,68.78300000000152
507,68.78700000000234
506,68.79100000000315
505,68.79500000000397
503,68.79900000000478
502,68.8030000000056
500,68.80700000000641
499,68.81100000000723
497,68.81500000000804
496,68.81900000000886
495,68.82300000000967
494,68.82700000001049
493,68.8310000000113
492,68.83500000001212
492,68.83900000001293
491,68.84300000001375
491,68.84700000001456
491,68.85100000001538
491,68.85500000001619
491,68.859000000017
491,68.86300000001782
491,68.86700000001863
491,68.87100000001945
491,68.87500000002026
491,68.87900000002108
491,68.8830000000219
491,68.88700000002271
491,68.89100000002352
491,68.89500000002434
491,68.89900000002515
491,68.90300000002597
491,68.90700000002678
491,68.9110000000276
491,68.91500000002841
491,68.91900000002923
492,68.92300000003004
492,68.92700000003086
492,68.93100000003167
491,68.93500000003249
491,68.9390000000333
491,68.94300000003412
491,68.94700000003493
491,68.95100000003575
491,68.95500000003656
491,68.95900000003738
491,68.96300000003819
492,68.96700000003901
492,68.97100000003982
491,68.97500000004064
491,68.97900000004145
491,68.98300000004227
490,68.98700000004308
490,68.9910000000439
490,68.99500000004471
491,68.99900000004553
491,69.00300000004634
491,69.00700000004716
491,69.01100000004797
491,69.01500000004879
491,69.01899999999867
491,69.02299999999948
491,69.0270000000003
491,69.03100000000111
491,69.03500000000193
491,69.03900000000274
491,69.04300000000356
491,69.04700000000437
491,69.05100000000519
491,69.055000000006
491,69.05900000000682
491,69.06300000000763
491,69.06700000000845
492,69.07100000000926
492,69.07500000001008
493,69.0790000000109
493,69.08300000001171
493,69.08700000001252
493,69.09100000001334
492,69.09500000001415
491,69.09900000001497
491,69.10300000001578
490,69.1070000000166
490,69.11100000001741
489,69.11500000001823
489,69.11900000001904
490,69.12300000001986
490,69.12700000002067
490,69.13100000002149
491,69.1350000000223
491,69.13900000002312
491,69.14300000002393
491,69.14700000002475
491,69.15100000002556
490,69.15500000002638
489,69.15900000002719
489,69.163000000028
489,69.16700000002882
492,69.17100000002964
500,69.17500000003045
512,69.17900000003127
527,69.18300000003208
538,69.1870000000329
540,69.19100000003371
532,69.19500000003453
516,69.19900000003534
497,69.20300000003616
482,69.20700000003697
476,69.21100000003779
477,69.2150000000386
483,69.21900000003941
488,69.22300000004023
490,69.22700000004104
491,69.23100000004186
491,69.23500000004267
490,69.23900000004349
490,69.2430000000443
491,69.24700000004512
491,69.25100000004593
491,69.25500000004675
491,69.25900000004756
491,69.26300000004838
491,69.2670000000492
491,69.27099999999908
491,69.27499999999989
491,69.2790000000007
492,69.28300000000152
492,69.28700000000234
492,69.29100000000315
493,69.29500000000397
493,69.29900000000478
493,69.3030000000056
493,69.30700000000641
493,69.31100000000723
494,69.31500000000804
494,69.31900000000886
494,69.32300000000967
495,69.32700000001049
495,69.3310000000113
495,69.33500000001212
495,69.33900000001293
496,69.34300000001375
496,69.34700000001456
496,69.35100000001538
497,69.35500000001619
497,69.359000000017
498,69.36300000001782
499,69.36700000001863
499,69.37100000001945
500,69.37500000002026
501,69.37900000002108
502,69.3830000000219
502,69.38700000002271
502,69.39100000002352
503,69.39500000002434
504,69.39900000002515
504,69.40300000002597
505,69.40700000002678
505,69.4110000000276
505,69.41500000002841
506,69.41900000002923
506,69.42300000003004
505,69.42700000003086
505,69.43100000003167
505,69.43500000003249
504,69.4390000000333
503,69.44300000003412
501,69.44700000003493
500,69.45100000003575
498,69.45500000003656
497,69.45900000003738
495,69.46300000003819
494,69.46700000003901
493,69.47100000003982
492,69.47500000004064
491,69.47900000004145
491,69.48300000004227
490,69.48700000004308
490,69.4910000000439
490,69.49500000004471
490,69.49900000004553
490,69.50300000004634
490,69.50700000004716
490,69.51100000004797
490,69.51500000004879
490,69.5190000000496
490,69.52299999999948
490,69.5270000000003
490,69.53100000000111
490,69.53500000000193
490,69.53900000000274
490,69.54300000000356
490,69.54700000000437
490,69.55100000000519
490,69.555000000006
490,69.55900000000682
490,69.56300000000763
491,69.56700000000845
491,69.57100000000926
491,69.57500000001008
491,69.5790000000109
491,69.58300000001171
491,69.58700000001252
491,69.59100000001334
491,69.59500000001415
491,69.59900000001497
491,69.60300000001578
491,69.6070000000166
490,69.61100000001741
489,69.61500000001823
489,69.61900000001904
489,69.62300000001986
490,69.62700000002067
491,69.63100000002149
491,69.6350000000223
491,69.63900000002312
491,69.64300000002393
491,69.64700000002475
491,69.65100000002556
491,69.65500000002638
491,69.65900000002719
491,69.663000000028
491,69.66700000002882
490,69.67100000002964
490,69.67500000003045
490,69.67900000003127
491,69.68300000003208
491,69.6870000000329
492,69.69100000003371
492,69.69500000003453
492,69.69900000003534
492,69.70300000003616
493,69.70700000003697
492,69.71100000003779
492,69.7150000000386
491,69.71900000003941
491,69.72300000004023
490,69.72700000004104
490,69.73100000004186
489,69.73500000004267
489,69.73900000004349
489,69.7430000000443
488,69.74700000004512
488,69.75100000004593
489,69.75500000004675
489,69.75900000004756
490,69.76300000004838
491,69.7670000000492
491,69.77100000005001
490,69.77499999999989
488,69.7790000000007
487,69.78300000000152
488,69.78700000000234
493,69.79100000000315
502,69.79500000000397
514,69.79900000000478
527,69.8030000000056
537,69.80700000000641
537,69.81100000000723
527,69.81500000000804
510,69.81900000000886
492,69.82300000000967
479,69.82700000001049
474,69.8310000000113
477,69.83500000001212
482,69.83900000001293
487,69.84300000001375
490,69.84700000001456
490,69.85100000001538
490,69.85500000001619
490,69.859000000017
490,69.86300000001782
490,69.86700000001863
490,69.87100000001945
490,69.87500000002026
489,69.87900000002108
489,69.8830000000219
489,69.88700000002271
490,69.89100000002352
491,69.89500000002434
492,69.89900000002515
492,69.90300000002597
492,69.90700000002678
492,69.9110000000276
492,69.91500000002841
492,69.91900000002923
493,69.92300000003004
494,69.92700000003086
494,69.93100000003167
493,69.93500000003249
492,69.9390000000333
491,69.94300000003412
491,69.94700000003493
491,69.95100000003575
493,69.95500000003656
495,69.95900000003738
496,69.96300000003819
498,69.96700000003901
498,69.97100000003982
498,69.97500000004064
497,69.97900000004145
497,69.98300000004227
497,69.98700000004308
498,69.9910000000439
499,69.99500000004471
499,69.99900000004553
500,70.00300000004634
500,70.00700000004716
500,70.01100000004797
501,70.01500000004879
501,70.0190000000496
502,70.02300000005042
503,70.02499999999989
504,70.0290000000007
504,70.03300000000152
503,70.03700000000234
503,70.04100000000315
503,70.04500000000397
503,70.04900000000478
503,70.0530000000056
502,70.05700000000641
500,70.06100000000723
498,70.06500000000804
497,70.06900000000886
496,70.07300000000967
495,70.07700000001049
494,70.0810000000113
494,70.08500000001212
493,70.08900000001293
492,70.09300000001375
492,70.09700000001456
491,70.10100000001538
490,70.10500000001619
489,70.109000000017
488,70.11300000001782
488,70.11700000001863
488,70.12100000001945
488,70.12500000002026
488,70.12900000002108
489,70.1330000000219
489,70.13700000002271
489,70.14100000002352
490,70.14500000002434
491,70.14900000002515
491,70.15300000002597
492,70.15700000002678
491,70.1610000000276
490,70.16500000002841
490,70.16900000002923
490,70.17300000003004
490,70.17700000003086
491,70.18100000003167
491,70.18500000003249
491,70.1890000000333
490,70.19300000003412
490,70.19700000003493
490,70.20100000003575
490,70.20500000003656
490,70.20900000003738
490,70.21300000003819
491,70.21700000003901
491,70.22100000003982
491,70.22500000004064
491,70.22900000004145
491,70.23300000004227
491,70.23700000004308
491,70.2410000000439
491,70.24500000004471
491,70.24900000004553
491,70.25300000004634
491,70.25700000004716
491,70.26100000004797
491,70.26500000004879
491,70.2690000000496
491,70.27300000005042
492,70.2770000000003
492,70.28100000000111
492,70.28500000000193
492,70.28900000000274
492,70.29300000000356
493,70.29700000000437
493,70.30100000000519
493,70.305000000006
493,70.30900000000682
492,70.31300000000763
491,70.31700000000845
491,70.32100000000926
490,70.32500000001008
490,70.3290000000109
490,70.33300000001171
490,70.33700000001252
490,70.34100000001334
489,70.34500000001415
489,70.34900000001497
489,70.35300000001578
490,70.3570000000166
490,70.36100000001741
489,70.36500000001823
489,70.36900000001904
489,70.37300000001986
488,70.37700000002067
488,70.38100000002149
487,70.3850000000223
488,70.38900000002312
492,70.39300000002393
501,70.39700000002475
514,70.40100000002556
528,70.40500000002638
538,70.40900000002719
539,70.413000000028
529,70.41700000002882
512,70.42100000002964
494,70.42500000003045
480,70.42900000003127
474,70.43300000003208
475,70.4370000000329
480,70.44100000003371
486,70.44500000003453
489,70.44900000003534
490,70.45300000003616
490,70.45700000003697
489,70.46100000003779
490,70.4650000000386
490,70.46900000003941
491,70.47300000004023
491,70.47700000004104
491,70.48100000004186
491,70.48500000004267
491,70.48900000004349
492,70.4930000000443
492,70.49700000004512
492,70.50100000004593
491,70.50500000004675
491,70.50900000004756
490,70.51300000004838
490,70.5170000000492
490,70.52100000005001
491,70.52500000005082
492,70.5290000000007
494,70.53300000000152
494,70.53700000000234
494,70.54100000000315
494,70.54500000000397
494,70.54900000000478
493,70.5530000000056
493,70.55700000000641
494,70.56100000000723
494,70.56500000000804
495,70.56900000000886
496,70.57300000000967
497,70.57700000001049
497,70.5810000000113
497,70.58500000001212
498,70.58900000001293
499,70.59300000001375
499,70.59700000001456
499,70.60100000001538
499,70.60500000001619
500,70.609000000017
500,70.61300000001782
501,70.61700000001863
502,70.62100000001945
502,70.62500000002026
502,70.62900000002108
503,70.6330000000219
504,70.63700000002271
504,70.64100000002352
505,70.64500000002434
505,70.64900000002515
504,70.65300000002597
502,70.65700000002678
501,70.6610000000276
499,70.66500000002841
498,70.66900000002923
498,70.67300000003004
497,70.67700000003086
496,70.68100000003167
494,70.68500000003249
493,70.6890000000333
492,70.69300000003412
491,70.69700000003493
491,70.70100000003575
491,70.70500000003656
491,70.70900000003738
491,70.71300000003819
491,70.71700000003901
491,70.72100000003982
491,70.72500000004064
490,70.72900000004145
490,70.73300000004227
490,70.73700000004308
490,70.7410000000439
489,70.74500000004471
489,70.74900000004553
489,70.75300000004634
489,70.75700000004716
489,70.76100000004797
490,70.76500000004879
490,70.7690000000496
491,70.77300000005042
491,70.77700000005123
491,70.78100000000111
491,70.78500000000193
491,70.78900000000274
491,70.79300000000356
491,70.79700000000437
491,70.80100000000519
492,70.805000000006
492,70.80900000000682
492,70.81300000000763
492,70.81700000000845
491,70.82100000000926
491,70.82500000001008
491,70.8290000000109
491,70.83300000001171
491,70.83700000001252
491,70.84100000001334
491,70.84500000001415
492,70.84900000001497
492,70.85300000001578
492,70.8570000000166
492,70.86100000001741
492,70.86500000001823
491,70.86900000001904
491,70.87300000001986
491,70.87700000002067
491,70.88100000002149
492,70.8850000000223
492,70.88900000002312
492,70.89300000002393
492,70.89700000002475
492,70.90100000002556
492,70.90500000002638
492,70.90900000002719
492,70.913000000028
492,70.91700000002882
492,70.92100000002964
492,70.92500000003045
493,70.92900000003127
493,70.93300000003208
493,70.9370000000329
493,70.94100000003371
492,70.94500000003453
492,70.94900000003534
491,70.95300000003616
491,70.95700000003697
491,70.96100000003779
491,70.9650000000386
491,70.96900000003941
491,70.97300000004023
491,70.97700000004104
490,70.98100000004186
490,70.98500000004267
491,70.98900000004349
491,70.9930000000443
492,70.99700000004512
492,71.00100000004593
491,71.00500000004675
490,71.00900000004756
489,71.01300000004838
490,71.0170000000492
494,71.02100000005001
504,71.02500000005082
517,71.02900000005164
531,71.03399999999809
540,71.0379999999989
539,71.04199999999972
528,71.04600000000053
510,71.05000000000135
492,71.05400000000216
480,71.05800000000298
477,71.06200000000379
480,71.0660000000046
486,71.07000000000542
490,71.07400000000624
492,71.07800000000705
492,71.08200000000787
492,71.08600000000868
492,71.0900000000095
492,71.09400000001031
493,71.09800000001113
492,71.10200000001194
492,71.10600000001276
492,71.11000000001357
492,71.11400000001439
492,71.1180000000152
493,71.12200000001602
493,71.12600000001683
493,71.13000000001765
493,71.13400000001846
493,71.13800000001928
493,71.14200000002009
493,71.1460000000209
493,71.15000000002172
493,71.15400000002253
494,71.15800000002335
495,71.16200000002416
495,71.16600000002498
495,71.1700000000258
495,71.17400000002661
495,71.17800000002742
496,71.18200000002824
496,71.18600000002905
497,71.19000000002987
498,71.19400000003068
498,71.1980000000315
498,71.20200000003231
499,71.20600000003313
500,71.21000000003394
500,71.21400000003476
501,71.21800000003557
501,71.22200000003639
501,71.2260000000372
502,71.23000000003802
502,71.23400000003883
503,71.23800000003965
504,71.24200000004046
505,71.24600000004128
506,71.25000000004209
506,71.25400000004291
506,71.25800000004372
506,71.26200000004454
506,71.26600000004535
506,71.27000000004617
507,71.27400000004698
507,71.2780000000478
507,71.28200000004861
506,71.2859999999985
505,71.28999999999931
504,71.29400000000012
502,71.29800000000094
500,71.30200000000175
498,71.30600000000257
496,71.31000000000338
495,71.3140000000042
494,71.31800000000501
494,71.32200000000583
494,71.32600000000664
493,71.33000000000746
493,71.33400000000827
492,71.33800000000909
491,71.3420000000099
490,71.34600000001072
490,71.35000000001153
490,71.35400000001235
491,71.35800000001316
492,71.36200000001398
492,71.3660000000148
492,71.37000000001561
492,71.37400000001642
492,71.37800000001724
491,71.38200000001805
491,71.38600000001887
491,71.39000000001968
491,71.3940000000205
492,71.39800000002131
493,71.40200000002213
493,71.40600000002294
493,71.41000000002376
492,71.41400000002457
492,71.41800000002539
492,71.4220000000262
492,71.42600000002702
492,71.43000000002783
492,71.43400000002865
492,71.43800000002946
492,71.44200000003028
492,71.44600000003109
492,71.4500000000319
493,71.45400000003272
493,71.45800000003354
493,71.46200000003435
492,71.46600000003517
492,71.47000000003598
492,71.4740000000368
492,71.47800000003761
492,71.48200000003843
492,71.48600000003924
493,71.49000000004006
493,71.49400000004087
493,71.49800000004169
493,71.5020000000425
493,71.50600000004331
493,71.51000000004413
493,71.51400000004494
492,71.51800000004576
492,71.52200000004657
492,71.52600000004739
493,71.5300000000482
493,71.53400000004902
494,71.5379999999989
494,71.54199999999972
494,71.54600000000053
494,71.55000000000135
493,71.55400000000216
492,71.55800000000298
492,71.56200000000379
492,71.5660000000046
492,71.57000000000542
493,71.57400000000624
492,71.57800000000705
492,71.58200000000787
492,71.58600000000868
491,71.5900000000095
491,71.59400000001031
491,71.59800000001113
491,71.60200000001194
491,71.60600000001276
492,71.61000000001357
493,71.61400000001439
493,71.6180000000152
491,71.62200000001602
489,71.62600000001683
489,71.63000000001765
491,71.63400000001846
498,71.63800000001928
511,71.64200000002009
525,71.6460000000209
538,71.65000000002172
544,71.65400000002253
538,71.65800000002335
523,71.66200000002416
504,71.66600000002498
488,71.6700000000258
479,71.67400000002661
479,71.67800000002742
483,71.68200000002824
489,71.68600000002905
492,71.69000000002987
493,71.69400000003068
493,71.6980000000315
492,71.70200000003231
492,71.70600000003313
492,71.71000000003394
492,71.71400000003476
493,71.71800000003557
493,71.72200000003639
493,71.7260000000372
493,71.73000000003802
493,71.73400000003883
493,71.73800000003965
493,71.74200000004046
493,71.74600000004128
493,71.75000000004209
494,71.75400000004291
494,71.75800000004372
494,71.76200000004454
494,71.76600000004535
494,71.77000000004617
494,71.77400000004698
495,71.7780000000478
495,71.78200000004861
495,71.78600000004943
495,71.78999999999931
496,71.79400000000012
496,71.79800000000094
496,71.80200000000175
497,71.80600000000257
498,71.81000000000338
498,71.8140000000042
498,71.81800000000501
498,71.82200000000583
499,71.82600000000664
499,71.83000000000746
500,71.83400000000827
502,71.83800000000909
503,71.8420000000099
503,71.84600000001072
503,71.85000000001153
503,71.85400000001235
503,71.85800000001316
504,71.86200000001398
505,71.8660000000148
506,71.87000000001561
507,71.87400000001642
507,71.87800000001724
508,71.88200000001805
507,71.88600000001887
507,71.89000000001968
506,71.8940000000205
506,71.89800000002131
505,71.90200000002213
503,71.90600000002294
502,71.91000000002376
500,71.91400000002457
498,71.91800000002539
497,71.9220000000262
497,71.92600000002702
496,71.93000000002783
495,71.93400000002865
494,71.93800000002946
493,71.94200000003028
492,71.94600000003109
491,71.9500000000319
490,71.95400000003272
490,71.95800000003354
490,71.96200000003435
490,71.96600000003517
491,71.97000000003598
492,71.9740000000368
492,71.97800000003761
492,71.98200000003843
491,71.98600000003924
491,71.99000000004006
491,71.99400000004087
492,71.99800000004169
492,72.0020000000425
492,72.00600000004331
492,72.01000000004413
492,72.01400000004494
492,72.01800000004576
491,72.02200000004657
491,72.02600000004739
491,72.0300000000482
491,72.03400000004902
491,72.03800000004983
492,72.04199999999972
492,72.04600000000053
492,72.05000000000135
491,72.05400000000216
491,72.05800000000298
491,72.06200000000379
492,72.0660000000046
493,72.07000000000542
493,72.07400000000624
493,72.07800000000705
493,72.08200000000787
492,72.08600000000868
492,72.0900000000095
492,72.09400000001031
492,72.09800000001113
492,72.10200000001194
492,72.10600000001276
491,72.11000000001357
491,72.11400000001439
491,72.1180000000152
491,72.12200000001602
491,72.12600000001683
492,72.13000000001765
492,72.13400000001846
492,72.13800000001928
492,72.14200000002009
492,72.1460000000209
492,72.15000000002172
493,72.15400000002253
493,72.15800000002335
493,72.16200000002416
493,72.16600000002498
493,72.1700000000258
493,72.17400000002661
493,72.17800000002742
493,72.18200000002824
492,72.18600000002905
492,72.19000000002987
491,72.19400000003068
491,72.1980000000315
491,72.20200000003231
492,72.20600000003313
492,72.21000000003394
492,72.21400000003476
492,72.21800000003557
492,72.22200000003639
491,72.2260000000372
491,72.23000000003802
492,72.23400000003883
492,72.23800000003965
492,72.24200000004046
492,72.24600000004128
491,72.25000000004209
490,72.25400000004291
489,72.25800000004372
490,72.26200000004454
496,72.26600000004535
506,72.27000000004617
520,72.27400000004698
534,72.2780000000478
542,72.28200000004861
540,72.28600000004943
528,72.29000000005024
510,72.29400000000012
492,72.29800000000094
481,72.30200000000175
478,72.30600000000257
481,72.31000000000338
486,72.3140000000042
491,72.31800000000501
493,72.32200000000583
493,72.32600000000664
493,72.33000000000746
493,72.33400000000827
492,72.33800000000909
492,72.3420000000099
492,72.34600000001072
492,72.35000000001153
492,72.35400000001235
492,72.35800000001316
493,72.36200000001398
493,72.3660000000148
493,72.37000000001561
493,72.37400000001642
493,72.37800000001724
493,72.38200000001805
493,72.38600000001887
493,72.39000000001968
493,72.3940000000205
494,72.39800000002131
494,72.40200000002213
495,72.40600000002294
495,72.41000000002376
496,72.41400000002457
496,72.41800000002539
496,72.4220000000262
496,72.42600000002702
496,72.43000000002783
497,72.43400000002865
497,72.43800000002946
497,72.44200000003028
497,72.44600000003109
498,72.4500000000319
499,72.45400000003272
500,72.45800000003354
501,72.46200000003435
502,72.46600000003517
502,72.47000000003598
502,72.4740000000368
503,72.47800000003761
504,72.48200000003843
504,72.48600000003924
505,72.49000000004006
505,72.49400000004087
506,72.49800000004169
506,72.5020000000425
507,72.50600000004331
507,72.51000000004413
507,72.51400000004494
507,72.51800000004576
507,72.52200000004657
506,72.52600000004739
506,72.5300000000482
505,72.53400000004902
503,72.53800000004983
501,72.54200000005065
499,72.54600000000053
498,72.55000000000135
497,72.55400000000216
496,72.55800000000298
495,72.56200000000379
494,72.5660000000046
493,72.57000000000542
492,72.57400000000624
492,72.57800000000705
492,72.58200000000787
491,72.58600000000868
491,72.5900000000095
491,72.59400000001031
490,72.59800000001113
490,72.60200000001194
491,72.60600000001276
491,72.61000000001357
492,72.61400000001439
491,72.6180000000152
491,72.62200000001602
491,72.62600000001683
491,72.63000000001765
491,72.63400000001846
491,72.63800000001928
492,72.64200000002009
492,72.6460000000209
492,72.65000000002172
492,72.65400000002253
492,72.65800000002335
492,72.66200000002416
492,72.66600000002498
492,72.6700000000258
492,72.67400000002661
492,72.67800000002742
492,72.68200000002824
492,72.68600000002905
492,72.69000000002987
492,72.69400000003068
492,72.6980000000315
492,72.70200000003231
491,72.70600000003313
491,72.71000000003394
491,72.71400000003476
491,72.71800000003557
491,72.72200000003639
491,72.7260000000372
491,72.73000000003802
492,72.73400000003883
492,72.73800000003965
493,72.74200000004046
493,72.74600000004128
492,72.75000000004209
492,72.75400000004291
492,72.75800000004372
492,72.76200000004454
492,72.76600000004535
492,72.77000000004617
492,72.77400000004698
492,72.7780000000478
492,72.78200000004861
492,72.78600000004943
492,72.79000000005024
492,72.79400000005106
492,72.79800000000094
491,72.80200000000175
491,72.80600000000257
492,72.81000000000338
493,72.8140000000042
494,72.81800000000501
494,72.82200000000583
495,72.82600000000664
494,72.83000000000746
494,72.83400000000827
493,72.83800000000909
492,72.8420000000099
491,72.84600000001072
491,72.85000000001153
491,72.85400000001235
492,72.85800000001316
492,72.86200000001398
491,72.8660000000148
491,72.87000000001561
491,72.87400000001642
491,72.87800000001724
491,72.88200000001805
491,72.88600000001887
492,72.89000000001968
492,72.8940000000205
491,72.89800000002131
490,72.90200000002213
490,72.90600000002294
493,72.91000000002376
501,72.91400000002457
513,72.91800000002539
528,72.9220000000262
539,72.92600000002702
542,72.93000000002783
534,72.93400000002865
517,72.93800000002946
497,72.94200000003028
482,72.94600000003109
475,72.9500000000319
477,72.95400000003272
483,72.95800000003354
490,72.96200000003435
494,72.96600000003517
494,72.97000000003598
494,72.9740000000368
493,72.97800000003761
492,72.98200000003843
492,72.98600000003924
492,72.99000000004006
493,72.99400000004087
493,72.99800000004169
493,73.0020000000425
493,73.00600000004331
492,73.01000000004413
492,73.01400000004494
492,73.01800000004576
492,73.02200000004657
492,73.02600000004739
492,73.0300000000482
493,73.03400000004902
494,73.03800000004983
495,73.04200000005065
495,73.04600000005146
495,73.0489999999975
495,73.05299999999832
495,73.05699999999914
495,73.06099999999995
495,73.06500000000077
496,73.06900000000158
496,73.0730000000024
497,73.07700000000321
497,73.08100000000402
497,73.08500000000484
498,73.08900000000565
498,73.09300000000647
499,73.09700000000728
500,73.1010000000081
500,73.10500000000891
501,73.10900000000973
501,73.11300000001054
502,73.11700000001136
503,73.12100000001217
503,73.12500000001299
503,73.1290000000138
503,73.13300000001462
504,73.13700000001543
504,73.14100000001625
505,73.14500000001706
507,73.14900000001788
508,73.1530000000187
508,73.15700000001951
508,73.16100000002032
507,73.16500000002114
507,73.16900000002195
506,73.17300000002277
505,73.17700000002358
504,73.1810000000244
502,73.18500000002521
501,73.18900000002603
499,73.19300000002684
498,73.19700000002766
496,73.20100000002847
495,73.20500000002929
493,73.2090000000301
492,73.21300000003092
491,73.21700000003173
491,73.22100000003255
492,73.22500000003336
492,73.22900000003418
492,73.23300000003499
492,73.2370000000358
491,73.24100000003662
491,73.24500000003744
491,73.24900000003825
491,73.25300000003907
491,73.25700000003988
491,73.2610000000407
491,73.26500000004151
491,73.26900000004233
491,73.27300000004314
492,73.27700000004396
492,73.28100000004477
492,73.28500000004559
492,73.2890000000464
492,73.29300000004721
492,73.29700000004803
